solid defender_ep0189_v4_flush_one_piece
 facet normal 0 0 -1
  outer loop
   vertex 142.445 32.05 0
   vertex 138.3143 33.07661 0
   vertex 142.2432 34.09845 0
  endloop
 endfacet
 facet normal -0 0 -1
  outer loop
   vertex 142.445 32.05 0
   vertex 138.445 31.75 0
   vertex 138.3143 33.07661 0
  endloop
 endfacet
 facet normal 0 0 1
  outer loop
   vertex 142.445 32.05 3
   vertex 142.2432 34.09845 3
   vertex 138.3143 33.07661 3
  endloop
 endfacet
 facet normal 0 0 1
  outer loop
   vertex 142.445 32.05 3
   vertex 138.3143 33.07661 3
   vertex 138.445 31.75 3
  endloop
 endfacet
 facet normal 0.9951847 0.09801714 0
  outer loop
   vertex 142.445 32.05 0
   vertex 142.2432 34.09845 0
   vertex 142.2432 34.09845 3
  endloop
 endfacet
 facet normal 0.9951847 0.09801714 -0
  outer loop
   vertex 142.445 32.05 0
   vertex 142.2432 34.09845 3
   vertex 142.445 32.05 3
  endloop
 endfacet
 facet normal -0.9951847 -0.09801714 0
  outer loop
   vertex 138.445 31.75 0
   vertex 138.3143 33.07661 3
   vertex 138.3143 33.07661 0
  endloop
 endfacet
 facet normal -0.9951847 -0.09801714 0
  outer loop
   vertex 138.445 31.75 0
   vertex 138.445 31.75 3
   vertex 138.3143 33.07661 3
  endloop
 endfacet
 facet normal 0 0 -1
  outer loop
   vertex 142.2432 34.09845 0
   vertex 137.9274 34.35225 0
   vertex 141.6457 36.06818 0
  endloop
 endfacet
 facet normal -0 0 -1
  outer loop
   vertex 142.2432 34.09845 0
   vertex 138.3143 33.07661 0
   vertex 137.9274 34.35225 0
  endloop
 endfacet
 facet normal 0 0 1
  outer loop
   vertex 142.2432 34.09845 3
   vertex 141.6457 36.06818 3
   vertex 137.9274 34.35225 3
  endloop
 endfacet
 facet normal 0 0 1
  outer loop
   vertex 142.2432 34.09845 3
   vertex 137.9274 34.35225 3
   vertex 138.3143 33.07661 3
  endloop
 endfacet
 facet normal 0.9569403 0.2902847 0
  outer loop
   vertex 142.2432 34.09845 0
   vertex 141.6457 36.06818 0
   vertex 141.6457 36.06818 3
  endloop
 endfacet
 facet normal 0.9569403 0.2902847 -0
  outer loop
   vertex 142.2432 34.09845 0
   vertex 141.6457 36.06818 3
   vertex 142.2432 34.09845 3
  endloop
 endfacet
 facet normal -0.9569403 -0.2902847 0
  outer loop
   vertex 138.3143 33.07661 0
   vertex 137.9274 34.35225 3
   vertex 137.9274 34.35225 0
  endloop
 endfacet
 facet normal -0.9569403 -0.2902847 0
  outer loop
   vertex 138.3143 33.07661 0
   vertex 138.3143 33.07661 3
   vertex 137.9274 34.35225 3
  endloop
 endfacet
 facet normal -0 0 -1
  outer loop
   vertex 141.6457 36.06818 0
   vertex 137.299 35.52788 0
   vertex 140.6754 37.88349 0
  endloop
 endfacet
 facet normal 0 0 -1
  outer loop
   vertex 141.6457 36.06818 0
   vertex 137.9274 34.35225 0
   vertex 137.299 35.52788 0
  endloop
 endfacet
 facet normal 0 0 1
  outer loop
   vertex 141.6457 36.06818 3
   vertex 140.6754 37.88349 3
   vertex 137.299 35.52788 3
  endloop
 endfacet
 facet normal 0 0 1
  outer loop
   vertex 141.6457 36.06818 3
   vertex 137.299 35.52788 3
   vertex 137.9274 34.35225 3
  endloop
 endfacet
 facet normal 0.8819213 0.4713967 0
  outer loop
   vertex 141.6457 36.06818 0
   vertex 140.6754 37.88349 0
   vertex 140.6754 37.88349 3
  endloop
 endfacet
 facet normal 0.8819213 0.4713967 -0
  outer loop
   vertex 141.6457 36.06818 0
   vertex 140.6754 37.88349 3
   vertex 141.6457 36.06818 3
  endloop
 endfacet
 facet normal -0.8819213 -0.4713967 0
  outer loop
   vertex 137.9274 34.35225 0
   vertex 137.299 35.52788 3
   vertex 137.299 35.52788 0
  endloop
 endfacet
 facet normal -0.8819213 -0.4713967 0
  outer loop
   vertex 137.9274 34.35225 0
   vertex 137.9274 34.35225 3
   vertex 137.299 35.52788 3
  endloop
 endfacet
 facet normal -0 0 -1
  outer loop
   vertex 140.6754 37.88349 0
   vertex 136.4533 36.55833 0
   vertex 139.3696 39.47462 0
  endloop
 endfacet
 facet normal 0 0 -1
  outer loop
   vertex 140.6754 37.88349 0
   vertex 137.299 35.52788 0
   vertex 136.4533 36.55833 0
  endloop
 endfacet
 facet normal 0 0 1
  outer loop
   vertex 140.6754 37.88349 3
   vertex 139.3696 39.47462 3
   vertex 136.4533 36.55833 3
  endloop
 endfacet
 facet normal 0 0 1
  outer loop
   vertex 140.6754 37.88349 3
   vertex 136.4533 36.55833 3
   vertex 137.299 35.52788 3
  endloop
 endfacet
 facet normal 0.7730105 0.6343933 0
  outer loop
   vertex 140.6754 37.88349 0
   vertex 139.3696 39.47462 0
   vertex 139.3696 39.47462 3
  endloop
 endfacet
 facet normal 0.7730105 0.6343933 -0
  outer loop
   vertex 140.6754 37.88349 0
   vertex 139.3696 39.47462 3
   vertex 140.6754 37.88349 3
  endloop
 endfacet
 facet normal -0.7730105 -0.6343933 0
  outer loop
   vertex 137.299 35.52788 0
   vertex 136.4533 36.55833 3
   vertex 136.4533 36.55833 0
  endloop
 endfacet
 facet normal -0.7730105 -0.6343933 0
  outer loop
   vertex 137.299 35.52788 0
   vertex 137.299 35.52788 3
   vertex 136.4533 36.55833 3
  endloop
 endfacet
 facet normal -0 0 -1
  outer loop
   vertex 139.3696 39.47462 0
   vertex 135.4229 37.40399 0
   vertex 137.7785 40.78043 0
  endloop
 endfacet
 facet normal 0 0 -1
  outer loop
   vertex 139.3696 39.47462 0
   vertex 136.4533 36.55833 0
   vertex 135.4229 37.40399 0
  endloop
 endfacet
 facet normal 0 0 1
  outer loop
   vertex 139.3696 39.47462 3
   vertex 137.7785 40.78043 3
   vertex 135.4229 37.40399 3
  endloop
 endfacet
 facet normal 0 0 1
  outer loop
   vertex 139.3696 39.47462 3
   vertex 135.4229 37.40399 3
   vertex 136.4533 36.55833 3
  endloop
 endfacet
 facet normal 0.6343933 0.7730105 0
  outer loop
   vertex 139.3696 39.47462 0
   vertex 137.7785 40.78043 0
   vertex 137.7785 40.78043 3
  endloop
 endfacet
 facet normal 0.6343933 0.7730105 -0
  outer loop
   vertex 139.3696 39.47462 0
   vertex 137.7785 40.78043 3
   vertex 139.3696 39.47462 3
  endloop
 endfacet
 facet normal -0.6343933 -0.7730105 0
  outer loop
   vertex 136.4533 36.55833 0
   vertex 135.4229 37.40399 3
   vertex 135.4229 37.40399 0
  endloop
 endfacet
 facet normal -0.6343933 -0.7730105 0
  outer loop
   vertex 136.4533 36.55833 0
   vertex 136.4533 36.55833 3
   vertex 135.4229 37.40399 3
  endloop
 endfacet
 facet normal -0 0 -1
  outer loop
   vertex 137.7785 40.78043 0
   vertex 134.2472 38.03238 0
   vertex 135.9632 41.75074 0
  endloop
 endfacet
 facet normal 0 0 -1
  outer loop
   vertex 137.7785 40.78043 0
   vertex 135.4229 37.40399 0
   vertex 134.2472 38.03238 0
  endloop
 endfacet
 facet normal 0 0 1
  outer loop
   vertex 137.7785 40.78043 3
   vertex 135.9632 41.75074 3
   vertex 134.2472 38.03238 3
  endloop
 endfacet
 facet normal 0 0 1
  outer loop
   vertex 137.7785 40.78043 3
   vertex 134.2472 38.03238 3
   vertex 135.4229 37.40399 3
  endloop
 endfacet
 facet normal 0.4713967 0.8819213 0
  outer loop
   vertex 137.7785 40.78043 0
   vertex 135.9632 41.75074 0
   vertex 135.9632 41.75074 3
  endloop
 endfacet
 facet normal 0.4713967 0.8819213 -0
  outer loop
   vertex 137.7785 40.78043 0
   vertex 135.9632 41.75074 3
   vertex 137.7785 40.78043 3
  endloop
 endfacet
 facet normal -0.4713967 -0.8819213 0
  outer loop
   vertex 135.4229 37.40399 0
   vertex 134.2472 38.03238 3
   vertex 134.2472 38.03238 0
  endloop
 endfacet
 facet normal -0.4713967 -0.8819213 0
  outer loop
   vertex 135.4229 37.40399 0
   vertex 135.4229 37.40399 3
   vertex 134.2472 38.03238 3
  endloop
 endfacet
 facet normal -0 0 -1
  outer loop
   vertex 135.9632 41.75074 0
   vertex 132.9716 38.41934 0
   vertex 133.9934 42.34825 0
  endloop
 endfacet
 facet normal 0 0 -1
  outer loop
   vertex 135.9632 41.75074 0
   vertex 134.2472 38.03238 0
   vertex 132.9716 38.41934 0
  endloop
 endfacet
 facet normal 0 0 1
  outer loop
   vertex 135.9632 41.75074 3
   vertex 133.9934 42.34825 3
   vertex 132.9716 38.41934 3
  endloop
 endfacet
 facet normal 0 0 1
  outer loop
   vertex 135.9632 41.75074 3
   vertex 132.9716 38.41934 3
   vertex 134.2472 38.03238 3
  endloop
 endfacet
 facet normal 0.2902847 0.9569403 0
  outer loop
   vertex 135.9632 41.75074 0
   vertex 133.9934 42.34825 0
   vertex 133.9934 42.34825 3
  endloop
 endfacet
 facet normal 0.2902847 0.9569403 -0
  outer loop
   vertex 135.9632 41.75074 0
   vertex 133.9934 42.34825 3
   vertex 135.9632 41.75074 3
  endloop
 endfacet
 facet normal -0.2902847 -0.9569403 0
  outer loop
   vertex 134.2472 38.03238 0
   vertex 132.9716 38.41934 3
   vertex 132.9716 38.41934 0
  endloop
 endfacet
 facet normal -0.2902847 -0.9569403 0
  outer loop
   vertex 134.2472 38.03238 0
   vertex 134.2472 38.03238 3
   vertex 132.9716 38.41934 3
  endloop
 endfacet
 facet normal -0 0 -1
  outer loop
   vertex 133.9934 42.34825 0
   vertex 131.645 38.55 0
   vertex 131.945 42.55 0
  endloop
 endfacet
 facet normal 0 0 -1
  outer loop
   vertex 133.9934 42.34825 0
   vertex 132.9716 38.41934 0
   vertex 131.645 38.55 0
  endloop
 endfacet
 facet normal 0 0 1
  outer loop
   vertex 133.9934 42.34825 3
   vertex 131.945 42.55 3
   vertex 131.645 38.55 3
  endloop
 endfacet
 facet normal 0 0 1
  outer loop
   vertex 133.9934 42.34825 3
   vertex 131.645 38.55 3
   vertex 132.9716 38.41934 3
  endloop
 endfacet
 facet normal 0.09801714 0.9951847 0
  outer loop
   vertex 133.9934 42.34825 0
   vertex 131.945 42.55 0
   vertex 131.945 42.55 3
  endloop
 endfacet
 facet normal 0.09801714 0.9951847 -0
  outer loop
   vertex 133.9934 42.34825 0
   vertex 131.945 42.55 3
   vertex 133.9934 42.34825 3
  endloop
 endfacet
 facet normal -0.09801714 -0.9951847 0
  outer loop
   vertex 132.9716 38.41934 0
   vertex 131.645 38.55 3
   vertex 131.645 38.55 0
  endloop
 endfacet
 facet normal -0.09801714 -0.9951847 0
  outer loop
   vertex 132.9716 38.41934 0
   vertex 132.9716 38.41934 3
   vertex 131.645 38.55 3
  endloop
 endfacet
 facet normal -0 0 -1
  outer loop
   vertex 131.945 42.55 0
   vertex -131.645 38.55 0
   vertex -131.945 42.55 0
  endloop
 endfacet
 facet normal 0 0 -1
  outer loop
   vertex 131.945 42.55 0
   vertex 131.645 38.55 0
   vertex -131.645 38.55 0
  endloop
 endfacet
 facet normal 0 0 1
  outer loop
   vertex 131.945 42.55 3
   vertex -131.945 42.55 3
   vertex -131.645 38.55 3
  endloop
 endfacet
 facet normal 0 0 1
  outer loop
   vertex 131.945 42.55 3
   vertex -131.645 38.55 3
   vertex 131.645 38.55 3
  endloop
 endfacet
 facet normal 0 1 0
  outer loop
   vertex 131.945 42.55 0
   vertex -131.945 42.55 0
   vertex -131.945 42.55 3
  endloop
 endfacet
 facet normal 0 1 -0
  outer loop
   vertex 131.945 42.55 0
   vertex -131.945 42.55 3
   vertex 131.945 42.55 3
  endloop
 endfacet
 facet normal 0 -1 0
  outer loop
   vertex 131.645 38.55 0
   vertex -131.645 38.55 3
   vertex -131.645 38.55 0
  endloop
 endfacet
 facet normal 0 -1 0
  outer loop
   vertex 131.645 38.55 0
   vertex 131.645 38.55 3
   vertex -131.645 38.55 3
  endloop
 endfacet
 facet normal 0 0 -1
  outer loop
   vertex -131.945 42.55 0
   vertex -132.9716 38.41934 0
   vertex -133.9934 42.34825 0
  endloop
 endfacet
 facet normal 0 -0 -1
  outer loop
   vertex -131.945 42.55 0
   vertex -131.645 38.55 0
   vertex -132.9716 38.41934 0
  endloop
 endfacet
 facet normal 0 0 1
  outer loop
   vertex -131.945 42.55 3
   vertex -133.9934 42.34825 3
   vertex -132.9716 38.41934 3
  endloop
 endfacet
 facet normal 0 0 1
  outer loop
   vertex -131.945 42.55 3
   vertex -132.9716 38.41934 3
   vertex -131.645 38.55 3
  endloop
 endfacet
 facet normal -0.09801714 0.9951847 0
  outer loop
   vertex -131.945 42.55 0
   vertex -133.9934 42.34825 0
   vertex -133.9934 42.34825 3
  endloop
 endfacet
 facet normal -0.09801714 0.9951847 0
  outer loop
   vertex -131.945 42.55 0
   vertex -133.9934 42.34825 3
   vertex -131.945 42.55 3
  endloop
 endfacet
 facet normal 0.09801714 -0.9951847 0
  outer loop
   vertex -131.645 38.55 0
   vertex -132.9716 38.41934 3
   vertex -132.9716 38.41934 0
  endloop
 endfacet
 facet normal 0.09801714 -0.9951847 0
  outer loop
   vertex -131.645 38.55 0
   vertex -131.645 38.55 3
   vertex -132.9716 38.41934 3
  endloop
 endfacet
 facet normal 0 0 -1
  outer loop
   vertex -133.9934 42.34825 0
   vertex -134.2472 38.03238 0
   vertex -135.9632 41.75074 0
  endloop
 endfacet
 facet normal 0 -0 -1
  outer loop
   vertex -133.9934 42.34825 0
   vertex -132.9716 38.41934 0
   vertex -134.2472 38.03238 0
  endloop
 endfacet
 facet normal 0 0 1
  outer loop
   vertex -133.9934 42.34825 3
   vertex -135.9632 41.75074 3
   vertex -134.2472 38.03238 3
  endloop
 endfacet
 facet normal 0 0 1
  outer loop
   vertex -133.9934 42.34825 3
   vertex -134.2472 38.03238 3
   vertex -132.9716 38.41934 3
  endloop
 endfacet
 facet normal -0.2902847 0.9569403 0
  outer loop
   vertex -133.9934 42.34825 0
   vertex -135.9632 41.75074 0
   vertex -135.9632 41.75074 3
  endloop
 endfacet
 facet normal -0.2902847 0.9569403 0
  outer loop
   vertex -133.9934 42.34825 0
   vertex -135.9632 41.75074 3
   vertex -133.9934 42.34825 3
  endloop
 endfacet
 facet normal 0.2902847 -0.9569403 0
  outer loop
   vertex -132.9716 38.41934 0
   vertex -134.2472 38.03238 3
   vertex -134.2472 38.03238 0
  endloop
 endfacet
 facet normal 0.2902847 -0.9569403 0
  outer loop
   vertex -132.9716 38.41934 0
   vertex -132.9716 38.41934 3
   vertex -134.2472 38.03238 3
  endloop
 endfacet
 facet normal 0 -0 -1
  outer loop
   vertex -135.9632 41.75074 0
   vertex -135.4229 37.40399 0
   vertex -137.7785 40.78043 0
  endloop
 endfacet
 facet normal 0 0 -1
  outer loop
   vertex -135.9632 41.75074 0
   vertex -134.2472 38.03238 0
   vertex -135.4229 37.40399 0
  endloop
 endfacet
 facet normal 0 0 1
  outer loop
   vertex -135.9632 41.75074 3
   vertex -137.7785 40.78043 3
   vertex -135.4229 37.40399 3
  endloop
 endfacet
 facet normal 0 0 1
  outer loop
   vertex -135.9632 41.75074 3
   vertex -135.4229 37.40399 3
   vertex -134.2472 38.03238 3
  endloop
 endfacet
 facet normal -0.4713967 0.8819213 0
  outer loop
   vertex -135.9632 41.75074 0
   vertex -137.7785 40.78043 0
   vertex -137.7785 40.78043 3
  endloop
 endfacet
 facet normal -0.4713967 0.8819213 0
  outer loop
   vertex -135.9632 41.75074 0
   vertex -137.7785 40.78043 3
   vertex -135.9632 41.75074 3
  endloop
 endfacet
 facet normal 0.4713967 -0.8819213 0
  outer loop
   vertex -134.2472 38.03238 0
   vertex -135.4229 37.40399 3
   vertex -135.4229 37.40399 0
  endloop
 endfacet
 facet normal 0.4713967 -0.8819213 0
  outer loop
   vertex -134.2472 38.03238 0
   vertex -134.2472 38.03238 3
   vertex -135.4229 37.40399 3
  endloop
 endfacet
 facet normal 0 -0 -1
  outer loop
   vertex -137.7785 40.78043 0
   vertex -136.4533 36.55833 0
   vertex -139.3696 39.47462 0
  endloop
 endfacet
 facet normal 0 0 -1
  outer loop
   vertex -137.7785 40.78043 0
   vertex -135.4229 37.40399 0
   vertex -136.4533 36.55833 0
  endloop
 endfacet
 facet normal 0 0 1
  outer loop
   vertex -137.7785 40.78043 3
   vertex -139.3696 39.47462 3
   vertex -136.4533 36.55833 3
  endloop
 endfacet
 facet normal 0 0 1
  outer loop
   vertex -137.7785 40.78043 3
   vertex -136.4533 36.55833 3
   vertex -135.4229 37.40399 3
  endloop
 endfacet
 facet normal -0.6343933 0.7730105 0
  outer loop
   vertex -137.7785 40.78043 0
   vertex -139.3696 39.47462 0
   vertex -139.3696 39.47462 3
  endloop
 endfacet
 facet normal -0.6343933 0.7730105 0
  outer loop
   vertex -137.7785 40.78043 0
   vertex -139.3696 39.47462 3
   vertex -137.7785 40.78043 3
  endloop
 endfacet
 facet normal 0.6343933 -0.7730105 0
  outer loop
   vertex -135.4229 37.40399 0
   vertex -136.4533 36.55833 3
   vertex -136.4533 36.55833 0
  endloop
 endfacet
 facet normal 0.6343933 -0.7730105 0
  outer loop
   vertex -135.4229 37.40399 0
   vertex -135.4229 37.40399 3
   vertex -136.4533 36.55833 3
  endloop
 endfacet
 facet normal 0 -0 -1
  outer loop
   vertex -139.3696 39.47462 0
   vertex -137.299 35.52788 0
   vertex -140.6754 37.88349 0
  endloop
 endfacet
 facet normal 0 0 -1
  outer loop
   vertex -139.3696 39.47462 0
   vertex -136.4533 36.55833 0
   vertex -137.299 35.52788 0
  endloop
 endfacet
 facet normal 0 0 1
  outer loop
   vertex -139.3696 39.47462 3
   vertex -140.6754 37.88349 3
   vertex -137.299 35.52788 3
  endloop
 endfacet
 facet normal 0 0 1
  outer loop
   vertex -139.3696 39.47462 3
   vertex -137.299 35.52788 3
   vertex -136.4533 36.55833 3
  endloop
 endfacet
 facet normal -0.7730105 0.6343933 0
  outer loop
   vertex -139.3696 39.47462 0
   vertex -140.6754 37.88349 0
   vertex -140.6754 37.88349 3
  endloop
 endfacet
 facet normal -0.7730105 0.6343933 0
  outer loop
   vertex -139.3696 39.47462 0
   vertex -140.6754 37.88349 3
   vertex -139.3696 39.47462 3
  endloop
 endfacet
 facet normal 0.7730105 -0.6343933 0
  outer loop
   vertex -136.4533 36.55833 0
   vertex -137.299 35.52788 3
   vertex -137.299 35.52788 0
  endloop
 endfacet
 facet normal 0.7730105 -0.6343933 0
  outer loop
   vertex -136.4533 36.55833 0
   vertex -136.4533 36.55833 3
   vertex -137.299 35.52788 3
  endloop
 endfacet
 facet normal 0 -0 -1
  outer loop
   vertex -140.6754 37.88349 0
   vertex -137.9274 34.35225 0
   vertex -141.6457 36.06818 0
  endloop
 endfacet
 facet normal 0 0 -1
  outer loop
   vertex -140.6754 37.88349 0
   vertex -137.299 35.52788 0
   vertex -137.9274 34.35225 0
  endloop
 endfacet
 facet normal 0 0 1
  outer loop
   vertex -140.6754 37.88349 3
   vertex -141.6457 36.06818 3
   vertex -137.9274 34.35225 3
  endloop
 endfacet
 facet normal 0 0 1
  outer loop
   vertex -140.6754 37.88349 3
   vertex -137.9274 34.35225 3
   vertex -137.299 35.52788 3
  endloop
 endfacet
 facet normal -0.8819213 0.4713967 0
  outer loop
   vertex -140.6754 37.88349 0
   vertex -141.6457 36.06818 0
   vertex -141.6457 36.06818 3
  endloop
 endfacet
 facet normal -0.8819213 0.4713967 0
  outer loop
   vertex -140.6754 37.88349 0
   vertex -141.6457 36.06818 3
   vertex -140.6754 37.88349 3
  endloop
 endfacet
 facet normal 0.8819213 -0.4713967 0
  outer loop
   vertex -137.299 35.52788 0
   vertex -137.9274 34.35225 3
   vertex -137.9274 34.35225 0
  endloop
 endfacet
 facet normal 0.8819213 -0.4713967 0
  outer loop
   vertex -137.299 35.52788 0
   vertex -137.299 35.52788 3
   vertex -137.9274 34.35225 3
  endloop
 endfacet
 facet normal 0 -0 -1
  outer loop
   vertex -141.6457 36.06818 0
   vertex -138.3143 33.07661 0
   vertex -142.2432 34.09845 0
  endloop
 endfacet
 facet normal 0 0 -1
  outer loop
   vertex -141.6457 36.06818 0
   vertex -137.9274 34.35225 0
   vertex -138.3143 33.07661 0
  endloop
 endfacet
 facet normal 0 0 1
  outer loop
   vertex -141.6457 36.06818 3
   vertex -142.2432 34.09845 3
   vertex -138.3143 33.07661 3
  endloop
 endfacet
 facet normal 0 0 1
  outer loop
   vertex -141.6457 36.06818 3
   vertex -138.3143 33.07661 3
   vertex -137.9274 34.35225 3
  endloop
 endfacet
 facet normal -0.9569403 0.2902847 0
  outer loop
   vertex -141.6457 36.06818 0
   vertex -142.2432 34.09845 0
   vertex -142.2432 34.09845 3
  endloop
 endfacet
 facet normal -0.9569403 0.2902847 0
  outer loop
   vertex -141.6457 36.06818 0
   vertex -142.2432 34.09845 3
   vertex -141.6457 36.06818 3
  endloop
 endfacet
 facet normal 0.9569403 -0.2902847 0
  outer loop
   vertex -137.9274 34.35225 0
   vertex -138.3143 33.07661 3
   vertex -138.3143 33.07661 0
  endloop
 endfacet
 facet normal 0.9569403 -0.2902847 0
  outer loop
   vertex -137.9274 34.35225 0
   vertex -137.9274 34.35225 3
   vertex -138.3143 33.07661 3
  endloop
 endfacet
 facet normal 0 -0 -1
  outer loop
   vertex -142.2432 34.09845 0
   vertex -138.445 31.75 0
   vertex -142.445 32.05 0
  endloop
 endfacet
 facet normal 0 0 -1
  outer loop
   vertex -142.2432 34.09845 0
   vertex -138.3143 33.07661 0
   vertex -138.445 31.75 0
  endloop
 endfacet
 facet normal 0 0 1
  outer loop
   vertex -142.2432 34.09845 3
   vertex -142.445 32.05 3
   vertex -138.445 31.75 3
  endloop
 endfacet
 facet normal 0 0 1
  outer loop
   vertex -142.2432 34.09845 3
   vertex -138.445 31.75 3
   vertex -138.3143 33.07661 3
  endloop
 endfacet
 facet normal -0.9951847 0.09801714 0
  outer loop
   vertex -142.2432 34.09845 0
   vertex -142.445 32.05 0
   vertex -142.445 32.05 3
  endloop
 endfacet
 facet normal -0.9951847 0.09801714 0
  outer loop
   vertex -142.2432 34.09845 0
   vertex -142.445 32.05 3
   vertex -142.2432 34.09845 3
  endloop
 endfacet
 facet normal 0.9951847 -0.09801714 0
  outer loop
   vertex -138.3143 33.07661 0
   vertex -138.445 31.75 3
   vertex -138.445 31.75 0
  endloop
 endfacet
 facet normal 0.9951847 -0.09801714 0
  outer loop
   vertex -138.3143 33.07661 0
   vertex -138.3143 33.07661 3
   vertex -138.445 31.75 3
  endloop
 endfacet
 facet normal 0 0 -1
  outer loop
   vertex -142.445 32.05 0
   vertex -138.445 -31.75 0
   vertex -142.445 -32.05 0
  endloop
 endfacet
 facet normal 0 0 -1
  outer loop
   vertex -142.445 32.05 0
   vertex -138.445 31.75 0
   vertex -138.445 -31.75 0
  endloop
 endfacet
 facet normal 0 0 1
  outer loop
   vertex -142.445 32.05 3
   vertex -142.445 -32.05 3
   vertex -138.445 -31.75 3
  endloop
 endfacet
 facet normal 0 0 1
  outer loop
   vertex -142.445 32.05 3
   vertex -138.445 -31.75 3
   vertex -138.445 31.75 3
  endloop
 endfacet
 facet normal -1 0 0
  outer loop
   vertex -142.445 32.05 0
   vertex -142.445 -32.05 0
   vertex -142.445 -32.05 3
  endloop
 endfacet
 facet normal -1 0 0
  outer loop
   vertex -142.445 32.05 0
   vertex -142.445 -32.05 3
   vertex -142.445 32.05 3
  endloop
 endfacet
 facet normal 1 0 0
  outer loop
   vertex -138.445 31.75 0
   vertex -138.445 -31.75 3
   vertex -138.445 -31.75 0
  endloop
 endfacet
 facet normal 1 0 -0
  outer loop
   vertex -138.445 31.75 0
   vertex -138.445 31.75 3
   vertex -138.445 -31.75 3
  endloop
 endfacet
 facet normal 0 0 -1
  outer loop
   vertex -142.445 -32.05 0
   vertex -138.3143 -33.07661 0
   vertex -142.2432 -34.09845 0
  endloop
 endfacet
 facet normal 0 0 -1
  outer loop
   vertex -142.445 -32.05 0
   vertex -138.445 -31.75 0
   vertex -138.3143 -33.07661 0
  endloop
 endfacet
 facet normal 0 0 1
  outer loop
   vertex -142.445 -32.05 3
   vertex -142.2432 -34.09845 3
   vertex -138.3143 -33.07661 3
  endloop
 endfacet
 facet normal -0 0 1
  outer loop
   vertex -142.445 -32.05 3
   vertex -138.3143 -33.07661 3
   vertex -138.445 -31.75 3
  endloop
 endfacet
 facet normal -0.9951847 -0.09801714 0
  outer loop
   vertex -142.445 -32.05 0
   vertex -142.2432 -34.09845 0
   vertex -142.2432 -34.09845 3
  endloop
 endfacet
 facet normal -0.9951847 -0.09801714 0
  outer loop
   vertex -142.445 -32.05 0
   vertex -142.2432 -34.09845 3
   vertex -142.445 -32.05 3
  endloop
 endfacet
 facet normal 0.9951847 0.09801714 0
  outer loop
   vertex -138.445 -31.75 0
   vertex -138.3143 -33.07661 3
   vertex -138.3143 -33.07661 0
  endloop
 endfacet
 facet normal 0.9951847 0.09801714 -0
  outer loop
   vertex -138.445 -31.75 0
   vertex -138.445 -31.75 3
   vertex -138.3143 -33.07661 3
  endloop
 endfacet
 facet normal 0 0 -1
  outer loop
   vertex -142.2432 -34.09845 0
   vertex -137.9274 -34.35225 0
   vertex -141.6457 -36.06818 0
  endloop
 endfacet
 facet normal 0 0 -1
  outer loop
   vertex -142.2432 -34.09845 0
   vertex -138.3143 -33.07661 0
   vertex -137.9274 -34.35225 0
  endloop
 endfacet
 facet normal 0 0 1
  outer loop
   vertex -142.2432 -34.09845 3
   vertex -141.6457 -36.06818 3
   vertex -137.9274 -34.35225 3
  endloop
 endfacet
 facet normal -0 0 1
  outer loop
   vertex -142.2432 -34.09845 3
   vertex -137.9274 -34.35225 3
   vertex -138.3143 -33.07661 3
  endloop
 endfacet
 facet normal -0.9569403 -0.2902847 0
  outer loop
   vertex -142.2432 -34.09845 0
   vertex -141.6457 -36.06818 0
   vertex -141.6457 -36.06818 3
  endloop
 endfacet
 facet normal -0.9569403 -0.2902847 0
  outer loop
   vertex -142.2432 -34.09845 0
   vertex -141.6457 -36.06818 3
   vertex -142.2432 -34.09845 3
  endloop
 endfacet
 facet normal 0.9569403 0.2902847 0
  outer loop
   vertex -138.3143 -33.07661 0
   vertex -137.9274 -34.35225 3
   vertex -137.9274 -34.35225 0
  endloop
 endfacet
 facet normal 0.9569403 0.2902847 -0
  outer loop
   vertex -138.3143 -33.07661 0
   vertex -138.3143 -33.07661 3
   vertex -137.9274 -34.35225 3
  endloop
 endfacet
 facet normal 0 0 -1
  outer loop
   vertex -141.6457 -36.06818 0
   vertex -137.299 -35.52788 0
   vertex -140.6754 -37.88349 0
  endloop
 endfacet
 facet normal 0 0 -1
  outer loop
   vertex -141.6457 -36.06818 0
   vertex -137.9274 -34.35225 0
   vertex -137.299 -35.52788 0
  endloop
 endfacet
 facet normal -0 0 1
  outer loop
   vertex -141.6457 -36.06818 3
   vertex -140.6754 -37.88349 3
   vertex -137.299 -35.52788 3
  endloop
 endfacet
 facet normal 0 0 1
  outer loop
   vertex -141.6457 -36.06818 3
   vertex -137.299 -35.52788 3
   vertex -137.9274 -34.35225 3
  endloop
 endfacet
 facet normal -0.8819213 -0.4713967 0
  outer loop
   vertex -141.6457 -36.06818 0
   vertex -140.6754 -37.88349 0
   vertex -140.6754 -37.88349 3
  endloop
 endfacet
 facet normal -0.8819213 -0.4713967 0
  outer loop
   vertex -141.6457 -36.06818 0
   vertex -140.6754 -37.88349 3
   vertex -141.6457 -36.06818 3
  endloop
 endfacet
 facet normal 0.8819213 0.4713967 0
  outer loop
   vertex -137.9274 -34.35225 0
   vertex -137.299 -35.52788 3
   vertex -137.299 -35.52788 0
  endloop
 endfacet
 facet normal 0.8819213 0.4713967 -0
  outer loop
   vertex -137.9274 -34.35225 0
   vertex -137.9274 -34.35225 3
   vertex -137.299 -35.52788 3
  endloop
 endfacet
 facet normal 0 0 -1
  outer loop
   vertex -140.6754 -37.88349 0
   vertex -136.4533 -36.55833 0
   vertex -139.3696 -39.47462 0
  endloop
 endfacet
 facet normal 0 0 -1
  outer loop
   vertex -140.6754 -37.88349 0
   vertex -137.299 -35.52788 0
   vertex -136.4533 -36.55833 0
  endloop
 endfacet
 facet normal -0 0 1
  outer loop
   vertex -140.6754 -37.88349 3
   vertex -139.3696 -39.47462 3
   vertex -136.4533 -36.55833 3
  endloop
 endfacet
 facet normal 0 0 1
  outer loop
   vertex -140.6754 -37.88349 3
   vertex -136.4533 -36.55833 3
   vertex -137.299 -35.52788 3
  endloop
 endfacet
 facet normal -0.7730105 -0.6343933 0
  outer loop
   vertex -140.6754 -37.88349 0
   vertex -139.3696 -39.47462 0
   vertex -139.3696 -39.47462 3
  endloop
 endfacet
 facet normal -0.7730105 -0.6343933 0
  outer loop
   vertex -140.6754 -37.88349 0
   vertex -139.3696 -39.47462 3
   vertex -140.6754 -37.88349 3
  endloop
 endfacet
 facet normal 0.7730105 0.6343933 0
  outer loop
   vertex -137.299 -35.52788 0
   vertex -136.4533 -36.55833 3
   vertex -136.4533 -36.55833 0
  endloop
 endfacet
 facet normal 0.7730105 0.6343933 -0
  outer loop
   vertex -137.299 -35.52788 0
   vertex -137.299 -35.52788 3
   vertex -136.4533 -36.55833 3
  endloop
 endfacet
 facet normal 0 0 -1
  outer loop
   vertex -139.3696 -39.47462 0
   vertex -135.4229 -37.40399 0
   vertex -137.7785 -40.78043 0
  endloop
 endfacet
 facet normal 0 0 -1
  outer loop
   vertex -139.3696 -39.47462 0
   vertex -136.4533 -36.55833 0
   vertex -135.4229 -37.40399 0
  endloop
 endfacet
 facet normal -0 0 1
  outer loop
   vertex -139.3696 -39.47462 3
   vertex -137.7785 -40.78043 3
   vertex -135.4229 -37.40399 3
  endloop
 endfacet
 facet normal 0 0 1
  outer loop
   vertex -139.3696 -39.47462 3
   vertex -135.4229 -37.40399 3
   vertex -136.4533 -36.55833 3
  endloop
 endfacet
 facet normal -0.6343933 -0.7730105 0
  outer loop
   vertex -139.3696 -39.47462 0
   vertex -137.7785 -40.78043 0
   vertex -137.7785 -40.78043 3
  endloop
 endfacet
 facet normal -0.6343933 -0.7730105 0
  outer loop
   vertex -139.3696 -39.47462 0
   vertex -137.7785 -40.78043 3
   vertex -139.3696 -39.47462 3
  endloop
 endfacet
 facet normal 0.6343933 0.7730105 0
  outer loop
   vertex -136.4533 -36.55833 0
   vertex -135.4229 -37.40399 3
   vertex -135.4229 -37.40399 0
  endloop
 endfacet
 facet normal 0.6343933 0.7730105 -0
  outer loop
   vertex -136.4533 -36.55833 0
   vertex -136.4533 -36.55833 3
   vertex -135.4229 -37.40399 3
  endloop
 endfacet
 facet normal 0 0 -1
  outer loop
   vertex -137.7785 -40.78043 0
   vertex -134.2472 -38.03238 0
   vertex -135.9632 -41.75074 0
  endloop
 endfacet
 facet normal 0 0 -1
  outer loop
   vertex -137.7785 -40.78043 0
   vertex -135.4229 -37.40399 0
   vertex -134.2472 -38.03238 0
  endloop
 endfacet
 facet normal -0 0 1
  outer loop
   vertex -137.7785 -40.78043 3
   vertex -135.9632 -41.75074 3
   vertex -134.2472 -38.03238 3
  endloop
 endfacet
 facet normal 0 0 1
  outer loop
   vertex -137.7785 -40.78043 3
   vertex -134.2472 -38.03238 3
   vertex -135.4229 -37.40399 3
  endloop
 endfacet
 facet normal -0.4713967 -0.8819213 0
  outer loop
   vertex -137.7785 -40.78043 0
   vertex -135.9632 -41.75074 0
   vertex -135.9632 -41.75074 3
  endloop
 endfacet
 facet normal -0.4713967 -0.8819213 0
  outer loop
   vertex -137.7785 -40.78043 0
   vertex -135.9632 -41.75074 3
   vertex -137.7785 -40.78043 3
  endloop
 endfacet
 facet normal 0.4713967 0.8819213 0
  outer loop
   vertex -135.4229 -37.40399 0
   vertex -134.2472 -38.03238 3
   vertex -134.2472 -38.03238 0
  endloop
 endfacet
 facet normal 0.4713967 0.8819213 -0
  outer loop
   vertex -135.4229 -37.40399 0
   vertex -135.4229 -37.40399 3
   vertex -134.2472 -38.03238 3
  endloop
 endfacet
 facet normal 0 0 -1
  outer loop
   vertex -135.9632 -41.75074 0
   vertex -132.9716 -38.41934 0
   vertex -133.9934 -42.34825 0
  endloop
 endfacet
 facet normal 0 0 -1
  outer loop
   vertex -135.9632 -41.75074 0
   vertex -134.2472 -38.03238 0
   vertex -132.9716 -38.41934 0
  endloop
 endfacet
 facet normal -0 0 1
  outer loop
   vertex -135.9632 -41.75074 3
   vertex -133.9934 -42.34825 3
   vertex -132.9716 -38.41934 3
  endloop
 endfacet
 facet normal 0 0 1
  outer loop
   vertex -135.9632 -41.75074 3
   vertex -132.9716 -38.41934 3
   vertex -134.2472 -38.03238 3
  endloop
 endfacet
 facet normal -0.2902847 -0.9569403 0
  outer loop
   vertex -135.9632 -41.75074 0
   vertex -133.9934 -42.34825 0
   vertex -133.9934 -42.34825 3
  endloop
 endfacet
 facet normal -0.2902847 -0.9569403 0
  outer loop
   vertex -135.9632 -41.75074 0
   vertex -133.9934 -42.34825 3
   vertex -135.9632 -41.75074 3
  endloop
 endfacet
 facet normal 0.2902847 0.9569403 0
  outer loop
   vertex -134.2472 -38.03238 0
   vertex -132.9716 -38.41934 3
   vertex -132.9716 -38.41934 0
  endloop
 endfacet
 facet normal 0.2902847 0.9569403 -0
  outer loop
   vertex -134.2472 -38.03238 0
   vertex -134.2472 -38.03238 3
   vertex -132.9716 -38.41934 3
  endloop
 endfacet
 facet normal 0 0 -1
  outer loop
   vertex -133.9934 -42.34825 0
   vertex -131.645 -38.55 0
   vertex -131.945 -42.55 0
  endloop
 endfacet
 facet normal 0 0 -1
  outer loop
   vertex -133.9934 -42.34825 0
   vertex -132.9716 -38.41934 0
   vertex -131.645 -38.55 0
  endloop
 endfacet
 facet normal -0 0 1
  outer loop
   vertex -133.9934 -42.34825 3
   vertex -131.945 -42.55 3
   vertex -131.645 -38.55 3
  endloop
 endfacet
 facet normal 0 0 1
  outer loop
   vertex -133.9934 -42.34825 3
   vertex -131.645 -38.55 3
   vertex -132.9716 -38.41934 3
  endloop
 endfacet
 facet normal -0.09801714 -0.9951847 0
  outer loop
   vertex -133.9934 -42.34825 0
   vertex -131.945 -42.55 0
   vertex -131.945 -42.55 3
  endloop
 endfacet
 facet normal -0.09801714 -0.9951847 0
  outer loop
   vertex -133.9934 -42.34825 0
   vertex -131.945 -42.55 3
   vertex -133.9934 -42.34825 3
  endloop
 endfacet
 facet normal 0.09801714 0.9951847 0
  outer loop
   vertex -132.9716 -38.41934 0
   vertex -131.645 -38.55 3
   vertex -131.645 -38.55 0
  endloop
 endfacet
 facet normal 0.09801714 0.9951847 -0
  outer loop
   vertex -132.9716 -38.41934 0
   vertex -132.9716 -38.41934 3
   vertex -131.645 -38.55 3
  endloop
 endfacet
 facet normal 0 0 -1
  outer loop
   vertex -131.945 -42.55 0
   vertex 131.645 -38.55 0
   vertex 131.945 -42.55 0
  endloop
 endfacet
 facet normal 0 0 -1
  outer loop
   vertex -131.945 -42.55 0
   vertex -131.645 -38.55 0
   vertex 131.645 -38.55 0
  endloop
 endfacet
 facet normal 0 0 1
  outer loop
   vertex -131.945 -42.55 3
   vertex 131.945 -42.55 3
   vertex 131.645 -38.55 3
  endloop
 endfacet
 facet normal 0 0 1
  outer loop
   vertex -131.945 -42.55 3
   vertex 131.645 -38.55 3
   vertex -131.645 -38.55 3
  endloop
 endfacet
 facet normal 0 -1 0
  outer loop
   vertex -131.945 -42.55 0
   vertex 131.945 -42.55 0
   vertex 131.945 -42.55 3
  endloop
 endfacet
 facet normal 0 -1 0
  outer loop
   vertex -131.945 -42.55 0
   vertex 131.945 -42.55 3
   vertex -131.945 -42.55 3
  endloop
 endfacet
 facet normal 0 1 0
  outer loop
   vertex -131.645 -38.55 0
   vertex 131.645 -38.55 3
   vertex 131.645 -38.55 0
  endloop
 endfacet
 facet normal 0 1 0
  outer loop
   vertex -131.645 -38.55 0
   vertex -131.645 -38.55 3
   vertex 131.645 -38.55 3
  endloop
 endfacet
 facet normal 0 0 -1
  outer loop
   vertex 131.945 -42.55 0
   vertex 132.9716 -38.41934 0
   vertex 133.9934 -42.34825 0
  endloop
 endfacet
 facet normal 0 0 -1
  outer loop
   vertex 131.945 -42.55 0
   vertex 131.645 -38.55 0
   vertex 132.9716 -38.41934 0
  endloop
 endfacet
 facet normal 0 0 1
  outer loop
   vertex 131.945 -42.55 3
   vertex 133.9934 -42.34825 3
   vertex 132.9716 -38.41934 3
  endloop
 endfacet
 facet normal 0 -0 1
  outer loop
   vertex 131.945 -42.55 3
   vertex 132.9716 -38.41934 3
   vertex 131.645 -38.55 3
  endloop
 endfacet
 facet normal 0.09801714 -0.9951847 0
  outer loop
   vertex 131.945 -42.55 0
   vertex 133.9934 -42.34825 0
   vertex 133.9934 -42.34825 3
  endloop
 endfacet
 facet normal 0.09801714 -0.9951847 0
  outer loop
   vertex 131.945 -42.55 0
   vertex 133.9934 -42.34825 3
   vertex 131.945 -42.55 3
  endloop
 endfacet
 facet normal -0.09801714 0.9951847 0
  outer loop
   vertex 131.645 -38.55 0
   vertex 132.9716 -38.41934 3
   vertex 132.9716 -38.41934 0
  endloop
 endfacet
 facet normal -0.09801714 0.9951847 0
  outer loop
   vertex 131.645 -38.55 0
   vertex 131.645 -38.55 3
   vertex 132.9716 -38.41934 3
  endloop
 endfacet
 facet normal 0 0 -1
  outer loop
   vertex 133.9934 -42.34825 0
   vertex 134.2472 -38.03238 0
   vertex 135.9632 -41.75074 0
  endloop
 endfacet
 facet normal 0 0 -1
  outer loop
   vertex 133.9934 -42.34825 0
   vertex 132.9716 -38.41934 0
   vertex 134.2472 -38.03238 0
  endloop
 endfacet
 facet normal 0 0 1
  outer loop
   vertex 133.9934 -42.34825 3
   vertex 135.9632 -41.75074 3
   vertex 134.2472 -38.03238 3
  endloop
 endfacet
 facet normal 0 -0 1
  outer loop
   vertex 133.9934 -42.34825 3
   vertex 134.2472 -38.03238 3
   vertex 132.9716 -38.41934 3
  endloop
 endfacet
 facet normal 0.2902847 -0.9569403 0
  outer loop
   vertex 133.9934 -42.34825 0
   vertex 135.9632 -41.75074 0
   vertex 135.9632 -41.75074 3
  endloop
 endfacet
 facet normal 0.2902847 -0.9569403 0
  outer loop
   vertex 133.9934 -42.34825 0
   vertex 135.9632 -41.75074 3
   vertex 133.9934 -42.34825 3
  endloop
 endfacet
 facet normal -0.2902847 0.9569403 0
  outer loop
   vertex 132.9716 -38.41934 0
   vertex 134.2472 -38.03238 3
   vertex 134.2472 -38.03238 0
  endloop
 endfacet
 facet normal -0.2902847 0.9569403 0
  outer loop
   vertex 132.9716 -38.41934 0
   vertex 132.9716 -38.41934 3
   vertex 134.2472 -38.03238 3
  endloop
 endfacet
 facet normal 0 0 -1
  outer loop
   vertex 135.9632 -41.75074 0
   vertex 135.4229 -37.40399 0
   vertex 137.7785 -40.78043 0
  endloop
 endfacet
 facet normal 0 0 -1
  outer loop
   vertex 135.9632 -41.75074 0
   vertex 134.2472 -38.03238 0
   vertex 135.4229 -37.40399 0
  endloop
 endfacet
 facet normal 0 -0 1
  outer loop
   vertex 135.9632 -41.75074 3
   vertex 137.7785 -40.78043 3
   vertex 135.4229 -37.40399 3
  endloop
 endfacet
 facet normal 0 0 1
  outer loop
   vertex 135.9632 -41.75074 3
   vertex 135.4229 -37.40399 3
   vertex 134.2472 -38.03238 3
  endloop
 endfacet
 facet normal 0.4713967 -0.8819213 0
  outer loop
   vertex 135.9632 -41.75074 0
   vertex 137.7785 -40.78043 0
   vertex 137.7785 -40.78043 3
  endloop
 endfacet
 facet normal 0.4713967 -0.8819213 0
  outer loop
   vertex 135.9632 -41.75074 0
   vertex 137.7785 -40.78043 3
   vertex 135.9632 -41.75074 3
  endloop
 endfacet
 facet normal -0.4713967 0.8819213 0
  outer loop
   vertex 134.2472 -38.03238 0
   vertex 135.4229 -37.40399 3
   vertex 135.4229 -37.40399 0
  endloop
 endfacet
 facet normal -0.4713967 0.8819213 0
  outer loop
   vertex 134.2472 -38.03238 0
   vertex 134.2472 -38.03238 3
   vertex 135.4229 -37.40399 3
  endloop
 endfacet
 facet normal 0 0 -1
  outer loop
   vertex 137.7785 -40.78043 0
   vertex 136.4533 -36.55833 0
   vertex 139.3696 -39.47462 0
  endloop
 endfacet
 facet normal 0 0 -1
  outer loop
   vertex 137.7785 -40.78043 0
   vertex 135.4229 -37.40399 0
   vertex 136.4533 -36.55833 0
  endloop
 endfacet
 facet normal 0 -0 1
  outer loop
   vertex 137.7785 -40.78043 3
   vertex 139.3696 -39.47462 3
   vertex 136.4533 -36.55833 3
  endloop
 endfacet
 facet normal 0 0 1
  outer loop
   vertex 137.7785 -40.78043 3
   vertex 136.4533 -36.55833 3
   vertex 135.4229 -37.40399 3
  endloop
 endfacet
 facet normal 0.6343933 -0.7730105 0
  outer loop
   vertex 137.7785 -40.78043 0
   vertex 139.3696 -39.47462 0
   vertex 139.3696 -39.47462 3
  endloop
 endfacet
 facet normal 0.6343933 -0.7730105 0
  outer loop
   vertex 137.7785 -40.78043 0
   vertex 139.3696 -39.47462 3
   vertex 137.7785 -40.78043 3
  endloop
 endfacet
 facet normal -0.6343933 0.7730105 0
  outer loop
   vertex 135.4229 -37.40399 0
   vertex 136.4533 -36.55833 3
   vertex 136.4533 -36.55833 0
  endloop
 endfacet
 facet normal -0.6343933 0.7730105 0
  outer loop
   vertex 135.4229 -37.40399 0
   vertex 135.4229 -37.40399 3
   vertex 136.4533 -36.55833 3
  endloop
 endfacet
 facet normal 0 0 -1
  outer loop
   vertex 139.3696 -39.47462 0
   vertex 137.299 -35.52788 0
   vertex 140.6754 -37.88349 0
  endloop
 endfacet
 facet normal 0 0 -1
  outer loop
   vertex 139.3696 -39.47462 0
   vertex 136.4533 -36.55833 0
   vertex 137.299 -35.52788 0
  endloop
 endfacet
 facet normal 0 -0 1
  outer loop
   vertex 139.3696 -39.47462 3
   vertex 140.6754 -37.88349 3
   vertex 137.299 -35.52788 3
  endloop
 endfacet
 facet normal 0 0 1
  outer loop
   vertex 139.3696 -39.47462 3
   vertex 137.299 -35.52788 3
   vertex 136.4533 -36.55833 3
  endloop
 endfacet
 facet normal 0.7730105 -0.6343933 0
  outer loop
   vertex 139.3696 -39.47462 0
   vertex 140.6754 -37.88349 0
   vertex 140.6754 -37.88349 3
  endloop
 endfacet
 facet normal 0.7730105 -0.6343933 0
  outer loop
   vertex 139.3696 -39.47462 0
   vertex 140.6754 -37.88349 3
   vertex 139.3696 -39.47462 3
  endloop
 endfacet
 facet normal -0.7730105 0.6343933 0
  outer loop
   vertex 136.4533 -36.55833 0
   vertex 137.299 -35.52788 3
   vertex 137.299 -35.52788 0
  endloop
 endfacet
 facet normal -0.7730105 0.6343933 0
  outer loop
   vertex 136.4533 -36.55833 0
   vertex 136.4533 -36.55833 3
   vertex 137.299 -35.52788 3
  endloop
 endfacet
 facet normal 0 0 -1
  outer loop
   vertex 140.6754 -37.88349 0
   vertex 137.9274 -34.35225 0
   vertex 141.6457 -36.06818 0
  endloop
 endfacet
 facet normal 0 0 -1
  outer loop
   vertex 140.6754 -37.88349 0
   vertex 137.299 -35.52788 0
   vertex 137.9274 -34.35225 0
  endloop
 endfacet
 facet normal 0 -0 1
  outer loop
   vertex 140.6754 -37.88349 3
   vertex 141.6457 -36.06818 3
   vertex 137.9274 -34.35225 3
  endloop
 endfacet
 facet normal 0 0 1
  outer loop
   vertex 140.6754 -37.88349 3
   vertex 137.9274 -34.35225 3
   vertex 137.299 -35.52788 3
  endloop
 endfacet
 facet normal 0.8819213 -0.4713967 0
  outer loop
   vertex 140.6754 -37.88349 0
   vertex 141.6457 -36.06818 0
   vertex 141.6457 -36.06818 3
  endloop
 endfacet
 facet normal 0.8819213 -0.4713967 0
  outer loop
   vertex 140.6754 -37.88349 0
   vertex 141.6457 -36.06818 3
   vertex 140.6754 -37.88349 3
  endloop
 endfacet
 facet normal -0.8819213 0.4713967 0
  outer loop
   vertex 137.299 -35.52788 0
   vertex 137.9274 -34.35225 3
   vertex 137.9274 -34.35225 0
  endloop
 endfacet
 facet normal -0.8819213 0.4713967 0
  outer loop
   vertex 137.299 -35.52788 0
   vertex 137.299 -35.52788 3
   vertex 137.9274 -34.35225 3
  endloop
 endfacet
 facet normal 0 0 -1
  outer loop
   vertex 141.6457 -36.06818 0
   vertex 138.3143 -33.07661 0
   vertex 142.2432 -34.09845 0
  endloop
 endfacet
 facet normal 0 0 -1
  outer loop
   vertex 141.6457 -36.06818 0
   vertex 137.9274 -34.35225 0
   vertex 138.3143 -33.07661 0
  endloop
 endfacet
 facet normal 0 -0 1
  outer loop
   vertex 141.6457 -36.06818 3
   vertex 142.2432 -34.09845 3
   vertex 138.3143 -33.07661 3
  endloop
 endfacet
 facet normal 0 0 1
  outer loop
   vertex 141.6457 -36.06818 3
   vertex 138.3143 -33.07661 3
   vertex 137.9274 -34.35225 3
  endloop
 endfacet
 facet normal 0.9569403 -0.2902847 0
  outer loop
   vertex 141.6457 -36.06818 0
   vertex 142.2432 -34.09845 0
   vertex 142.2432 -34.09845 3
  endloop
 endfacet
 facet normal 0.9569403 -0.2902847 0
  outer loop
   vertex 141.6457 -36.06818 0
   vertex 142.2432 -34.09845 3
   vertex 141.6457 -36.06818 3
  endloop
 endfacet
 facet normal -0.9569403 0.2902847 0
  outer loop
   vertex 137.9274 -34.35225 0
   vertex 138.3143 -33.07661 3
   vertex 138.3143 -33.07661 0
  endloop
 endfacet
 facet normal -0.9569403 0.2902847 0
  outer loop
   vertex 137.9274 -34.35225 0
   vertex 137.9274 -34.35225 3
   vertex 138.3143 -33.07661 3
  endloop
 endfacet
 facet normal 0 0 -1
  outer loop
   vertex 142.2432 -34.09845 0
   vertex 138.445 -31.75 0
   vertex 142.445 -32.05 0
  endloop
 endfacet
 facet normal 0 0 -1
  outer loop
   vertex 142.2432 -34.09845 0
   vertex 138.3143 -33.07661 0
   vertex 138.445 -31.75 0
  endloop
 endfacet
 facet normal 0 -0 1
  outer loop
   vertex 142.2432 -34.09845 3
   vertex 142.445 -32.05 3
   vertex 138.445 -31.75 3
  endloop
 endfacet
 facet normal 0 0 1
  outer loop
   vertex 142.2432 -34.09845 3
   vertex 138.445 -31.75 3
   vertex 138.3143 -33.07661 3
  endloop
 endfacet
 facet normal 0.9951847 -0.09801714 0
  outer loop
   vertex 142.2432 -34.09845 0
   vertex 142.445 -32.05 0
   vertex 142.445 -32.05 3
  endloop
 endfacet
 facet normal 0.9951847 -0.09801714 0
  outer loop
   vertex 142.2432 -34.09845 0
   vertex 142.445 -32.05 3
   vertex 142.2432 -34.09845 3
  endloop
 endfacet
 facet normal -0.9951847 0.09801714 0
  outer loop
   vertex 138.3143 -33.07661 0
   vertex 138.445 -31.75 3
   vertex 138.445 -31.75 0
  endloop
 endfacet
 facet normal -0.9951847 0.09801714 0
  outer loop
   vertex 138.3143 -33.07661 0
   vertex 138.3143 -33.07661 3
   vertex 138.445 -31.75 3
  endloop
 endfacet
 facet normal 0 0 -1
  outer loop
   vertex 142.445 -32.05 0
   vertex 138.445 31.75 0
   vertex 142.445 32.05 0
  endloop
 endfacet
 facet normal 0 0 -1
  outer loop
   vertex 142.445 -32.05 0
   vertex 138.445 -31.75 0
   vertex 138.445 31.75 0
  endloop
 endfacet
 facet normal 0 -0 1
  outer loop
   vertex 142.445 -32.05 3
   vertex 142.445 32.05 3
   vertex 138.445 31.75 3
  endloop
 endfacet
 facet normal 0 0 1
  outer loop
   vertex 142.445 -32.05 3
   vertex 138.445 31.75 3
   vertex 138.445 -31.75 3
  endloop
 endfacet
 facet normal 1 0 0
  outer loop
   vertex 142.445 -32.05 0
   vertex 142.445 32.05 0
   vertex 142.445 32.05 3
  endloop
 endfacet
 facet normal 1 0 0
  outer loop
   vertex 142.445 -32.05 0
   vertex 142.445 32.05 3
   vertex 142.445 -32.05 3
  endloop
 endfacet
 facet normal -1 0 0
  outer loop
   vertex 138.445 -31.75 0
   vertex 138.445 31.75 3
   vertex 138.445 31.75 0
  endloop
 endfacet
 facet normal -1 0 0
  outer loop
   vertex 138.445 -31.75 0
   vertex 138.445 -31.75 3
   vertex 138.445 31.75 3
  endloop
 endfacet
 facet normal 0 0 -1
  outer loop
   vertex -142.445 38.55 3
   vertex 142.445 42.55 3
   vertex 142.445 38.55 3
  endloop
 endfacet
 facet normal 0 0 -1
  outer loop
   vertex -142.445 38.55 3
   vertex -142.445 42.55 3
   vertex 142.445 42.55 3
  endloop
 endfacet
 facet normal 0 0 1
  outer loop
   vertex -142.445 38.55 17.5
   vertex 142.445 38.55 17.5
   vertex 142.445 42.55 17.5
  endloop
 endfacet
 facet normal 0 0 1
  outer loop
   vertex -142.445 38.55 17.5
   vertex 142.445 42.55 17.5
   vertex -142.445 42.55 17.5
  endloop
 endfacet
 facet normal 0 -1 0
  outer loop
   vertex -142.445 38.55 3
   vertex 142.445 38.55 3
   vertex 142.445 38.55 17.5
  endloop
 endfacet
 facet normal 0 -1 0
  outer loop
   vertex -142.445 38.55 3
   vertex 142.445 38.55 17.5
   vertex -142.445 38.55 17.5
  endloop
 endfacet
 facet normal 1 0 0
  outer loop
   vertex 142.445 38.55 3
   vertex 142.445 42.55 3
   vertex 142.445 42.55 17.5
  endloop
 endfacet
 facet normal 1 0 0
  outer loop
   vertex 142.445 38.55 3
   vertex 142.445 42.55 17.5
   vertex 142.445 38.55 17.5
  endloop
 endfacet
 facet normal 0 1 0
  outer loop
   vertex 142.445 42.55 3
   vertex -142.445 42.55 3
   vertex -142.445 42.55 17.5
  endloop
 endfacet
 facet normal 0 1 -0
  outer loop
   vertex 142.445 42.55 3
   vertex -142.445 42.55 17.5
   vertex 142.445 42.55 17.5
  endloop
 endfacet
 facet normal -1 0 0
  outer loop
   vertex -142.445 42.55 3
   vertex -142.445 38.55 3
   vertex -142.445 38.55 17.5
  endloop
 endfacet
 facet normal -1 0 0
  outer loop
   vertex -142.445 42.55 3
   vertex -142.445 38.55 17.5
   vertex -142.445 42.55 17.5
  endloop
 endfacet
 facet normal 0 0 -1
  outer loop
   vertex -142.445 -42.55 3
   vertex 142.445 -38.55 3
   vertex 142.445 -42.55 3
  endloop
 endfacet
 facet normal 0 0 -1
  outer loop
   vertex -142.445 -42.55 3
   vertex -142.445 -38.55 3
   vertex 142.445 -38.55 3
  endloop
 endfacet
 facet normal 0 0 1
  outer loop
   vertex -142.445 -42.55 17.5
   vertex 142.445 -42.55 17.5
   vertex 142.445 -38.55 17.5
  endloop
 endfacet
 facet normal 0 0 1
  outer loop
   vertex -142.445 -42.55 17.5
   vertex 142.445 -38.55 17.5
   vertex -142.445 -38.55 17.5
  endloop
 endfacet
 facet normal 0 -1 0
  outer loop
   vertex -142.445 -42.55 3
   vertex 142.445 -42.55 3
   vertex 142.445 -42.55 17.5
  endloop
 endfacet
 facet normal 0 -1 0
  outer loop
   vertex -142.445 -42.55 3
   vertex 142.445 -42.55 17.5
   vertex -142.445 -42.55 17.5
  endloop
 endfacet
 facet normal 1 0 0
  outer loop
   vertex 142.445 -42.55 3
   vertex 142.445 -38.55 3
   vertex 142.445 -38.55 17.5
  endloop
 endfacet
 facet normal 1 0 0
  outer loop
   vertex 142.445 -42.55 3
   vertex 142.445 -38.55 17.5
   vertex 142.445 -42.55 17.5
  endloop
 endfacet
 facet normal 0 1 0
  outer loop
   vertex 142.445 -38.55 3
   vertex -142.445 -38.55 3
   vertex -142.445 -38.55 17.5
  endloop
 endfacet
 facet normal 0 1 -0
  outer loop
   vertex 142.445 -38.55 3
   vertex -142.445 -38.55 17.5
   vertex 142.445 -38.55 17.5
  endloop
 endfacet
 facet normal -1 0 0
  outer loop
   vertex -142.445 -38.55 3
   vertex -142.445 -42.55 3
   vertex -142.445 -42.55 17.5
  endloop
 endfacet
 facet normal -1 0 0
  outer loop
   vertex -142.445 -38.55 3
   vertex -142.445 -42.55 17.5
   vertex -142.445 -38.55 17.5
  endloop
 endfacet
 facet normal 0 0 -1
  outer loop
   vertex -142.445 -38.55 3
   vertex -138.445 38.55 3
   vertex -138.445 -38.55 3
  endloop
 endfacet
 facet normal 0 0 -1
  outer loop
   vertex -142.445 -38.55 3
   vertex -142.445 38.55 3
   vertex -138.445 38.55 3
  endloop
 endfacet
 facet normal 0 0 1
  outer loop
   vertex -142.445 -38.55 17.5
   vertex -138.445 -38.55 17.5
   vertex -138.445 38.55 17.5
  endloop
 endfacet
 facet normal 0 0 1
  outer loop
   vertex -142.445 -38.55 17.5
   vertex -138.445 38.55 17.5
   vertex -142.445 38.55 17.5
  endloop
 endfacet
 facet normal 0 -1 0
  outer loop
   vertex -142.445 -38.55 3
   vertex -138.445 -38.55 3
   vertex -138.445 -38.55 17.5
  endloop
 endfacet
 facet normal 0 -1 0
  outer loop
   vertex -142.445 -38.55 3
   vertex -138.445 -38.55 17.5
   vertex -142.445 -38.55 17.5
  endloop
 endfacet
 facet normal 1 0 0
  outer loop
   vertex -138.445 -38.55 3
   vertex -138.445 38.55 3
   vertex -138.445 38.55 17.5
  endloop
 endfacet
 facet normal 1 0 0
  outer loop
   vertex -138.445 -38.55 3
   vertex -138.445 38.55 17.5
   vertex -138.445 -38.55 17.5
  endloop
 endfacet
 facet normal 0 1 0
  outer loop
   vertex -138.445 38.55 3
   vertex -142.445 38.55 3
   vertex -142.445 38.55 17.5
  endloop
 endfacet
 facet normal 0 1 -0
  outer loop
   vertex -138.445 38.55 3
   vertex -142.445 38.55 17.5
   vertex -138.445 38.55 17.5
  endloop
 endfacet
 facet normal -1 0 0
  outer loop
   vertex -142.445 38.55 3
   vertex -142.445 -38.55 3
   vertex -142.445 -38.55 17.5
  endloop
 endfacet
 facet normal -1 0 0
  outer loop
   vertex -142.445 38.55 3
   vertex -142.445 -38.55 17.5
   vertex -142.445 38.55 17.5
  endloop
 endfacet
 facet normal 0 0 -1
  outer loop
   vertex 138.445 -38.55 3
   vertex 142.445 38.55 3
   vertex 142.445 -38.55 3
  endloop
 endfacet
 facet normal 0 0 -1
  outer loop
   vertex 138.445 -38.55 3
   vertex 138.445 38.55 3
   vertex 142.445 38.55 3
  endloop
 endfacet
 facet normal 0 0 1
  outer loop
   vertex 138.445 -38.55 17.5
   vertex 142.445 -38.55 17.5
   vertex 142.445 38.55 17.5
  endloop
 endfacet
 facet normal 0 0 1
  outer loop
   vertex 138.445 -38.55 17.5
   vertex 142.445 38.55 17.5
   vertex 138.445 38.55 17.5
  endloop
 endfacet
 facet normal 0 -1 0
  outer loop
   vertex 138.445 -38.55 3
   vertex 142.445 -38.55 3
   vertex 142.445 -38.55 17.5
  endloop
 endfacet
 facet normal 0 -1 0
  outer loop
   vertex 138.445 -38.55 3
   vertex 142.445 -38.55 17.5
   vertex 138.445 -38.55 17.5
  endloop
 endfacet
 facet normal 1 0 0
  outer loop
   vertex 142.445 -38.55 3
   vertex 142.445 38.55 3
   vertex 142.445 38.55 17.5
  endloop
 endfacet
 facet normal 1 0 0
  outer loop
   vertex 142.445 -38.55 3
   vertex 142.445 38.55 17.5
   vertex 142.445 -38.55 17.5
  endloop
 endfacet
 facet normal 0 1 0
  outer loop
   vertex 142.445 38.55 3
   vertex 138.445 38.55 3
   vertex 138.445 38.55 17.5
  endloop
 endfacet
 facet normal 0 1 -0
  outer loop
   vertex 142.445 38.55 3
   vertex 138.445 38.55 17.5
   vertex 142.445 38.55 17.5
  endloop
 endfacet
 facet normal -1 0 0
  outer loop
   vertex 138.445 38.55 3
   vertex 138.445 -38.55 3
   vertex 138.445 -38.55 17.5
  endloop
 endfacet
 facet normal -1 0 0
  outer loop
   vertex 138.445 38.55 3
   vertex 138.445 -38.55 17.5
   vertex 138.445 38.55 17.5
  endloop
 endfacet
 facet normal 0 0 -1
  outer loop
   vertex 142.445 32.05 15.3
   vertex 136.8432 32.78398 15.3
   vertex 142.2432 34.09845 15.3
  endloop
 endfacet
 facet normal -0 0 -1
  outer loop
   vertex 142.445 32.05 15.3
   vertex 136.945 31.75 15.3
   vertex 136.8432 32.78398 15.3
  endloop
 endfacet
 facet normal 0 0 1
  outer loop
   vertex 142.445 32.05 17.5
   vertex 142.2432 34.09845 17.5
   vertex 136.8432 32.78398 17.5
  endloop
 endfacet
 facet normal 0 0 1
  outer loop
   vertex 142.445 32.05 17.5
   vertex 136.8432 32.78398 17.5
   vertex 136.945 31.75 17.5
  endloop
 endfacet
 facet normal 0.9951847 0.09801714 0
  outer loop
   vertex 142.445 32.05 15.3
   vertex 142.2432 34.09845 15.3
   vertex 142.2432 34.09845 17.5
  endloop
 endfacet
 facet normal 0.9951847 0.09801714 -0
  outer loop
   vertex 142.445 32.05 15.3
   vertex 142.2432 34.09845 17.5
   vertex 142.445 32.05 17.5
  endloop
 endfacet
 facet normal -0.9951847 -0.09801714 0
  outer loop
   vertex 136.945 31.75 15.3
   vertex 136.8432 32.78398 17.5
   vertex 136.8432 32.78398 15.3
  endloop
 endfacet
 facet normal -0.9951847 -0.09801714 0
  outer loop
   vertex 136.945 31.75 15.3
   vertex 136.945 31.75 17.5
   vertex 136.8432 32.78398 17.5
  endloop
 endfacet
 facet normal -0 0 -1
  outer loop
   vertex 142.2432 34.09845 15.3
   vertex 136.5416 33.77822 15.3
   vertex 141.6457 36.06818 15.3
  endloop
 endfacet
 facet normal 0 0 -1
  outer loop
   vertex 142.2432 34.09845 15.3
   vertex 136.8432 32.78398 15.3
   vertex 136.5416 33.77822 15.3
  endloop
 endfacet
 facet normal 0 0 1
  outer loop
   vertex 142.2432 34.09845 17.5
   vertex 141.6457 36.06818 17.5
   vertex 136.5416 33.77822 17.5
  endloop
 endfacet
 facet normal 0 0 1
  outer loop
   vertex 142.2432 34.09845 17.5
   vertex 136.5416 33.77822 17.5
   vertex 136.8432 32.78398 17.5
  endloop
 endfacet
 facet normal 0.9569403 0.2902847 0
  outer loop
   vertex 142.2432 34.09845 15.3
   vertex 141.6457 36.06818 15.3
   vertex 141.6457 36.06818 17.5
  endloop
 endfacet
 facet normal 0.9569403 0.2902847 -0
  outer loop
   vertex 142.2432 34.09845 15.3
   vertex 141.6457 36.06818 17.5
   vertex 142.2432 34.09845 17.5
  endloop
 endfacet
 facet normal -0.9569403 -0.2902847 0
  outer loop
   vertex 136.8432 32.78398 15.3
   vertex 136.5416 33.77822 17.5
   vertex 136.5416 33.77822 15.3
  endloop
 endfacet
 facet normal -0.9569403 -0.2902847 0
  outer loop
   vertex 136.8432 32.78398 15.3
   vertex 136.8432 32.78398 17.5
   vertex 136.5416 33.77822 17.5
  endloop
 endfacet
 facet normal -0 0 -1
  outer loop
   vertex 141.6457 36.06818 15.3
   vertex 136.0518 34.69452 15.3
   vertex 140.6754 37.88349 15.3
  endloop
 endfacet
 facet normal 0 0 -1
  outer loop
   vertex 141.6457 36.06818 15.3
   vertex 136.5416 33.77822 15.3
   vertex 136.0518 34.69452 15.3
  endloop
 endfacet
 facet normal 0 0 1
  outer loop
   vertex 141.6457 36.06818 17.5
   vertex 140.6754 37.88349 17.5
   vertex 136.0518 34.69452 17.5
  endloop
 endfacet
 facet normal 0 0 1
  outer loop
   vertex 141.6457 36.06818 17.5
   vertex 136.0518 34.69452 17.5
   vertex 136.5416 33.77822 17.5
  endloop
 endfacet
 facet normal 0.8819213 0.4713967 0
  outer loop
   vertex 141.6457 36.06818 15.3
   vertex 140.6754 37.88349 15.3
   vertex 140.6754 37.88349 17.5
  endloop
 endfacet
 facet normal 0.8819213 0.4713967 -0
  outer loop
   vertex 141.6457 36.06818 15.3
   vertex 140.6754 37.88349 17.5
   vertex 141.6457 36.06818 17.5
  endloop
 endfacet
 facet normal -0.8819213 -0.4713967 0
  outer loop
   vertex 136.5416 33.77822 15.3
   vertex 136.0518 34.69452 17.5
   vertex 136.0518 34.69452 15.3
  endloop
 endfacet
 facet normal -0.8819213 -0.4713967 0
  outer loop
   vertex 136.5416 33.77822 15.3
   vertex 136.5416 33.77822 17.5
   vertex 136.0518 34.69452 17.5
  endloop
 endfacet
 facet normal -0 0 -1
  outer loop
   vertex 140.6754 37.88349 15.3
   vertex 135.3927 35.49767 15.3
   vertex 139.3696 39.47462 15.3
  endloop
 endfacet
 facet normal 0 0 -1
  outer loop
   vertex 140.6754 37.88349 15.3
   vertex 136.0518 34.69452 15.3
   vertex 135.3927 35.49767 15.3
  endloop
 endfacet
 facet normal 0 0 1
  outer loop
   vertex 140.6754 37.88349 17.5
   vertex 139.3696 39.47462 17.5
   vertex 135.3927 35.49767 17.5
  endloop
 endfacet
 facet normal 0 0 1
  outer loop
   vertex 140.6754 37.88349 17.5
   vertex 135.3927 35.49767 17.5
   vertex 136.0518 34.69452 17.5
  endloop
 endfacet
 facet normal 0.7730105 0.6343933 0
  outer loop
   vertex 140.6754 37.88349 15.3
   vertex 139.3696 39.47462 15.3
   vertex 139.3696 39.47462 17.5
  endloop
 endfacet
 facet normal 0.7730105 0.6343933 -0
  outer loop
   vertex 140.6754 37.88349 15.3
   vertex 139.3696 39.47462 17.5
   vertex 140.6754 37.88349 17.5
  endloop
 endfacet
 facet normal -0.7730105 -0.6343933 0
  outer loop
   vertex 136.0518 34.69452 15.3
   vertex 135.3927 35.49767 17.5
   vertex 135.3927 35.49767 15.3
  endloop
 endfacet
 facet normal -0.7730105 -0.6343933 0
  outer loop
   vertex 136.0518 34.69452 15.3
   vertex 136.0518 34.69452 17.5
   vertex 135.3927 35.49767 17.5
  endloop
 endfacet
 facet normal -0 0 -1
  outer loop
   vertex 139.3696 39.47462 15.3
   vertex 134.5895 36.15679 15.3
   vertex 137.7785 40.78043 15.3
  endloop
 endfacet
 facet normal 0 0 -1
  outer loop
   vertex 139.3696 39.47462 15.3
   vertex 135.3927 35.49767 15.3
   vertex 134.5895 36.15679 15.3
  endloop
 endfacet
 facet normal 0 0 1
  outer loop
   vertex 139.3696 39.47462 17.5
   vertex 137.7785 40.78043 17.5
   vertex 134.5895 36.15679 17.5
  endloop
 endfacet
 facet normal 0 0 1
  outer loop
   vertex 139.3696 39.47462 17.5
   vertex 134.5895 36.15679 17.5
   vertex 135.3927 35.49767 17.5
  endloop
 endfacet
 facet normal 0.6343933 0.7730105 0
  outer loop
   vertex 139.3696 39.47462 15.3
   vertex 137.7785 40.78043 15.3
   vertex 137.7785 40.78043 17.5
  endloop
 endfacet
 facet normal 0.6343933 0.7730105 -0
  outer loop
   vertex 139.3696 39.47462 15.3
   vertex 137.7785 40.78043 17.5
   vertex 139.3696 39.47462 17.5
  endloop
 endfacet
 facet normal -0.6343933 -0.7730105 0
  outer loop
   vertex 135.3927 35.49767 15.3
   vertex 134.5895 36.15679 17.5
   vertex 134.5895 36.15679 15.3
  endloop
 endfacet
 facet normal -0.6343933 -0.7730105 0
  outer loop
   vertex 135.3927 35.49767 15.3
   vertex 135.3927 35.49767 17.5
   vertex 134.5895 36.15679 17.5
  endloop
 endfacet
 facet normal -0 0 -1
  outer loop
   vertex 137.7785 40.78043 15.3
   vertex 133.6732 36.64656 15.3
   vertex 135.9632 41.75074 15.3
  endloop
 endfacet
 facet normal 0 0 -1
  outer loop
   vertex 137.7785 40.78043 15.3
   vertex 134.5895 36.15679 15.3
   vertex 133.6732 36.64656 15.3
  endloop
 endfacet
 facet normal 0 0 1
  outer loop
   vertex 137.7785 40.78043 17.5
   vertex 135.9632 41.75074 17.5
   vertex 133.6732 36.64656 17.5
  endloop
 endfacet
 facet normal 0 0 1
  outer loop
   vertex 137.7785 40.78043 17.5
   vertex 133.6732 36.64656 17.5
   vertex 134.5895 36.15679 17.5
  endloop
 endfacet
 facet normal 0.4713967 0.8819213 0
  outer loop
   vertex 137.7785 40.78043 15.3
   vertex 135.9632 41.75074 15.3
   vertex 135.9632 41.75074 17.5
  endloop
 endfacet
 facet normal 0.4713967 0.8819213 -0
  outer loop
   vertex 137.7785 40.78043 15.3
   vertex 135.9632 41.75074 17.5
   vertex 137.7785 40.78043 17.5
  endloop
 endfacet
 facet normal -0.4713967 -0.8819213 0
  outer loop
   vertex 134.5895 36.15679 15.3
   vertex 133.6732 36.64656 17.5
   vertex 133.6732 36.64656 15.3
  endloop
 endfacet
 facet normal -0.4713967 -0.8819213 0
  outer loop
   vertex 134.5895 36.15679 15.3
   vertex 134.5895 36.15679 17.5
   vertex 133.6732 36.64656 17.5
  endloop
 endfacet
 facet normal -0 0 -1
  outer loop
   vertex 135.9632 41.75074 15.3
   vertex 132.679 36.94816 15.3
   vertex 133.9934 42.34825 15.3
  endloop
 endfacet
 facet normal 0 0 -1
  outer loop
   vertex 135.9632 41.75074 15.3
   vertex 133.6732 36.64656 15.3
   vertex 132.679 36.94816 15.3
  endloop
 endfacet
 facet normal 0 0 1
  outer loop
   vertex 135.9632 41.75074 17.5
   vertex 133.9934 42.34825 17.5
   vertex 132.679 36.94816 17.5
  endloop
 endfacet
 facet normal 0 0 1
  outer loop
   vertex 135.9632 41.75074 17.5
   vertex 132.679 36.94816 17.5
   vertex 133.6732 36.64656 17.5
  endloop
 endfacet
 facet normal 0.2902847 0.9569403 0
  outer loop
   vertex 135.9632 41.75074 15.3
   vertex 133.9934 42.34825 15.3
   vertex 133.9934 42.34825 17.5
  endloop
 endfacet
 facet normal 0.2902847 0.9569403 -0
  outer loop
   vertex 135.9632 41.75074 15.3
   vertex 133.9934 42.34825 17.5
   vertex 135.9632 41.75074 17.5
  endloop
 endfacet
 facet normal -0.2902847 -0.9569403 0
  outer loop
   vertex 133.6732 36.64656 15.3
   vertex 132.679 36.94816 17.5
   vertex 132.679 36.94816 15.3
  endloop
 endfacet
 facet normal -0.2902847 -0.9569403 0
  outer loop
   vertex 133.6732 36.64656 15.3
   vertex 133.6732 36.64656 17.5
   vertex 132.679 36.94816 17.5
  endloop
 endfacet
 facet normal -0 0 -1
  outer loop
   vertex 133.9934 42.34825 15.3
   vertex 131.645 37.05 15.3
   vertex 131.945 42.55 15.3
  endloop
 endfacet
 facet normal 0 0 -1
  outer loop
   vertex 133.9934 42.34825 15.3
   vertex 132.679 36.94816 15.3
   vertex 131.645 37.05 15.3
  endloop
 endfacet
 facet normal 0 0 1
  outer loop
   vertex 133.9934 42.34825 17.5
   vertex 131.945 42.55 17.5
   vertex 131.645 37.05 17.5
  endloop
 endfacet
 facet normal 0 0 1
  outer loop
   vertex 133.9934 42.34825 17.5
   vertex 131.645 37.05 17.5
   vertex 132.679 36.94816 17.5
  endloop
 endfacet
 facet normal 0.09801714 0.9951847 0
  outer loop
   vertex 133.9934 42.34825 15.3
   vertex 131.945 42.55 15.3
   vertex 131.945 42.55 17.5
  endloop
 endfacet
 facet normal 0.09801714 0.9951847 -0
  outer loop
   vertex 133.9934 42.34825 15.3
   vertex 131.945 42.55 17.5
   vertex 133.9934 42.34825 17.5
  endloop
 endfacet
 facet normal -0.09801714 -0.9951847 0
  outer loop
   vertex 132.679 36.94816 15.3
   vertex 131.645 37.05 17.5
   vertex 131.645 37.05 15.3
  endloop
 endfacet
 facet normal -0.09801714 -0.9951847 0
  outer loop
   vertex 132.679 36.94816 15.3
   vertex 132.679 36.94816 17.5
   vertex 131.645 37.05 17.5
  endloop
 endfacet
 facet normal -0 0 -1
  outer loop
   vertex 131.945 42.55 15.3
   vertex -131.645 37.05 15.3
   vertex -131.945 42.55 15.3
  endloop
 endfacet
 facet normal 0 0 -1
  outer loop
   vertex 131.945 42.55 15.3
   vertex 131.645 37.05 15.3
   vertex -131.645 37.05 15.3
  endloop
 endfacet
 facet normal 0 0 1
  outer loop
   vertex 131.945 42.55 17.5
   vertex -131.945 42.55 17.5
   vertex -131.645 37.05 17.5
  endloop
 endfacet
 facet normal 0 0 1
  outer loop
   vertex 131.945 42.55 17.5
   vertex -131.645 37.05 17.5
   vertex 131.645 37.05 17.5
  endloop
 endfacet
 facet normal 0 1 0
  outer loop
   vertex 131.945 42.55 15.3
   vertex -131.945 42.55 15.3
   vertex -131.945 42.55 17.5
  endloop
 endfacet
 facet normal 0 1 -0
  outer loop
   vertex 131.945 42.55 15.3
   vertex -131.945 42.55 17.5
   vertex 131.945 42.55 17.5
  endloop
 endfacet
 facet normal 0 -1 0
  outer loop
   vertex 131.645 37.05 15.3
   vertex -131.645 37.05 17.5
   vertex -131.645 37.05 15.3
  endloop
 endfacet
 facet normal 0 -1 0
  outer loop
   vertex 131.645 37.05 15.3
   vertex 131.645 37.05 17.5
   vertex -131.645 37.05 17.5
  endloop
 endfacet
 facet normal 0 0 -1
  outer loop
   vertex -131.945 42.55 15.3
   vertex -132.679 36.94816 15.3
   vertex -133.9934 42.34825 15.3
  endloop
 endfacet
 facet normal 0 -0 -1
  outer loop
   vertex -131.945 42.55 15.3
   vertex -131.645 37.05 15.3
   vertex -132.679 36.94816 15.3
  endloop
 endfacet
 facet normal 0 0 1
  outer loop
   vertex -131.945 42.55 17.5
   vertex -133.9934 42.34825 17.5
   vertex -132.679 36.94816 17.5
  endloop
 endfacet
 facet normal 0 0 1
  outer loop
   vertex -131.945 42.55 17.5
   vertex -132.679 36.94816 17.5
   vertex -131.645 37.05 17.5
  endloop
 endfacet
 facet normal -0.09801714 0.9951847 0
  outer loop
   vertex -131.945 42.55 15.3
   vertex -133.9934 42.34825 15.3
   vertex -133.9934 42.34825 17.5
  endloop
 endfacet
 facet normal -0.09801714 0.9951847 0
  outer loop
   vertex -131.945 42.55 15.3
   vertex -133.9934 42.34825 17.5
   vertex -131.945 42.55 17.5
  endloop
 endfacet
 facet normal 0.09801714 -0.9951847 0
  outer loop
   vertex -131.645 37.05 15.3
   vertex -132.679 36.94816 17.5
   vertex -132.679 36.94816 15.3
  endloop
 endfacet
 facet normal 0.09801714 -0.9951847 0
  outer loop
   vertex -131.645 37.05 15.3
   vertex -131.645 37.05 17.5
   vertex -132.679 36.94816 17.5
  endloop
 endfacet
 facet normal 0 -0 -1
  outer loop
   vertex -133.9934 42.34825 15.3
   vertex -133.6732 36.64656 15.3
   vertex -135.9632 41.75074 15.3
  endloop
 endfacet
 facet normal 0 0 -1
  outer loop
   vertex -133.9934 42.34825 15.3
   vertex -132.679 36.94816 15.3
   vertex -133.6732 36.64656 15.3
  endloop
 endfacet
 facet normal 0 0 1
  outer loop
   vertex -133.9934 42.34825 17.5
   vertex -135.9632 41.75074 17.5
   vertex -133.6732 36.64656 17.5
  endloop
 endfacet
 facet normal 0 0 1
  outer loop
   vertex -133.9934 42.34825 17.5
   vertex -133.6732 36.64656 17.5
   vertex -132.679 36.94816 17.5
  endloop
 endfacet
 facet normal -0.2902847 0.9569403 0
  outer loop
   vertex -133.9934 42.34825 15.3
   vertex -135.9632 41.75074 15.3
   vertex -135.9632 41.75074 17.5
  endloop
 endfacet
 facet normal -0.2902847 0.9569403 0
  outer loop
   vertex -133.9934 42.34825 15.3
   vertex -135.9632 41.75074 17.5
   vertex -133.9934 42.34825 17.5
  endloop
 endfacet
 facet normal 0.2902847 -0.9569403 0
  outer loop
   vertex -132.679 36.94816 15.3
   vertex -133.6732 36.64656 17.5
   vertex -133.6732 36.64656 15.3
  endloop
 endfacet
 facet normal 0.2902847 -0.9569403 0
  outer loop
   vertex -132.679 36.94816 15.3
   vertex -132.679 36.94816 17.5
   vertex -133.6732 36.64656 17.5
  endloop
 endfacet
 facet normal 0 -0 -1
  outer loop
   vertex -135.9632 41.75074 15.3
   vertex -134.5895 36.15679 15.3
   vertex -137.7785 40.78043 15.3
  endloop
 endfacet
 facet normal 0 0 -1
  outer loop
   vertex -135.9632 41.75074 15.3
   vertex -133.6732 36.64656 15.3
   vertex -134.5895 36.15679 15.3
  endloop
 endfacet
 facet normal 0 0 1
  outer loop
   vertex -135.9632 41.75074 17.5
   vertex -137.7785 40.78043 17.5
   vertex -134.5895 36.15679 17.5
  endloop
 endfacet
 facet normal 0 0 1
  outer loop
   vertex -135.9632 41.75074 17.5
   vertex -134.5895 36.15679 17.5
   vertex -133.6732 36.64656 17.5
  endloop
 endfacet
 facet normal -0.4713967 0.8819213 0
  outer loop
   vertex -135.9632 41.75074 15.3
   vertex -137.7785 40.78043 15.3
   vertex -137.7785 40.78043 17.5
  endloop
 endfacet
 facet normal -0.4713967 0.8819213 0
  outer loop
   vertex -135.9632 41.75074 15.3
   vertex -137.7785 40.78043 17.5
   vertex -135.9632 41.75074 17.5
  endloop
 endfacet
 facet normal 0.4713967 -0.8819213 0
  outer loop
   vertex -133.6732 36.64656 15.3
   vertex -134.5895 36.15679 17.5
   vertex -134.5895 36.15679 15.3
  endloop
 endfacet
 facet normal 0.4713967 -0.8819213 0
  outer loop
   vertex -133.6732 36.64656 15.3
   vertex -133.6732 36.64656 17.5
   vertex -134.5895 36.15679 17.5
  endloop
 endfacet
 facet normal 0 -0 -1
  outer loop
   vertex -137.7785 40.78043 15.3
   vertex -135.3927 35.49767 15.3
   vertex -139.3696 39.47462 15.3
  endloop
 endfacet
 facet normal 0 0 -1
  outer loop
   vertex -137.7785 40.78043 15.3
   vertex -134.5895 36.15679 15.3
   vertex -135.3927 35.49767 15.3
  endloop
 endfacet
 facet normal 0 0 1
  outer loop
   vertex -137.7785 40.78043 17.5
   vertex -139.3696 39.47462 17.5
   vertex -135.3927 35.49767 17.5
  endloop
 endfacet
 facet normal 0 0 1
  outer loop
   vertex -137.7785 40.78043 17.5
   vertex -135.3927 35.49767 17.5
   vertex -134.5895 36.15679 17.5
  endloop
 endfacet
 facet normal -0.6343933 0.7730105 0
  outer loop
   vertex -137.7785 40.78043 15.3
   vertex -139.3696 39.47462 15.3
   vertex -139.3696 39.47462 17.5
  endloop
 endfacet
 facet normal -0.6343933 0.7730105 0
  outer loop
   vertex -137.7785 40.78043 15.3
   vertex -139.3696 39.47462 17.5
   vertex -137.7785 40.78043 17.5
  endloop
 endfacet
 facet normal 0.6343933 -0.7730105 0
  outer loop
   vertex -134.5895 36.15679 15.3
   vertex -135.3927 35.49767 17.5
   vertex -135.3927 35.49767 15.3
  endloop
 endfacet
 facet normal 0.6343933 -0.7730105 0
  outer loop
   vertex -134.5895 36.15679 15.3
   vertex -134.5895 36.15679 17.5
   vertex -135.3927 35.49767 17.5
  endloop
 endfacet
 facet normal 0 -0 -1
  outer loop
   vertex -139.3696 39.47462 15.3
   vertex -136.0518 34.69452 15.3
   vertex -140.6754 37.88349 15.3
  endloop
 endfacet
 facet normal 0 0 -1
  outer loop
   vertex -139.3696 39.47462 15.3
   vertex -135.3927 35.49767 15.3
   vertex -136.0518 34.69452 15.3
  endloop
 endfacet
 facet normal 0 0 1
  outer loop
   vertex -139.3696 39.47462 17.5
   vertex -140.6754 37.88349 17.5
   vertex -136.0518 34.69452 17.5
  endloop
 endfacet
 facet normal 0 0 1
  outer loop
   vertex -139.3696 39.47462 17.5
   vertex -136.0518 34.69452 17.5
   vertex -135.3927 35.49767 17.5
  endloop
 endfacet
 facet normal -0.7730105 0.6343933 0
  outer loop
   vertex -139.3696 39.47462 15.3
   vertex -140.6754 37.88349 15.3
   vertex -140.6754 37.88349 17.5
  endloop
 endfacet
 facet normal -0.7730105 0.6343933 0
  outer loop
   vertex -139.3696 39.47462 15.3
   vertex -140.6754 37.88349 17.5
   vertex -139.3696 39.47462 17.5
  endloop
 endfacet
 facet normal 0.7730105 -0.6343933 0
  outer loop
   vertex -135.3927 35.49767 15.3
   vertex -136.0518 34.69452 17.5
   vertex -136.0518 34.69452 15.3
  endloop
 endfacet
 facet normal 0.7730105 -0.6343933 0
  outer loop
   vertex -135.3927 35.49767 15.3
   vertex -135.3927 35.49767 17.5
   vertex -136.0518 34.69452 17.5
  endloop
 endfacet
 facet normal 0 -0 -1
  outer loop
   vertex -140.6754 37.88349 15.3
   vertex -136.5416 33.77822 15.3
   vertex -141.6457 36.06818 15.3
  endloop
 endfacet
 facet normal 0 0 -1
  outer loop
   vertex -140.6754 37.88349 15.3
   vertex -136.0518 34.69452 15.3
   vertex -136.5416 33.77822 15.3
  endloop
 endfacet
 facet normal 0 0 1
  outer loop
   vertex -140.6754 37.88349 17.5
   vertex -141.6457 36.06818 17.5
   vertex -136.5416 33.77822 17.5
  endloop
 endfacet
 facet normal 0 0 1
  outer loop
   vertex -140.6754 37.88349 17.5
   vertex -136.5416 33.77822 17.5
   vertex -136.0518 34.69452 17.5
  endloop
 endfacet
 facet normal -0.8819213 0.4713967 0
  outer loop
   vertex -140.6754 37.88349 15.3
   vertex -141.6457 36.06818 15.3
   vertex -141.6457 36.06818 17.5
  endloop
 endfacet
 facet normal -0.8819213 0.4713967 0
  outer loop
   vertex -140.6754 37.88349 15.3
   vertex -141.6457 36.06818 17.5
   vertex -140.6754 37.88349 17.5
  endloop
 endfacet
 facet normal 0.8819213 -0.4713967 0
  outer loop
   vertex -136.0518 34.69452 15.3
   vertex -136.5416 33.77822 17.5
   vertex -136.5416 33.77822 15.3
  endloop
 endfacet
 facet normal 0.8819213 -0.4713967 0
  outer loop
   vertex -136.0518 34.69452 15.3
   vertex -136.0518 34.69452 17.5
   vertex -136.5416 33.77822 17.5
  endloop
 endfacet
 facet normal 0 -0 -1
  outer loop
   vertex -141.6457 36.06818 15.3
   vertex -136.8432 32.78398 15.3
   vertex -142.2432 34.09845 15.3
  endloop
 endfacet
 facet normal 0 0 -1
  outer loop
   vertex -141.6457 36.06818 15.3
   vertex -136.5416 33.77822 15.3
   vertex -136.8432 32.78398 15.3
  endloop
 endfacet
 facet normal 0 0 1
  outer loop
   vertex -141.6457 36.06818 17.5
   vertex -142.2432 34.09845 17.5
   vertex -136.8432 32.78398 17.5
  endloop
 endfacet
 facet normal 0 0 1
  outer loop
   vertex -141.6457 36.06818 17.5
   vertex -136.8432 32.78398 17.5
   vertex -136.5416 33.77822 17.5
  endloop
 endfacet
 facet normal -0.9569403 0.2902847 0
  outer loop
   vertex -141.6457 36.06818 15.3
   vertex -142.2432 34.09845 15.3
   vertex -142.2432 34.09845 17.5
  endloop
 endfacet
 facet normal -0.9569403 0.2902847 0
  outer loop
   vertex -141.6457 36.06818 15.3
   vertex -142.2432 34.09845 17.5
   vertex -141.6457 36.06818 17.5
  endloop
 endfacet
 facet normal 0.9569403 -0.2902847 0
  outer loop
   vertex -136.5416 33.77822 15.3
   vertex -136.8432 32.78398 17.5
   vertex -136.8432 32.78398 15.3
  endloop
 endfacet
 facet normal 0.9569403 -0.2902847 0
  outer loop
   vertex -136.5416 33.77822 15.3
   vertex -136.5416 33.77822 17.5
   vertex -136.8432 32.78398 17.5
  endloop
 endfacet
 facet normal 0 -0 -1
  outer loop
   vertex -142.2432 34.09845 15.3
   vertex -136.945 31.75 15.3
   vertex -142.445 32.05 15.3
  endloop
 endfacet
 facet normal 0 0 -1
  outer loop
   vertex -142.2432 34.09845 15.3
   vertex -136.8432 32.78398 15.3
   vertex -136.945 31.75 15.3
  endloop
 endfacet
 facet normal 0 0 1
  outer loop
   vertex -142.2432 34.09845 17.5
   vertex -142.445 32.05 17.5
   vertex -136.945 31.75 17.5
  endloop
 endfacet
 facet normal 0 0 1
  outer loop
   vertex -142.2432 34.09845 17.5
   vertex -136.945 31.75 17.5
   vertex -136.8432 32.78398 17.5
  endloop
 endfacet
 facet normal -0.9951847 0.09801714 0
  outer loop
   vertex -142.2432 34.09845 15.3
   vertex -142.445 32.05 15.3
   vertex -142.445 32.05 17.5
  endloop
 endfacet
 facet normal -0.9951847 0.09801714 0
  outer loop
   vertex -142.2432 34.09845 15.3
   vertex -142.445 32.05 17.5
   vertex -142.2432 34.09845 17.5
  endloop
 endfacet
 facet normal 0.9951847 -0.09801714 0
  outer loop
   vertex -136.8432 32.78398 15.3
   vertex -136.945 31.75 17.5
   vertex -136.945 31.75 15.3
  endloop
 endfacet
 facet normal 0.9951847 -0.09801714 0
  outer loop
   vertex -136.8432 32.78398 15.3
   vertex -136.8432 32.78398 17.5
   vertex -136.945 31.75 17.5
  endloop
 endfacet
 facet normal 0 0 -1
  outer loop
   vertex -142.445 32.05 15.3
   vertex -136.945 -31.75 15.3
   vertex -142.445 -32.05 15.3
  endloop
 endfacet
 facet normal 0 0 -1
  outer loop
   vertex -142.445 32.05 15.3
   vertex -136.945 31.75 15.3
   vertex -136.945 -31.75 15.3
  endloop
 endfacet
 facet normal 0 0 1
  outer loop
   vertex -142.445 32.05 17.5
   vertex -142.445 -32.05 17.5
   vertex -136.945 -31.75 17.5
  endloop
 endfacet
 facet normal 0 0 1
  outer loop
   vertex -142.445 32.05 17.5
   vertex -136.945 -31.75 17.5
   vertex -136.945 31.75 17.5
  endloop
 endfacet
 facet normal -1 0 0
  outer loop
   vertex -142.445 32.05 15.3
   vertex -142.445 -32.05 15.3
   vertex -142.445 -32.05 17.5
  endloop
 endfacet
 facet normal -1 0 0
  outer loop
   vertex -142.445 32.05 15.3
   vertex -142.445 -32.05 17.5
   vertex -142.445 32.05 17.5
  endloop
 endfacet
 facet normal 1 0 0
  outer loop
   vertex -136.945 31.75 15.3
   vertex -136.945 -31.75 17.5
   vertex -136.945 -31.75 15.3
  endloop
 endfacet
 facet normal 1 0 -0
  outer loop
   vertex -136.945 31.75 15.3
   vertex -136.945 31.75 17.5
   vertex -136.945 -31.75 17.5
  endloop
 endfacet
 facet normal 0 0 -1
  outer loop
   vertex -142.445 -32.05 15.3
   vertex -136.8432 -32.78398 15.3
   vertex -142.2432 -34.09845 15.3
  endloop
 endfacet
 facet normal 0 0 -1
  outer loop
   vertex -142.445 -32.05 15.3
   vertex -136.945 -31.75 15.3
   vertex -136.8432 -32.78398 15.3
  endloop
 endfacet
 facet normal 0 0 1
  outer loop
   vertex -142.445 -32.05 17.5
   vertex -142.2432 -34.09845 17.5
   vertex -136.8432 -32.78398 17.5
  endloop
 endfacet
 facet normal -0 0 1
  outer loop
   vertex -142.445 -32.05 17.5
   vertex -136.8432 -32.78398 17.5
   vertex -136.945 -31.75 17.5
  endloop
 endfacet
 facet normal -0.9951847 -0.09801714 0
  outer loop
   vertex -142.445 -32.05 15.3
   vertex -142.2432 -34.09845 15.3
   vertex -142.2432 -34.09845 17.5
  endloop
 endfacet
 facet normal -0.9951847 -0.09801714 0
  outer loop
   vertex -142.445 -32.05 15.3
   vertex -142.2432 -34.09845 17.5
   vertex -142.445 -32.05 17.5
  endloop
 endfacet
 facet normal 0.9951847 0.09801714 0
  outer loop
   vertex -136.945 -31.75 15.3
   vertex -136.8432 -32.78398 17.5
   vertex -136.8432 -32.78398 15.3
  endloop
 endfacet
 facet normal 0.9951847 0.09801714 -0
  outer loop
   vertex -136.945 -31.75 15.3
   vertex -136.945 -31.75 17.5
   vertex -136.8432 -32.78398 17.5
  endloop
 endfacet
 facet normal 0 0 -1
  outer loop
   vertex -142.2432 -34.09845 15.3
   vertex -136.5416 -33.77822 15.3
   vertex -141.6457 -36.06818 15.3
  endloop
 endfacet
 facet normal 0 0 -1
  outer loop
   vertex -142.2432 -34.09845 15.3
   vertex -136.8432 -32.78398 15.3
   vertex -136.5416 -33.77822 15.3
  endloop
 endfacet
 facet normal -0 0 1
  outer loop
   vertex -142.2432 -34.09845 17.5
   vertex -141.6457 -36.06818 17.5
   vertex -136.5416 -33.77822 17.5
  endloop
 endfacet
 facet normal 0 0 1
  outer loop
   vertex -142.2432 -34.09845 17.5
   vertex -136.5416 -33.77822 17.5
   vertex -136.8432 -32.78398 17.5
  endloop
 endfacet
 facet normal -0.9569403 -0.2902847 0
  outer loop
   vertex -142.2432 -34.09845 15.3
   vertex -141.6457 -36.06818 15.3
   vertex -141.6457 -36.06818 17.5
  endloop
 endfacet
 facet normal -0.9569403 -0.2902847 0
  outer loop
   vertex -142.2432 -34.09845 15.3
   vertex -141.6457 -36.06818 17.5
   vertex -142.2432 -34.09845 17.5
  endloop
 endfacet
 facet normal 0.9569403 0.2902847 0
  outer loop
   vertex -136.8432 -32.78398 15.3
   vertex -136.5416 -33.77822 17.5
   vertex -136.5416 -33.77822 15.3
  endloop
 endfacet
 facet normal 0.9569403 0.2902847 -0
  outer loop
   vertex -136.8432 -32.78398 15.3
   vertex -136.8432 -32.78398 17.5
   vertex -136.5416 -33.77822 17.5
  endloop
 endfacet
 facet normal 0 0 -1
  outer loop
   vertex -141.6457 -36.06818 15.3
   vertex -136.0518 -34.69452 15.3
   vertex -140.6754 -37.88349 15.3
  endloop
 endfacet
 facet normal 0 0 -1
  outer loop
   vertex -141.6457 -36.06818 15.3
   vertex -136.5416 -33.77822 15.3
   vertex -136.0518 -34.69452 15.3
  endloop
 endfacet
 facet normal -0 0 1
  outer loop
   vertex -141.6457 -36.06818 17.5
   vertex -140.6754 -37.88349 17.5
   vertex -136.0518 -34.69452 17.5
  endloop
 endfacet
 facet normal 0 0 1
  outer loop
   vertex -141.6457 -36.06818 17.5
   vertex -136.0518 -34.69452 17.5
   vertex -136.5416 -33.77822 17.5
  endloop
 endfacet
 facet normal -0.8819213 -0.4713967 0
  outer loop
   vertex -141.6457 -36.06818 15.3
   vertex -140.6754 -37.88349 15.3
   vertex -140.6754 -37.88349 17.5
  endloop
 endfacet
 facet normal -0.8819213 -0.4713967 0
  outer loop
   vertex -141.6457 -36.06818 15.3
   vertex -140.6754 -37.88349 17.5
   vertex -141.6457 -36.06818 17.5
  endloop
 endfacet
 facet normal 0.8819213 0.4713967 0
  outer loop
   vertex -136.5416 -33.77822 15.3
   vertex -136.0518 -34.69452 17.5
   vertex -136.0518 -34.69452 15.3
  endloop
 endfacet
 facet normal 0.8819213 0.4713967 -0
  outer loop
   vertex -136.5416 -33.77822 15.3
   vertex -136.5416 -33.77822 17.5
   vertex -136.0518 -34.69452 17.5
  endloop
 endfacet
 facet normal 0 0 -1
  outer loop
   vertex -140.6754 -37.88349 15.3
   vertex -135.3927 -35.49767 15.3
   vertex -139.3696 -39.47462 15.3
  endloop
 endfacet
 facet normal 0 0 -1
  outer loop
   vertex -140.6754 -37.88349 15.3
   vertex -136.0518 -34.69452 15.3
   vertex -135.3927 -35.49767 15.3
  endloop
 endfacet
 facet normal -0 0 1
  outer loop
   vertex -140.6754 -37.88349 17.5
   vertex -139.3696 -39.47462 17.5
   vertex -135.3927 -35.49767 17.5
  endloop
 endfacet
 facet normal 0 0 1
  outer loop
   vertex -140.6754 -37.88349 17.5
   vertex -135.3927 -35.49767 17.5
   vertex -136.0518 -34.69452 17.5
  endloop
 endfacet
 facet normal -0.7730105 -0.6343933 0
  outer loop
   vertex -140.6754 -37.88349 15.3
   vertex -139.3696 -39.47462 15.3
   vertex -139.3696 -39.47462 17.5
  endloop
 endfacet
 facet normal -0.7730105 -0.6343933 0
  outer loop
   vertex -140.6754 -37.88349 15.3
   vertex -139.3696 -39.47462 17.5
   vertex -140.6754 -37.88349 17.5
  endloop
 endfacet
 facet normal 0.7730105 0.6343933 0
  outer loop
   vertex -136.0518 -34.69452 15.3
   vertex -135.3927 -35.49767 17.5
   vertex -135.3927 -35.49767 15.3
  endloop
 endfacet
 facet normal 0.7730105 0.6343933 -0
  outer loop
   vertex -136.0518 -34.69452 15.3
   vertex -136.0518 -34.69452 17.5
   vertex -135.3927 -35.49767 17.5
  endloop
 endfacet
 facet normal 0 0 -1
  outer loop
   vertex -139.3696 -39.47462 15.3
   vertex -134.5895 -36.15679 15.3
   vertex -137.7785 -40.78043 15.3
  endloop
 endfacet
 facet normal 0 0 -1
  outer loop
   vertex -139.3696 -39.47462 15.3
   vertex -135.3927 -35.49767 15.3
   vertex -134.5895 -36.15679 15.3
  endloop
 endfacet
 facet normal -0 0 1
  outer loop
   vertex -139.3696 -39.47462 17.5
   vertex -137.7785 -40.78043 17.5
   vertex -134.5895 -36.15679 17.5
  endloop
 endfacet
 facet normal 0 0 1
  outer loop
   vertex -139.3696 -39.47462 17.5
   vertex -134.5895 -36.15679 17.5
   vertex -135.3927 -35.49767 17.5
  endloop
 endfacet
 facet normal -0.6343933 -0.7730105 0
  outer loop
   vertex -139.3696 -39.47462 15.3
   vertex -137.7785 -40.78043 15.3
   vertex -137.7785 -40.78043 17.5
  endloop
 endfacet
 facet normal -0.6343933 -0.7730105 0
  outer loop
   vertex -139.3696 -39.47462 15.3
   vertex -137.7785 -40.78043 17.5
   vertex -139.3696 -39.47462 17.5
  endloop
 endfacet
 facet normal 0.6343933 0.7730105 0
  outer loop
   vertex -135.3927 -35.49767 15.3
   vertex -134.5895 -36.15679 17.5
   vertex -134.5895 -36.15679 15.3
  endloop
 endfacet
 facet normal 0.6343933 0.7730105 -0
  outer loop
   vertex -135.3927 -35.49767 15.3
   vertex -135.3927 -35.49767 17.5
   vertex -134.5895 -36.15679 17.5
  endloop
 endfacet
 facet normal 0 0 -1
  outer loop
   vertex -137.7785 -40.78043 15.3
   vertex -133.6732 -36.64656 15.3
   vertex -135.9632 -41.75074 15.3
  endloop
 endfacet
 facet normal 0 0 -1
  outer loop
   vertex -137.7785 -40.78043 15.3
   vertex -134.5895 -36.15679 15.3
   vertex -133.6732 -36.64656 15.3
  endloop
 endfacet
 facet normal -0 0 1
  outer loop
   vertex -137.7785 -40.78043 17.5
   vertex -135.9632 -41.75074 17.5
   vertex -133.6732 -36.64656 17.5
  endloop
 endfacet
 facet normal 0 0 1
  outer loop
   vertex -137.7785 -40.78043 17.5
   vertex -133.6732 -36.64656 17.5
   vertex -134.5895 -36.15679 17.5
  endloop
 endfacet
 facet normal -0.4713967 -0.8819213 0
  outer loop
   vertex -137.7785 -40.78043 15.3
   vertex -135.9632 -41.75074 15.3
   vertex -135.9632 -41.75074 17.5
  endloop
 endfacet
 facet normal -0.4713967 -0.8819213 0
  outer loop
   vertex -137.7785 -40.78043 15.3
   vertex -135.9632 -41.75074 17.5
   vertex -137.7785 -40.78043 17.5
  endloop
 endfacet
 facet normal 0.4713967 0.8819213 0
  outer loop
   vertex -134.5895 -36.15679 15.3
   vertex -133.6732 -36.64656 17.5
   vertex -133.6732 -36.64656 15.3
  endloop
 endfacet
 facet normal 0.4713967 0.8819213 -0
  outer loop
   vertex -134.5895 -36.15679 15.3
   vertex -134.5895 -36.15679 17.5
   vertex -133.6732 -36.64656 17.5
  endloop
 endfacet
 facet normal 0 0 -1
  outer loop
   vertex -135.9632 -41.75074 15.3
   vertex -132.679 -36.94816 15.3
   vertex -133.9934 -42.34825 15.3
  endloop
 endfacet
 facet normal 0 0 -1
  outer loop
   vertex -135.9632 -41.75074 15.3
   vertex -133.6732 -36.64656 15.3
   vertex -132.679 -36.94816 15.3
  endloop
 endfacet
 facet normal -0 0 1
  outer loop
   vertex -135.9632 -41.75074 17.5
   vertex -133.9934 -42.34825 17.5
   vertex -132.679 -36.94816 17.5
  endloop
 endfacet
 facet normal 0 0 1
  outer loop
   vertex -135.9632 -41.75074 17.5
   vertex -132.679 -36.94816 17.5
   vertex -133.6732 -36.64656 17.5
  endloop
 endfacet
 facet normal -0.2902847 -0.9569403 0
  outer loop
   vertex -135.9632 -41.75074 15.3
   vertex -133.9934 -42.34825 15.3
   vertex -133.9934 -42.34825 17.5
  endloop
 endfacet
 facet normal -0.2902847 -0.9569403 0
  outer loop
   vertex -135.9632 -41.75074 15.3
   vertex -133.9934 -42.34825 17.5
   vertex -135.9632 -41.75074 17.5
  endloop
 endfacet
 facet normal 0.2902847 0.9569403 0
  outer loop
   vertex -133.6732 -36.64656 15.3
   vertex -132.679 -36.94816 17.5
   vertex -132.679 -36.94816 15.3
  endloop
 endfacet
 facet normal 0.2902847 0.9569403 -0
  outer loop
   vertex -133.6732 -36.64656 15.3
   vertex -133.6732 -36.64656 17.5
   vertex -132.679 -36.94816 17.5
  endloop
 endfacet
 facet normal 0 0 -1
  outer loop
   vertex -133.9934 -42.34825 15.3
   vertex -131.645 -37.05 15.3
   vertex -131.945 -42.55 15.3
  endloop
 endfacet
 facet normal 0 0 -1
  outer loop
   vertex -133.9934 -42.34825 15.3
   vertex -132.679 -36.94816 15.3
   vertex -131.645 -37.05 15.3
  endloop
 endfacet
 facet normal -0 0 1
  outer loop
   vertex -133.9934 -42.34825 17.5
   vertex -131.945 -42.55 17.5
   vertex -131.645 -37.05 17.5
  endloop
 endfacet
 facet normal 0 0 1
  outer loop
   vertex -133.9934 -42.34825 17.5
   vertex -131.645 -37.05 17.5
   vertex -132.679 -36.94816 17.5
  endloop
 endfacet
 facet normal -0.09801714 -0.9951847 0
  outer loop
   vertex -133.9934 -42.34825 15.3
   vertex -131.945 -42.55 15.3
   vertex -131.945 -42.55 17.5
  endloop
 endfacet
 facet normal -0.09801714 -0.9951847 0
  outer loop
   vertex -133.9934 -42.34825 15.3
   vertex -131.945 -42.55 17.5
   vertex -133.9934 -42.34825 17.5
  endloop
 endfacet
 facet normal 0.09801714 0.9951847 0
  outer loop
   vertex -132.679 -36.94816 15.3
   vertex -131.645 -37.05 17.5
   vertex -131.645 -37.05 15.3
  endloop
 endfacet
 facet normal 0.09801714 0.9951847 -0
  outer loop
   vertex -132.679 -36.94816 15.3
   vertex -132.679 -36.94816 17.5
   vertex -131.645 -37.05 17.5
  endloop
 endfacet
 facet normal 0 0 -1
  outer loop
   vertex -131.945 -42.55 15.3
   vertex 131.645 -37.05 15.3
   vertex 131.945 -42.55 15.3
  endloop
 endfacet
 facet normal 0 0 -1
  outer loop
   vertex -131.945 -42.55 15.3
   vertex -131.645 -37.05 15.3
   vertex 131.645 -37.05 15.3
  endloop
 endfacet
 facet normal 0 0 1
  outer loop
   vertex -131.945 -42.55 17.5
   vertex 131.945 -42.55 17.5
   vertex 131.645 -37.05 17.5
  endloop
 endfacet
 facet normal 0 0 1
  outer loop
   vertex -131.945 -42.55 17.5
   vertex 131.645 -37.05 17.5
   vertex -131.645 -37.05 17.5
  endloop
 endfacet
 facet normal 0 -1 0
  outer loop
   vertex -131.945 -42.55 15.3
   vertex 131.945 -42.55 15.3
   vertex 131.945 -42.55 17.5
  endloop
 endfacet
 facet normal 0 -1 0
  outer loop
   vertex -131.945 -42.55 15.3
   vertex 131.945 -42.55 17.5
   vertex -131.945 -42.55 17.5
  endloop
 endfacet
 facet normal 0 1 0
  outer loop
   vertex -131.645 -37.05 15.3
   vertex 131.645 -37.05 17.5
   vertex 131.645 -37.05 15.3
  endloop
 endfacet
 facet normal 0 1 0
  outer loop
   vertex -131.645 -37.05 15.3
   vertex -131.645 -37.05 17.5
   vertex 131.645 -37.05 17.5
  endloop
 endfacet
 facet normal 0 0 -1
  outer loop
   vertex 131.945 -42.55 15.3
   vertex 132.679 -36.94816 15.3
   vertex 133.9934 -42.34825 15.3
  endloop
 endfacet
 facet normal 0 0 -1
  outer loop
   vertex 131.945 -42.55 15.3
   vertex 131.645 -37.05 15.3
   vertex 132.679 -36.94816 15.3
  endloop
 endfacet
 facet normal 0 0 1
  outer loop
   vertex 131.945 -42.55 17.5
   vertex 133.9934 -42.34825 17.5
   vertex 132.679 -36.94816 17.5
  endloop
 endfacet
 facet normal 0 -0 1
  outer loop
   vertex 131.945 -42.55 17.5
   vertex 132.679 -36.94816 17.5
   vertex 131.645 -37.05 17.5
  endloop
 endfacet
 facet normal 0.09801714 -0.9951847 0
  outer loop
   vertex 131.945 -42.55 15.3
   vertex 133.9934 -42.34825 15.3
   vertex 133.9934 -42.34825 17.5
  endloop
 endfacet
 facet normal 0.09801714 -0.9951847 0
  outer loop
   vertex 131.945 -42.55 15.3
   vertex 133.9934 -42.34825 17.5
   vertex 131.945 -42.55 17.5
  endloop
 endfacet
 facet normal -0.09801714 0.9951847 0
  outer loop
   vertex 131.645 -37.05 15.3
   vertex 132.679 -36.94816 17.5
   vertex 132.679 -36.94816 15.3
  endloop
 endfacet
 facet normal -0.09801714 0.9951847 0
  outer loop
   vertex 131.645 -37.05 15.3
   vertex 131.645 -37.05 17.5
   vertex 132.679 -36.94816 17.5
  endloop
 endfacet
 facet normal 0 0 -1
  outer loop
   vertex 133.9934 -42.34825 15.3
   vertex 133.6732 -36.64656 15.3
   vertex 135.9632 -41.75074 15.3
  endloop
 endfacet
 facet normal 0 0 -1
  outer loop
   vertex 133.9934 -42.34825 15.3
   vertex 132.679 -36.94816 15.3
   vertex 133.6732 -36.64656 15.3
  endloop
 endfacet
 facet normal 0 -0 1
  outer loop
   vertex 133.9934 -42.34825 17.5
   vertex 135.9632 -41.75074 17.5
   vertex 133.6732 -36.64656 17.5
  endloop
 endfacet
 facet normal 0 0 1
  outer loop
   vertex 133.9934 -42.34825 17.5
   vertex 133.6732 -36.64656 17.5
   vertex 132.679 -36.94816 17.5
  endloop
 endfacet
 facet normal 0.2902847 -0.9569403 0
  outer loop
   vertex 133.9934 -42.34825 15.3
   vertex 135.9632 -41.75074 15.3
   vertex 135.9632 -41.75074 17.5
  endloop
 endfacet
 facet normal 0.2902847 -0.9569403 0
  outer loop
   vertex 133.9934 -42.34825 15.3
   vertex 135.9632 -41.75074 17.5
   vertex 133.9934 -42.34825 17.5
  endloop
 endfacet
 facet normal -0.2902847 0.9569403 0
  outer loop
   vertex 132.679 -36.94816 15.3
   vertex 133.6732 -36.64656 17.5
   vertex 133.6732 -36.64656 15.3
  endloop
 endfacet
 facet normal -0.2902847 0.9569403 0
  outer loop
   vertex 132.679 -36.94816 15.3
   vertex 132.679 -36.94816 17.5
   vertex 133.6732 -36.64656 17.5
  endloop
 endfacet
 facet normal 0 0 -1
  outer loop
   vertex 135.9632 -41.75074 15.3
   vertex 134.5895 -36.15679 15.3
   vertex 137.7785 -40.78043 15.3
  endloop
 endfacet
 facet normal 0 0 -1
  outer loop
   vertex 135.9632 -41.75074 15.3
   vertex 133.6732 -36.64656 15.3
   vertex 134.5895 -36.15679 15.3
  endloop
 endfacet
 facet normal 0 -0 1
  outer loop
   vertex 135.9632 -41.75074 17.5
   vertex 137.7785 -40.78043 17.5
   vertex 134.5895 -36.15679 17.5
  endloop
 endfacet
 facet normal 0 0 1
  outer loop
   vertex 135.9632 -41.75074 17.5
   vertex 134.5895 -36.15679 17.5
   vertex 133.6732 -36.64656 17.5
  endloop
 endfacet
 facet normal 0.4713967 -0.8819213 0
  outer loop
   vertex 135.9632 -41.75074 15.3
   vertex 137.7785 -40.78043 15.3
   vertex 137.7785 -40.78043 17.5
  endloop
 endfacet
 facet normal 0.4713967 -0.8819213 0
  outer loop
   vertex 135.9632 -41.75074 15.3
   vertex 137.7785 -40.78043 17.5
   vertex 135.9632 -41.75074 17.5
  endloop
 endfacet
 facet normal -0.4713967 0.8819213 0
  outer loop
   vertex 133.6732 -36.64656 15.3
   vertex 134.5895 -36.15679 17.5
   vertex 134.5895 -36.15679 15.3
  endloop
 endfacet
 facet normal -0.4713967 0.8819213 0
  outer loop
   vertex 133.6732 -36.64656 15.3
   vertex 133.6732 -36.64656 17.5
   vertex 134.5895 -36.15679 17.5
  endloop
 endfacet
 facet normal 0 0 -1
  outer loop
   vertex 137.7785 -40.78043 15.3
   vertex 135.3927 -35.49767 15.3
   vertex 139.3696 -39.47462 15.3
  endloop
 endfacet
 facet normal 0 0 -1
  outer loop
   vertex 137.7785 -40.78043 15.3
   vertex 134.5895 -36.15679 15.3
   vertex 135.3927 -35.49767 15.3
  endloop
 endfacet
 facet normal 0 -0 1
  outer loop
   vertex 137.7785 -40.78043 17.5
   vertex 139.3696 -39.47462 17.5
   vertex 135.3927 -35.49767 17.5
  endloop
 endfacet
 facet normal 0 0 1
  outer loop
   vertex 137.7785 -40.78043 17.5
   vertex 135.3927 -35.49767 17.5
   vertex 134.5895 -36.15679 17.5
  endloop
 endfacet
 facet normal 0.6343933 -0.7730105 0
  outer loop
   vertex 137.7785 -40.78043 15.3
   vertex 139.3696 -39.47462 15.3
   vertex 139.3696 -39.47462 17.5
  endloop
 endfacet
 facet normal 0.6343933 -0.7730105 0
  outer loop
   vertex 137.7785 -40.78043 15.3
   vertex 139.3696 -39.47462 17.5
   vertex 137.7785 -40.78043 17.5
  endloop
 endfacet
 facet normal -0.6343933 0.7730105 0
  outer loop
   vertex 134.5895 -36.15679 15.3
   vertex 135.3927 -35.49767 17.5
   vertex 135.3927 -35.49767 15.3
  endloop
 endfacet
 facet normal -0.6343933 0.7730105 0
  outer loop
   vertex 134.5895 -36.15679 15.3
   vertex 134.5895 -36.15679 17.5
   vertex 135.3927 -35.49767 17.5
  endloop
 endfacet
 facet normal 0 0 -1
  outer loop
   vertex 139.3696 -39.47462 15.3
   vertex 136.0518 -34.69452 15.3
   vertex 140.6754 -37.88349 15.3
  endloop
 endfacet
 facet normal 0 0 -1
  outer loop
   vertex 139.3696 -39.47462 15.3
   vertex 135.3927 -35.49767 15.3
   vertex 136.0518 -34.69452 15.3
  endloop
 endfacet
 facet normal 0 -0 1
  outer loop
   vertex 139.3696 -39.47462 17.5
   vertex 140.6754 -37.88349 17.5
   vertex 136.0518 -34.69452 17.5
  endloop
 endfacet
 facet normal 0 0 1
  outer loop
   vertex 139.3696 -39.47462 17.5
   vertex 136.0518 -34.69452 17.5
   vertex 135.3927 -35.49767 17.5
  endloop
 endfacet
 facet normal 0.7730105 -0.6343933 0
  outer loop
   vertex 139.3696 -39.47462 15.3
   vertex 140.6754 -37.88349 15.3
   vertex 140.6754 -37.88349 17.5
  endloop
 endfacet
 facet normal 0.7730105 -0.6343933 0
  outer loop
   vertex 139.3696 -39.47462 15.3
   vertex 140.6754 -37.88349 17.5
   vertex 139.3696 -39.47462 17.5
  endloop
 endfacet
 facet normal -0.7730105 0.6343933 0
  outer loop
   vertex 135.3927 -35.49767 15.3
   vertex 136.0518 -34.69452 17.5
   vertex 136.0518 -34.69452 15.3
  endloop
 endfacet
 facet normal -0.7730105 0.6343933 0
  outer loop
   vertex 135.3927 -35.49767 15.3
   vertex 135.3927 -35.49767 17.5
   vertex 136.0518 -34.69452 17.5
  endloop
 endfacet
 facet normal 0 0 -1
  outer loop
   vertex 140.6754 -37.88349 15.3
   vertex 136.5416 -33.77822 15.3
   vertex 141.6457 -36.06818 15.3
  endloop
 endfacet
 facet normal 0 0 -1
  outer loop
   vertex 140.6754 -37.88349 15.3
   vertex 136.0518 -34.69452 15.3
   vertex 136.5416 -33.77822 15.3
  endloop
 endfacet
 facet normal 0 -0 1
  outer loop
   vertex 140.6754 -37.88349 17.5
   vertex 141.6457 -36.06818 17.5
   vertex 136.5416 -33.77822 17.5
  endloop
 endfacet
 facet normal 0 0 1
  outer loop
   vertex 140.6754 -37.88349 17.5
   vertex 136.5416 -33.77822 17.5
   vertex 136.0518 -34.69452 17.5
  endloop
 endfacet
 facet normal 0.8819213 -0.4713967 0
  outer loop
   vertex 140.6754 -37.88349 15.3
   vertex 141.6457 -36.06818 15.3
   vertex 141.6457 -36.06818 17.5
  endloop
 endfacet
 facet normal 0.8819213 -0.4713967 0
  outer loop
   vertex 140.6754 -37.88349 15.3
   vertex 141.6457 -36.06818 17.5
   vertex 140.6754 -37.88349 17.5
  endloop
 endfacet
 facet normal -0.8819213 0.4713967 0
  outer loop
   vertex 136.0518 -34.69452 15.3
   vertex 136.5416 -33.77822 17.5
   vertex 136.5416 -33.77822 15.3
  endloop
 endfacet
 facet normal -0.8819213 0.4713967 0
  outer loop
   vertex 136.0518 -34.69452 15.3
   vertex 136.0518 -34.69452 17.5
   vertex 136.5416 -33.77822 17.5
  endloop
 endfacet
 facet normal 0 0 -1
  outer loop
   vertex 141.6457 -36.06818 15.3
   vertex 136.8432 -32.78398 15.3
   vertex 142.2432 -34.09845 15.3
  endloop
 endfacet
 facet normal 0 0 -1
  outer loop
   vertex 141.6457 -36.06818 15.3
   vertex 136.5416 -33.77822 15.3
   vertex 136.8432 -32.78398 15.3
  endloop
 endfacet
 facet normal 0 -0 1
  outer loop
   vertex 141.6457 -36.06818 17.5
   vertex 142.2432 -34.09845 17.5
   vertex 136.8432 -32.78398 17.5
  endloop
 endfacet
 facet normal 0 0 1
  outer loop
   vertex 141.6457 -36.06818 17.5
   vertex 136.8432 -32.78398 17.5
   vertex 136.5416 -33.77822 17.5
  endloop
 endfacet
 facet normal 0.9569403 -0.2902847 0
  outer loop
   vertex 141.6457 -36.06818 15.3
   vertex 142.2432 -34.09845 15.3
   vertex 142.2432 -34.09845 17.5
  endloop
 endfacet
 facet normal 0.9569403 -0.2902847 0
  outer loop
   vertex 141.6457 -36.06818 15.3
   vertex 142.2432 -34.09845 17.5
   vertex 141.6457 -36.06818 17.5
  endloop
 endfacet
 facet normal -0.9569403 0.2902847 0
  outer loop
   vertex 136.5416 -33.77822 15.3
   vertex 136.8432 -32.78398 17.5
   vertex 136.8432 -32.78398 15.3
  endloop
 endfacet
 facet normal -0.9569403 0.2902847 0
  outer loop
   vertex 136.5416 -33.77822 15.3
   vertex 136.5416 -33.77822 17.5
   vertex 136.8432 -32.78398 17.5
  endloop
 endfacet
 facet normal 0 0 -1
  outer loop
   vertex 142.2432 -34.09845 15.3
   vertex 136.945 -31.75 15.3
   vertex 142.445 -32.05 15.3
  endloop
 endfacet
 facet normal 0 0 -1
  outer loop
   vertex 142.2432 -34.09845 15.3
   vertex 136.8432 -32.78398 15.3
   vertex 136.945 -31.75 15.3
  endloop
 endfacet
 facet normal 0 -0 1
  outer loop
   vertex 142.2432 -34.09845 17.5
   vertex 142.445 -32.05 17.5
   vertex 136.945 -31.75 17.5
  endloop
 endfacet
 facet normal 0 0 1
  outer loop
   vertex 142.2432 -34.09845 17.5
   vertex 136.945 -31.75 17.5
   vertex 136.8432 -32.78398 17.5
  endloop
 endfacet
 facet normal 0.9951847 -0.09801714 0
  outer loop
   vertex 142.2432 -34.09845 15.3
   vertex 142.445 -32.05 15.3
   vertex 142.445 -32.05 17.5
  endloop
 endfacet
 facet normal 0.9951847 -0.09801714 0
  outer loop
   vertex 142.2432 -34.09845 15.3
   vertex 142.445 -32.05 17.5
   vertex 142.2432 -34.09845 17.5
  endloop
 endfacet
 facet normal -0.9951847 0.09801714 0
  outer loop
   vertex 136.8432 -32.78398 15.3
   vertex 136.945 -31.75 17.5
   vertex 136.945 -31.75 15.3
  endloop
 endfacet
 facet normal -0.9951847 0.09801714 0
  outer loop
   vertex 136.8432 -32.78398 15.3
   vertex 136.8432 -32.78398 17.5
   vertex 136.945 -31.75 17.5
  endloop
 endfacet
 facet normal 0 0 -1
  outer loop
   vertex 142.445 -32.05 15.3
   vertex 136.945 31.75 15.3
   vertex 142.445 32.05 15.3
  endloop
 endfacet
 facet normal 0 0 -1
  outer loop
   vertex 142.445 -32.05 15.3
   vertex 136.945 -31.75 15.3
   vertex 136.945 31.75 15.3
  endloop
 endfacet
 facet normal 0 -0 1
  outer loop
   vertex 142.445 -32.05 17.5
   vertex 142.445 32.05 17.5
   vertex 136.945 31.75 17.5
  endloop
 endfacet
 facet normal 0 0 1
  outer loop
   vertex 142.445 -32.05 17.5
   vertex 136.945 31.75 17.5
   vertex 136.945 -31.75 17.5
  endloop
 endfacet
 facet normal 1 0 0
  outer loop
   vertex 142.445 -32.05 15.3
   vertex 142.445 32.05 15.3
   vertex 142.445 32.05 17.5
  endloop
 endfacet
 facet normal 1 0 0
  outer loop
   vertex 142.445 -32.05 15.3
   vertex 142.445 32.05 17.5
   vertex 142.445 -32.05 17.5
  endloop
 endfacet
 facet normal -1 0 0
  outer loop
   vertex 136.945 -31.75 15.3
   vertex 136.945 31.75 17.5
   vertex 136.945 31.75 15.3
  endloop
 endfacet
 facet normal -1 0 0
  outer loop
   vertex 136.945 -31.75 15.3
   vertex 136.945 -31.75 17.5
   vertex 136.945 31.75 17.5
  endloop
 endfacet
 facet normal 0 0 -1
  outer loop
   vertex -99 32.6 17.5
   vertex 99 35 17.5
   vertex 99 32.6 17.5
  endloop
 endfacet
 facet normal 0 0 -1
  outer loop
   vertex -99 32.6 17.5
   vertex -99 35 17.5
   vertex 99 35 17.5
  endloop
 endfacet
 facet normal 0 0 1
  outer loop
   vertex -99 32.6 79.5
   vertex 99 32.6 79.5
   vertex 99 35 79.5
  endloop
 endfacet
 facet normal 0 0 1
  outer loop
   vertex -99 32.6 79.5
   vertex 99 35 79.5
   vertex -99 35 79.5
  endloop
 endfacet
 facet normal 0 -1 0
  outer loop
   vertex -99 32.6 17.5
   vertex 99 32.6 17.5
   vertex 99 32.6 79.5
  endloop
 endfacet
 facet normal 0 -1 0
  outer loop
   vertex -99 32.6 17.5
   vertex 99 32.6 79.5
   vertex -99 32.6 79.5
  endloop
 endfacet
 facet normal 1 0 0
  outer loop
   vertex 99 32.6 17.5
   vertex 99 35 17.5
   vertex 99 35 79.5
  endloop
 endfacet
 facet normal 1 0 0
  outer loop
   vertex 99 32.6 17.5
   vertex 99 35 79.5
   vertex 99 32.6 79.5
  endloop
 endfacet
 facet normal 0 1 0
  outer loop
   vertex 99 35 17.5
   vertex -99 35 17.5
   vertex -99 35 79.5
  endloop
 endfacet
 facet normal 0 1 -0
  outer loop
   vertex 99 35 17.5
   vertex -99 35 79.5
   vertex 99 35 79.5
  endloop
 endfacet
 facet normal -1 0 0
  outer loop
   vertex -99 35 17.5
   vertex -99 32.6 17.5
   vertex -99 32.6 79.5
  endloop
 endfacet
 facet normal -1 0 0
  outer loop
   vertex -99 35 17.5
   vertex -99 32.6 79.5
   vertex -99 35 79.5
  endloop
 endfacet
 facet normal 0 0 -1
  outer loop
   vertex -99 -35 17.5
   vertex 99 -32.6 17.5
   vertex 99 -35 17.5
  endloop
 endfacet
 facet normal 0 0 -1
  outer loop
   vertex -99 -35 17.5
   vertex -99 -32.6 17.5
   vertex 99 -32.6 17.5
  endloop
 endfacet
 facet normal 0 0 1
  outer loop
   vertex -99 -35 79.5
   vertex 99 -35 79.5
   vertex 99 -32.6 79.5
  endloop
 endfacet
 facet normal 0 0 1
  outer loop
   vertex -99 -35 79.5
   vertex 99 -32.6 79.5
   vertex -99 -32.6 79.5
  endloop
 endfacet
 facet normal 0 -1 0
  outer loop
   vertex -99 -35 17.5
   vertex 99 -35 17.5
   vertex 99 -35 79.5
  endloop
 endfacet
 facet normal 0 -1 0
  outer loop
   vertex -99 -35 17.5
   vertex 99 -35 79.5
   vertex -99 -35 79.5
  endloop
 endfacet
 facet normal 1 0 0
  outer loop
   vertex 99 -35 17.5
   vertex 99 -32.6 17.5
   vertex 99 -32.6 79.5
  endloop
 endfacet
 facet normal 1 0 0
  outer loop
   vertex 99 -35 17.5
   vertex 99 -32.6 79.5
   vertex 99 -35 79.5
  endloop
 endfacet
 facet normal 0 1 0
  outer loop
   vertex 99 -32.6 17.5
   vertex -99 -32.6 17.5
   vertex -99 -32.6 79.5
  endloop
 endfacet
 facet normal 0 1 -0
  outer loop
   vertex 99 -32.6 17.5
   vertex -99 -32.6 79.5
   vertex 99 -32.6 79.5
  endloop
 endfacet
 facet normal -1 0 0
  outer loop
   vertex -99 -32.6 17.5
   vertex -99 -35 17.5
   vertex -99 -35 79.5
  endloop
 endfacet
 facet normal -1 0 0
  outer loop
   vertex -99 -32.6 17.5
   vertex -99 -35 79.5
   vertex -99 -32.6 79.5
  endloop
 endfacet
 facet normal 0 0 -1
  outer loop
   vertex -99 -32.6 17.5
   vertex -96.6 32.6 17.5
   vertex -96.6 -32.6 17.5
  endloop
 endfacet
 facet normal 0 0 -1
  outer loop
   vertex -99 -32.6 17.5
   vertex -99 32.6 17.5
   vertex -96.6 32.6 17.5
  endloop
 endfacet
 facet normal 0 0 1
  outer loop
   vertex -99 -32.6 79.5
   vertex -96.6 -32.6 79.5
   vertex -96.6 32.6 79.5
  endloop
 endfacet
 facet normal 0 0 1
  outer loop
   vertex -99 -32.6 79.5
   vertex -96.6 32.6 79.5
   vertex -99 32.6 79.5
  endloop
 endfacet
 facet normal 0 -1 0
  outer loop
   vertex -99 -32.6 17.5
   vertex -96.6 -32.6 17.5
   vertex -96.6 -32.6 79.5
  endloop
 endfacet
 facet normal 0 -1 0
  outer loop
   vertex -99 -32.6 17.5
   vertex -96.6 -32.6 79.5
   vertex -99 -32.6 79.5
  endloop
 endfacet
 facet normal 1 0 0
  outer loop
   vertex -96.6 -32.6 17.5
   vertex -96.6 32.6 17.5
   vertex -96.6 32.6 79.5
  endloop
 endfacet
 facet normal 1 0 0
  outer loop
   vertex -96.6 -32.6 17.5
   vertex -96.6 32.6 79.5
   vertex -96.6 -32.6 79.5
  endloop
 endfacet
 facet normal 0 1 0
  outer loop
   vertex -96.6 32.6 17.5
   vertex -99 32.6 17.5
   vertex -99 32.6 79.5
  endloop
 endfacet
 facet normal 0 1 -0
  outer loop
   vertex -96.6 32.6 17.5
   vertex -99 32.6 79.5
   vertex -96.6 32.6 79.5
  endloop
 endfacet
 facet normal -1 0 0
  outer loop
   vertex -99 32.6 17.5
   vertex -99 -32.6 17.5
   vertex -99 -32.6 79.5
  endloop
 endfacet
 facet normal -1 0 0
  outer loop
   vertex -99 32.6 17.5
   vertex -99 -32.6 79.5
   vertex -99 32.6 79.5
  endloop
 endfacet
 facet normal 0 0 -1
  outer loop
   vertex 96.6 -32.6 17.5
   vertex 99 32.6 17.5
   vertex 99 -32.6 17.5
  endloop
 endfacet
 facet normal 0 0 -1
  outer loop
   vertex 96.6 -32.6 17.5
   vertex 96.6 32.6 17.5
   vertex 99 32.6 17.5
  endloop
 endfacet
 facet normal 0 0 1
  outer loop
   vertex 96.6 -32.6 79.5
   vertex 99 -32.6 79.5
   vertex 99 32.6 79.5
  endloop
 endfacet
 facet normal 0 0 1
  outer loop
   vertex 96.6 -32.6 79.5
   vertex 99 32.6 79.5
   vertex 96.6 32.6 79.5
  endloop
 endfacet
 facet normal 0 -1 0
  outer loop
   vertex 96.6 -32.6 17.5
   vertex 99 -32.6 17.5
   vertex 99 -32.6 79.5
  endloop
 endfacet
 facet normal 0 -1 0
  outer loop
   vertex 96.6 -32.6 17.5
   vertex 99 -32.6 79.5
   vertex 96.6 -32.6 79.5
  endloop
 endfacet
 facet normal 1 0 0
  outer loop
   vertex 99 -32.6 17.5
   vertex 99 32.6 17.5
   vertex 99 32.6 79.5
  endloop
 endfacet
 facet normal 1 0 0
  outer loop
   vertex 99 -32.6 17.5
   vertex 99 32.6 79.5
   vertex 99 -32.6 79.5
  endloop
 endfacet
 facet normal 0 1 0
  outer loop
   vertex 99 32.6 17.5
   vertex 96.6 32.6 17.5
   vertex 96.6 32.6 79.5
  endloop
 endfacet
 facet normal 0 1 -0
  outer loop
   vertex 99 32.6 17.5
   vertex 96.6 32.6 79.5
   vertex 99 32.6 79.5
  endloop
 endfacet
 facet normal -1 0 0
  outer loop
   vertex 96.6 32.6 17.5
   vertex 96.6 -32.6 17.5
   vertex 96.6 -32.6 79.5
  endloop
 endfacet
 facet normal -1 0 0
  outer loop
   vertex 96.6 32.6 17.5
   vertex 96.6 -32.6 79.5
   vertex 96.6 32.6 79.5
  endloop
 endfacet
 facet normal -0 0 -1
  outer loop
   vertex 142.445 32.05 17.5
   vertex 96.56157 30.99018 17.5
   vertex 142.2432 34.09845 17.5
  endloop
 endfacet
 facet normal 0 0 -1
  outer loop
   vertex 142.445 32.05 17.5
   vertex 96.6 30.6 17.5
   vertex 96.56157 30.99018 17.5
  endloop
 endfacet
 facet normal 0 0 1
  outer loop
   vertex 142.445 32.05 19.9
   vertex 142.2432 34.09845 19.9
   vertex 96.56157 30.99018 19.9
  endloop
 endfacet
 facet normal 0 0 1
  outer loop
   vertex 142.445 32.05 19.9
   vertex 96.56157 30.99018 19.9
   vertex 96.6 30.6 19.9
  endloop
 endfacet
 facet normal 0.9951847 0.09801714 0
  outer loop
   vertex 142.445 32.05 17.5
   vertex 142.2432 34.09845 17.5
   vertex 142.2432 34.09845 19.9
  endloop
 endfacet
 facet normal 0.9951847 0.09801714 -0
  outer loop
   vertex 142.445 32.05 17.5
   vertex 142.2432 34.09845 19.9
   vertex 142.445 32.05 19.9
  endloop
 endfacet
 facet normal -0.9951847 -0.09801714 0
  outer loop
   vertex 96.6 30.6 17.5
   vertex 96.56157 30.99018 19.9
   vertex 96.56157 30.99018 17.5
  endloop
 endfacet
 facet normal -0.9951847 -0.09801714 0
  outer loop
   vertex 96.6 30.6 17.5
   vertex 96.6 30.6 19.9
   vertex 96.56157 30.99018 19.9
  endloop
 endfacet
 facet normal -0 0 -1
  outer loop
   vertex 142.2432 34.09845 17.5
   vertex 96.44776 31.36537 17.5
   vertex 141.6457 36.06818 17.5
  endloop
 endfacet
 facet normal 0 0 -1
  outer loop
   vertex 142.2432 34.09845 17.5
   vertex 96.56157 30.99018 17.5
   vertex 96.44776 31.36537 17.5
  endloop
 endfacet
 facet normal 0 0 1
  outer loop
   vertex 142.2432 34.09845 19.9
   vertex 141.6457 36.06818 19.9
   vertex 96.44776 31.36537 19.9
  endloop
 endfacet
 facet normal 0 0 1
  outer loop
   vertex 142.2432 34.09845 19.9
   vertex 96.44776 31.36537 19.9
   vertex 96.56157 30.99018 19.9
  endloop
 endfacet
 facet normal 0.9569403 0.2902847 0
  outer loop
   vertex 142.2432 34.09845 17.5
   vertex 141.6457 36.06818 17.5
   vertex 141.6457 36.06818 19.9
  endloop
 endfacet
 facet normal 0.9569403 0.2902847 -0
  outer loop
   vertex 142.2432 34.09845 17.5
   vertex 141.6457 36.06818 19.9
   vertex 142.2432 34.09845 19.9
  endloop
 endfacet
 facet normal -0.9569403 -0.2902847 0
  outer loop
   vertex 96.56157 30.99018 17.5
   vertex 96.44776 31.36537 19.9
   vertex 96.44776 31.36537 17.5
  endloop
 endfacet
 facet normal -0.9569403 -0.2902847 0
  outer loop
   vertex 96.56157 30.99018 17.5
   vertex 96.56157 30.99018 19.9
   vertex 96.44776 31.36537 19.9
  endloop
 endfacet
 facet normal -0 0 -1
  outer loop
   vertex 141.6457 36.06818 17.5
   vertex 96.26294 31.71114 17.5
   vertex 140.6754 37.88349 17.5
  endloop
 endfacet
 facet normal 0 0 -1
  outer loop
   vertex 141.6457 36.06818 17.5
   vertex 96.44776 31.36537 17.5
   vertex 96.26294 31.71114 17.5
  endloop
 endfacet
 facet normal 0 0 1
  outer loop
   vertex 141.6457 36.06818 19.9
   vertex 140.6754 37.88349 19.9
   vertex 96.26294 31.71114 19.9
  endloop
 endfacet
 facet normal 0 0 1
  outer loop
   vertex 141.6457 36.06818 19.9
   vertex 96.26294 31.71114 19.9
   vertex 96.44776 31.36537 19.9
  endloop
 endfacet
 facet normal 0.8819213 0.4713967 0
  outer loop
   vertex 141.6457 36.06818 17.5
   vertex 140.6754 37.88349 17.5
   vertex 140.6754 37.88349 19.9
  endloop
 endfacet
 facet normal 0.8819213 0.4713967 -0
  outer loop
   vertex 141.6457 36.06818 17.5
   vertex 140.6754 37.88349 19.9
   vertex 141.6457 36.06818 19.9
  endloop
 endfacet
 facet normal -0.8819213 -0.4713967 0
  outer loop
   vertex 96.44776 31.36537 17.5
   vertex 96.26294 31.71114 19.9
   vertex 96.26294 31.71114 17.5
  endloop
 endfacet
 facet normal -0.8819213 -0.4713967 0
  outer loop
   vertex 96.44776 31.36537 17.5
   vertex 96.44776 31.36537 19.9
   vertex 96.26294 31.71114 19.9
  endloop
 endfacet
 facet normal -0 0 -1
  outer loop
   vertex 140.6754 37.88349 17.5
   vertex 96.01421 32.01421 17.5
   vertex 139.3696 39.47462 17.5
  endloop
 endfacet
 facet normal 0 0 -1
  outer loop
   vertex 140.6754 37.88349 17.5
   vertex 96.26294 31.71114 17.5
   vertex 96.01421 32.01421 17.5
  endloop
 endfacet
 facet normal 0 0 1
  outer loop
   vertex 140.6754 37.88349 19.9
   vertex 139.3696 39.47462 19.9
   vertex 96.01421 32.01421 19.9
  endloop
 endfacet
 facet normal 0 0 1
  outer loop
   vertex 140.6754 37.88349 19.9
   vertex 96.01421 32.01421 19.9
   vertex 96.26294 31.71114 19.9
  endloop
 endfacet
 facet normal 0.7730105 0.6343933 0
  outer loop
   vertex 140.6754 37.88349 17.5
   vertex 139.3696 39.47462 17.5
   vertex 139.3696 39.47462 19.9
  endloop
 endfacet
 facet normal 0.7730105 0.6343933 -0
  outer loop
   vertex 140.6754 37.88349 17.5
   vertex 139.3696 39.47462 19.9
   vertex 140.6754 37.88349 19.9
  endloop
 endfacet
 facet normal -0.7730105 -0.6343933 0
  outer loop
   vertex 96.26294 31.71114 17.5
   vertex 96.01421 32.01421 19.9
   vertex 96.01421 32.01421 17.5
  endloop
 endfacet
 facet normal -0.7730105 -0.6343933 0
  outer loop
   vertex 96.26294 31.71114 17.5
   vertex 96.26294 31.71114 19.9
   vertex 96.01421 32.01421 19.9
  endloop
 endfacet
 facet normal -0 0 -1
  outer loop
   vertex 139.3696 39.47462 17.5
   vertex 95.71114 32.26294 17.5
   vertex 137.7785 40.78043 17.5
  endloop
 endfacet
 facet normal 0 0 -1
  outer loop
   vertex 139.3696 39.47462 17.5
   vertex 96.01421 32.01421 17.5
   vertex 95.71114 32.26294 17.5
  endloop
 endfacet
 facet normal 0 0 1
  outer loop
   vertex 139.3696 39.47462 19.9
   vertex 137.7785 40.78043 19.9
   vertex 95.71114 32.26294 19.9
  endloop
 endfacet
 facet normal 0 0 1
  outer loop
   vertex 139.3696 39.47462 19.9
   vertex 95.71114 32.26294 19.9
   vertex 96.01421 32.01421 19.9
  endloop
 endfacet
 facet normal 0.6343933 0.7730105 0
  outer loop
   vertex 139.3696 39.47462 17.5
   vertex 137.7785 40.78043 17.5
   vertex 137.7785 40.78043 19.9
  endloop
 endfacet
 facet normal 0.6343933 0.7730105 -0
  outer loop
   vertex 139.3696 39.47462 17.5
   vertex 137.7785 40.78043 19.9
   vertex 139.3696 39.47462 19.9
  endloop
 endfacet
 facet normal -0.6343933 -0.7730105 0
  outer loop
   vertex 96.01421 32.01421 17.5
   vertex 95.71114 32.26294 19.9
   vertex 95.71114 32.26294 17.5
  endloop
 endfacet
 facet normal -0.6343933 -0.7730105 0
  outer loop
   vertex 96.01421 32.01421 17.5
   vertex 96.01421 32.01421 19.9
   vertex 95.71114 32.26294 19.9
  endloop
 endfacet
 facet normal -0 0 -1
  outer loop
   vertex 137.7785 40.78043 17.5
   vertex 95.36537 32.44776 17.5
   vertex 135.9632 41.75074 17.5
  endloop
 endfacet
 facet normal 0 0 -1
  outer loop
   vertex 137.7785 40.78043 17.5
   vertex 95.71114 32.26294 17.5
   vertex 95.36537 32.44776 17.5
  endloop
 endfacet
 facet normal 0 0 1
  outer loop
   vertex 137.7785 40.78043 19.9
   vertex 135.9632 41.75074 19.9
   vertex 95.36537 32.44776 19.9
  endloop
 endfacet
 facet normal 0 0 1
  outer loop
   vertex 137.7785 40.78043 19.9
   vertex 95.36537 32.44776 19.9
   vertex 95.71114 32.26294 19.9
  endloop
 endfacet
 facet normal 0.4713967 0.8819213 0
  outer loop
   vertex 137.7785 40.78043 17.5
   vertex 135.9632 41.75074 17.5
   vertex 135.9632 41.75074 19.9
  endloop
 endfacet
 facet normal 0.4713967 0.8819213 -0
  outer loop
   vertex 137.7785 40.78043 17.5
   vertex 135.9632 41.75074 19.9
   vertex 137.7785 40.78043 19.9
  endloop
 endfacet
 facet normal -0.4713967 -0.8819213 0
  outer loop
   vertex 95.71114 32.26294 17.5
   vertex 95.36537 32.44776 19.9
   vertex 95.36537 32.44776 17.5
  endloop
 endfacet
 facet normal -0.4713967 -0.8819213 0
  outer loop
   vertex 95.71114 32.26294 17.5
   vertex 95.71114 32.26294 19.9
   vertex 95.36537 32.44776 19.9
  endloop
 endfacet
 facet normal -0 0 -1
  outer loop
   vertex 135.9632 41.75074 17.5
   vertex 94.99018 32.56157 17.5
   vertex 133.9934 42.34825 17.5
  endloop
 endfacet
 facet normal 0 0 -1
  outer loop
   vertex 135.9632 41.75074 17.5
   vertex 95.36537 32.44776 17.5
   vertex 94.99018 32.56157 17.5
  endloop
 endfacet
 facet normal 0 0 1
  outer loop
   vertex 135.9632 41.75074 19.9
   vertex 133.9934 42.34825 19.9
   vertex 94.99018 32.56157 19.9
  endloop
 endfacet
 facet normal 0 0 1
  outer loop
   vertex 135.9632 41.75074 19.9
   vertex 94.99018 32.56157 19.9
   vertex 95.36537 32.44776 19.9
  endloop
 endfacet
 facet normal 0.2902847 0.9569403 0
  outer loop
   vertex 135.9632 41.75074 17.5
   vertex 133.9934 42.34825 17.5
   vertex 133.9934 42.34825 19.9
  endloop
 endfacet
 facet normal 0.2902847 0.9569403 -0
  outer loop
   vertex 135.9632 41.75074 17.5
   vertex 133.9934 42.34825 19.9
   vertex 135.9632 41.75074 19.9
  endloop
 endfacet
 facet normal -0.2902847 -0.9569403 0
  outer loop
   vertex 95.36537 32.44776 17.5
   vertex 94.99018 32.56157 19.9
   vertex 94.99018 32.56157 17.5
  endloop
 endfacet
 facet normal -0.2902847 -0.9569403 0
  outer loop
   vertex 95.36537 32.44776 17.5
   vertex 95.36537 32.44776 19.9
   vertex 94.99018 32.56157 19.9
  endloop
 endfacet
 facet normal -0 0 -1
  outer loop
   vertex 133.9934 42.34825 17.5
   vertex 94.6 32.6 17.5
   vertex 131.945 42.55 17.5
  endloop
 endfacet
 facet normal 0 0 -1
  outer loop
   vertex 133.9934 42.34825 17.5
   vertex 94.99018 32.56157 17.5
   vertex 94.6 32.6 17.5
  endloop
 endfacet
 facet normal 0 0 1
  outer loop
   vertex 133.9934 42.34825 19.9
   vertex 131.945 42.55 19.9
   vertex 94.6 32.6 19.9
  endloop
 endfacet
 facet normal 0 0 1
  outer loop
   vertex 133.9934 42.34825 19.9
   vertex 94.6 32.6 19.9
   vertex 94.99018 32.56157 19.9
  endloop
 endfacet
 facet normal 0.09801714 0.9951847 0
  outer loop
   vertex 133.9934 42.34825 17.5
   vertex 131.945 42.55 17.5
   vertex 131.945 42.55 19.9
  endloop
 endfacet
 facet normal 0.09801714 0.9951847 -0
  outer loop
   vertex 133.9934 42.34825 17.5
   vertex 131.945 42.55 19.9
   vertex 133.9934 42.34825 19.9
  endloop
 endfacet
 facet normal -0.09801714 -0.9951847 0
  outer loop
   vertex 94.99018 32.56157 17.5
   vertex 94.6 32.6 19.9
   vertex 94.6 32.6 17.5
  endloop
 endfacet
 facet normal -0.09801714 -0.9951847 0
  outer loop
   vertex 94.99018 32.56157 17.5
   vertex 94.99018 32.56157 19.9
   vertex 94.6 32.6 19.9
  endloop
 endfacet
 facet normal -0 0 -1
  outer loop
   vertex 131.945 42.55 17.5
   vertex -94.6 32.6 17.5
   vertex -131.945 42.55 17.5
  endloop
 endfacet
 facet normal 0 0 -1
  outer loop
   vertex 131.945 42.55 17.5
   vertex 94.6 32.6 17.5
   vertex -94.6 32.6 17.5
  endloop
 endfacet
 facet normal 0 0 1
  outer loop
   vertex 131.945 42.55 19.9
   vertex -131.945 42.55 19.9
   vertex -94.6 32.6 19.9
  endloop
 endfacet
 facet normal 0 0 1
  outer loop
   vertex 131.945 42.55 19.9
   vertex -94.6 32.6 19.9
   vertex 94.6 32.6 19.9
  endloop
 endfacet
 facet normal 0 1 0
  outer loop
   vertex 131.945 42.55 17.5
   vertex -131.945 42.55 17.5
   vertex -131.945 42.55 19.9
  endloop
 endfacet
 facet normal 0 1 -0
  outer loop
   vertex 131.945 42.55 17.5
   vertex -131.945 42.55 19.9
   vertex 131.945 42.55 19.9
  endloop
 endfacet
 facet normal 0 -1 0
  outer loop
   vertex 94.6 32.6 17.5
   vertex -94.6 32.6 19.9
   vertex -94.6 32.6 17.5
  endloop
 endfacet
 facet normal 0 -1 0
  outer loop
   vertex 94.6 32.6 17.5
   vertex 94.6 32.6 19.9
   vertex -94.6 32.6 19.9
  endloop
 endfacet
 facet normal 0 -0 -1
  outer loop
   vertex -131.945 42.55 17.5
   vertex -94.99018 32.56157 17.5
   vertex -133.9934 42.34825 17.5
  endloop
 endfacet
 facet normal 0 0 -1
  outer loop
   vertex -131.945 42.55 17.5
   vertex -94.6 32.6 17.5
   vertex -94.99018 32.56157 17.5
  endloop
 endfacet
 facet normal 0 0 1
  outer loop
   vertex -131.945 42.55 19.9
   vertex -133.9934 42.34825 19.9
   vertex -94.99018 32.56157 19.9
  endloop
 endfacet
 facet normal 0 0 1
  outer loop
   vertex -131.945 42.55 19.9
   vertex -94.99018 32.56157 19.9
   vertex -94.6 32.6 19.9
  endloop
 endfacet
 facet normal -0.09801714 0.9951847 0
  outer loop
   vertex -131.945 42.55 17.5
   vertex -133.9934 42.34825 17.5
   vertex -133.9934 42.34825 19.9
  endloop
 endfacet
 facet normal -0.09801714 0.9951847 0
  outer loop
   vertex -131.945 42.55 17.5
   vertex -133.9934 42.34825 19.9
   vertex -131.945 42.55 19.9
  endloop
 endfacet
 facet normal 0.09801714 -0.9951847 0
  outer loop
   vertex -94.6 32.6 17.5
   vertex -94.99018 32.56157 19.9
   vertex -94.99018 32.56157 17.5
  endloop
 endfacet
 facet normal 0.09801714 -0.9951847 0
  outer loop
   vertex -94.6 32.6 17.5
   vertex -94.6 32.6 19.9
   vertex -94.99018 32.56157 19.9
  endloop
 endfacet
 facet normal 0 -0 -1
  outer loop
   vertex -133.9934 42.34825 17.5
   vertex -95.36537 32.44776 17.5
   vertex -135.9632 41.75074 17.5
  endloop
 endfacet
 facet normal 0 0 -1
  outer loop
   vertex -133.9934 42.34825 17.5
   vertex -94.99018 32.56157 17.5
   vertex -95.36537 32.44776 17.5
  endloop
 endfacet
 facet normal 0 0 1
  outer loop
   vertex -133.9934 42.34825 19.9
   vertex -135.9632 41.75074 19.9
   vertex -95.36537 32.44776 19.9
  endloop
 endfacet
 facet normal 0 0 1
  outer loop
   vertex -133.9934 42.34825 19.9
   vertex -95.36537 32.44776 19.9
   vertex -94.99018 32.56157 19.9
  endloop
 endfacet
 facet normal -0.2902847 0.9569403 0
  outer loop
   vertex -133.9934 42.34825 17.5
   vertex -135.9632 41.75074 17.5
   vertex -135.9632 41.75074 19.9
  endloop
 endfacet
 facet normal -0.2902847 0.9569403 0
  outer loop
   vertex -133.9934 42.34825 17.5
   vertex -135.9632 41.75074 19.9
   vertex -133.9934 42.34825 19.9
  endloop
 endfacet
 facet normal 0.2902847 -0.9569403 0
  outer loop
   vertex -94.99018 32.56157 17.5
   vertex -95.36537 32.44776 19.9
   vertex -95.36537 32.44776 17.5
  endloop
 endfacet
 facet normal 0.2902847 -0.9569403 0
  outer loop
   vertex -94.99018 32.56157 17.5
   vertex -94.99018 32.56157 19.9
   vertex -95.36537 32.44776 19.9
  endloop
 endfacet
 facet normal 0 -0 -1
  outer loop
   vertex -135.9632 41.75074 17.5
   vertex -95.71114 32.26294 17.5
   vertex -137.7785 40.78043 17.5
  endloop
 endfacet
 facet normal 0 0 -1
  outer loop
   vertex -135.9632 41.75074 17.5
   vertex -95.36537 32.44776 17.5
   vertex -95.71114 32.26294 17.5
  endloop
 endfacet
 facet normal 0 0 1
  outer loop
   vertex -135.9632 41.75074 19.9
   vertex -137.7785 40.78043 19.9
   vertex -95.71114 32.26294 19.9
  endloop
 endfacet
 facet normal 0 0 1
  outer loop
   vertex -135.9632 41.75074 19.9
   vertex -95.71114 32.26294 19.9
   vertex -95.36537 32.44776 19.9
  endloop
 endfacet
 facet normal -0.4713967 0.8819213 0
  outer loop
   vertex -135.9632 41.75074 17.5
   vertex -137.7785 40.78043 17.5
   vertex -137.7785 40.78043 19.9
  endloop
 endfacet
 facet normal -0.4713967 0.8819213 0
  outer loop
   vertex -135.9632 41.75074 17.5
   vertex -137.7785 40.78043 19.9
   vertex -135.9632 41.75074 19.9
  endloop
 endfacet
 facet normal 0.4713967 -0.8819213 0
  outer loop
   vertex -95.36537 32.44776 17.5
   vertex -95.71114 32.26294 19.9
   vertex -95.71114 32.26294 17.5
  endloop
 endfacet
 facet normal 0.4713967 -0.8819213 0
  outer loop
   vertex -95.36537 32.44776 17.5
   vertex -95.36537 32.44776 19.9
   vertex -95.71114 32.26294 19.9
  endloop
 endfacet
 facet normal 0 -0 -1
  outer loop
   vertex -137.7785 40.78043 17.5
   vertex -96.01421 32.01421 17.5
   vertex -139.3696 39.47462 17.5
  endloop
 endfacet
 facet normal 0 0 -1
  outer loop
   vertex -137.7785 40.78043 17.5
   vertex -95.71114 32.26294 17.5
   vertex -96.01421 32.01421 17.5
  endloop
 endfacet
 facet normal 0 0 1
  outer loop
   vertex -137.7785 40.78043 19.9
   vertex -139.3696 39.47462 19.9
   vertex -96.01421 32.01421 19.9
  endloop
 endfacet
 facet normal 0 0 1
  outer loop
   vertex -137.7785 40.78043 19.9
   vertex -96.01421 32.01421 19.9
   vertex -95.71114 32.26294 19.9
  endloop
 endfacet
 facet normal -0.6343933 0.7730105 0
  outer loop
   vertex -137.7785 40.78043 17.5
   vertex -139.3696 39.47462 17.5
   vertex -139.3696 39.47462 19.9
  endloop
 endfacet
 facet normal -0.6343933 0.7730105 0
  outer loop
   vertex -137.7785 40.78043 17.5
   vertex -139.3696 39.47462 19.9
   vertex -137.7785 40.78043 19.9
  endloop
 endfacet
 facet normal 0.6343933 -0.7730105 0
  outer loop
   vertex -95.71114 32.26294 17.5
   vertex -96.01421 32.01421 19.9
   vertex -96.01421 32.01421 17.5
  endloop
 endfacet
 facet normal 0.6343933 -0.7730105 0
  outer loop
   vertex -95.71114 32.26294 17.5
   vertex -95.71114 32.26294 19.9
   vertex -96.01421 32.01421 19.9
  endloop
 endfacet
 facet normal 0 -0 -1
  outer loop
   vertex -139.3696 39.47462 17.5
   vertex -96.26294 31.71114 17.5
   vertex -140.6754 37.88349 17.5
  endloop
 endfacet
 facet normal 0 0 -1
  outer loop
   vertex -139.3696 39.47462 17.5
   vertex -96.01421 32.01421 17.5
   vertex -96.26294 31.71114 17.5
  endloop
 endfacet
 facet normal 0 0 1
  outer loop
   vertex -139.3696 39.47462 19.9
   vertex -140.6754 37.88349 19.9
   vertex -96.26294 31.71114 19.9
  endloop
 endfacet
 facet normal 0 0 1
  outer loop
   vertex -139.3696 39.47462 19.9
   vertex -96.26294 31.71114 19.9
   vertex -96.01421 32.01421 19.9
  endloop
 endfacet
 facet normal -0.7730105 0.6343933 0
  outer loop
   vertex -139.3696 39.47462 17.5
   vertex -140.6754 37.88349 17.5
   vertex -140.6754 37.88349 19.9
  endloop
 endfacet
 facet normal -0.7730105 0.6343933 0
  outer loop
   vertex -139.3696 39.47462 17.5
   vertex -140.6754 37.88349 19.9
   vertex -139.3696 39.47462 19.9
  endloop
 endfacet
 facet normal 0.7730105 -0.6343933 0
  outer loop
   vertex -96.01421 32.01421 17.5
   vertex -96.26294 31.71114 19.9
   vertex -96.26294 31.71114 17.5
  endloop
 endfacet
 facet normal 0.7730105 -0.6343933 0
  outer loop
   vertex -96.01421 32.01421 17.5
   vertex -96.01421 32.01421 19.9
   vertex -96.26294 31.71114 19.9
  endloop
 endfacet
 facet normal 0 -0 -1
  outer loop
   vertex -140.6754 37.88349 17.5
   vertex -96.44776 31.36537 17.5
   vertex -141.6457 36.06818 17.5
  endloop
 endfacet
 facet normal 0 0 -1
  outer loop
   vertex -140.6754 37.88349 17.5
   vertex -96.26294 31.71114 17.5
   vertex -96.44776 31.36537 17.5
  endloop
 endfacet
 facet normal 0 0 1
  outer loop
   vertex -140.6754 37.88349 19.9
   vertex -141.6457 36.06818 19.9
   vertex -96.44776 31.36537 19.9
  endloop
 endfacet
 facet normal 0 0 1
  outer loop
   vertex -140.6754 37.88349 19.9
   vertex -96.44776 31.36537 19.9
   vertex -96.26294 31.71114 19.9
  endloop
 endfacet
 facet normal -0.8819213 0.4713967 0
  outer loop
   vertex -140.6754 37.88349 17.5
   vertex -141.6457 36.06818 17.5
   vertex -141.6457 36.06818 19.9
  endloop
 endfacet
 facet normal -0.8819213 0.4713967 0
  outer loop
   vertex -140.6754 37.88349 17.5
   vertex -141.6457 36.06818 19.9
   vertex -140.6754 37.88349 19.9
  endloop
 endfacet
 facet normal 0.8819213 -0.4713967 0
  outer loop
   vertex -96.26294 31.71114 17.5
   vertex -96.44776 31.36537 19.9
   vertex -96.44776 31.36537 17.5
  endloop
 endfacet
 facet normal 0.8819213 -0.4713967 0
  outer loop
   vertex -96.26294 31.71114 17.5
   vertex -96.26294 31.71114 19.9
   vertex -96.44776 31.36537 19.9
  endloop
 endfacet
 facet normal 0 -0 -1
  outer loop
   vertex -141.6457 36.06818 17.5
   vertex -96.56157 30.99018 17.5
   vertex -142.2432 34.09845 17.5
  endloop
 endfacet
 facet normal 0 0 -1
  outer loop
   vertex -141.6457 36.06818 17.5
   vertex -96.44776 31.36537 17.5
   vertex -96.56157 30.99018 17.5
  endloop
 endfacet
 facet normal 0 0 1
  outer loop
   vertex -141.6457 36.06818 19.9
   vertex -142.2432 34.09845 19.9
   vertex -96.56157 30.99018 19.9
  endloop
 endfacet
 facet normal 0 0 1
  outer loop
   vertex -141.6457 36.06818 19.9
   vertex -96.56157 30.99018 19.9
   vertex -96.44776 31.36537 19.9
  endloop
 endfacet
 facet normal -0.9569403 0.2902847 0
  outer loop
   vertex -141.6457 36.06818 17.5
   vertex -142.2432 34.09845 17.5
   vertex -142.2432 34.09845 19.9
  endloop
 endfacet
 facet normal -0.9569403 0.2902847 0
  outer loop
   vertex -141.6457 36.06818 17.5
   vertex -142.2432 34.09845 19.9
   vertex -141.6457 36.06818 19.9
  endloop
 endfacet
 facet normal 0.9569403 -0.2902847 0
  outer loop
   vertex -96.44776 31.36537 17.5
   vertex -96.56157 30.99018 19.9
   vertex -96.56157 30.99018 17.5
  endloop
 endfacet
 facet normal 0.9569403 -0.2902847 0
  outer loop
   vertex -96.44776 31.36537 17.5
   vertex -96.44776 31.36537 19.9
   vertex -96.56157 30.99018 19.9
  endloop
 endfacet
 facet normal 0 -0 -1
  outer loop
   vertex -142.2432 34.09845 17.5
   vertex -96.6 30.6 17.5
   vertex -142.445 32.05 17.5
  endloop
 endfacet
 facet normal 0 0 -1
  outer loop
   vertex -142.2432 34.09845 17.5
   vertex -96.56157 30.99018 17.5
   vertex -96.6 30.6 17.5
  endloop
 endfacet
 facet normal 0 0 1
  outer loop
   vertex -142.2432 34.09845 19.9
   vertex -142.445 32.05 19.9
   vertex -96.6 30.6 19.9
  endloop
 endfacet
 facet normal 0 0 1
  outer loop
   vertex -142.2432 34.09845 19.9
   vertex -96.6 30.6 19.9
   vertex -96.56157 30.99018 19.9
  endloop
 endfacet
 facet normal -0.9951847 0.09801714 0
  outer loop
   vertex -142.2432 34.09845 17.5
   vertex -142.445 32.05 17.5
   vertex -142.445 32.05 19.9
  endloop
 endfacet
 facet normal -0.9951847 0.09801714 0
  outer loop
   vertex -142.2432 34.09845 17.5
   vertex -142.445 32.05 19.9
   vertex -142.2432 34.09845 19.9
  endloop
 endfacet
 facet normal 0.9951847 -0.09801714 0
  outer loop
   vertex -96.56157 30.99018 17.5
   vertex -96.6 30.6 19.9
   vertex -96.6 30.6 17.5
  endloop
 endfacet
 facet normal 0.9951847 -0.09801714 0
  outer loop
   vertex -96.56157 30.99018 17.5
   vertex -96.56157 30.99018 19.9
   vertex -96.6 30.6 19.9
  endloop
 endfacet
 facet normal 0 0 -1
  outer loop
   vertex -142.445 32.05 17.5
   vertex -96.6 -30.6 17.5
   vertex -142.445 -32.05 17.5
  endloop
 endfacet
 facet normal 0 0 -1
  outer loop
   vertex -142.445 32.05 17.5
   vertex -96.6 30.6 17.5
   vertex -96.6 -30.6 17.5
  endloop
 endfacet
 facet normal 0 0 1
  outer loop
   vertex -142.445 32.05 19.9
   vertex -142.445 -32.05 19.9
   vertex -96.6 -30.6 19.9
  endloop
 endfacet
 facet normal 0 0 1
  outer loop
   vertex -142.445 32.05 19.9
   vertex -96.6 -30.6 19.9
   vertex -96.6 30.6 19.9
  endloop
 endfacet
 facet normal -1 0 0
  outer loop
   vertex -142.445 32.05 17.5
   vertex -142.445 -32.05 17.5
   vertex -142.445 -32.05 19.9
  endloop
 endfacet
 facet normal -1 0 0
  outer loop
   vertex -142.445 32.05 17.5
   vertex -142.445 -32.05 19.9
   vertex -142.445 32.05 19.9
  endloop
 endfacet
 facet normal 1 0 0
  outer loop
   vertex -96.6 30.6 17.5
   vertex -96.6 -30.6 19.9
   vertex -96.6 -30.6 17.5
  endloop
 endfacet
 facet normal 1 0 -0
  outer loop
   vertex -96.6 30.6 17.5
   vertex -96.6 30.6 19.9
   vertex -96.6 -30.6 19.9
  endloop
 endfacet
 facet normal 0 0 -1
  outer loop
   vertex -142.445 -32.05 17.5
   vertex -96.56157 -30.99018 17.5
   vertex -142.2432 -34.09845 17.5
  endloop
 endfacet
 facet normal 0 0 -1
  outer loop
   vertex -142.445 -32.05 17.5
   vertex -96.6 -30.6 17.5
   vertex -96.56157 -30.99018 17.5
  endloop
 endfacet
 facet normal -0 0 1
  outer loop
   vertex -142.445 -32.05 19.9
   vertex -142.2432 -34.09845 19.9
   vertex -96.56157 -30.99018 19.9
  endloop
 endfacet
 facet normal 0 0 1
  outer loop
   vertex -142.445 -32.05 19.9
   vertex -96.56157 -30.99018 19.9
   vertex -96.6 -30.6 19.9
  endloop
 endfacet
 facet normal -0.9951847 -0.09801714 0
  outer loop
   vertex -142.445 -32.05 17.5
   vertex -142.2432 -34.09845 17.5
   vertex -142.2432 -34.09845 19.9
  endloop
 endfacet
 facet normal -0.9951847 -0.09801714 0
  outer loop
   vertex -142.445 -32.05 17.5
   vertex -142.2432 -34.09845 19.9
   vertex -142.445 -32.05 19.9
  endloop
 endfacet
 facet normal 0.9951847 0.09801714 0
  outer loop
   vertex -96.6 -30.6 17.5
   vertex -96.56157 -30.99018 19.9
   vertex -96.56157 -30.99018 17.5
  endloop
 endfacet
 facet normal 0.9951847 0.09801714 -0
  outer loop
   vertex -96.6 -30.6 17.5
   vertex -96.6 -30.6 19.9
   vertex -96.56157 -30.99018 19.9
  endloop
 endfacet
 facet normal 0 0 -1
  outer loop
   vertex -142.2432 -34.09845 17.5
   vertex -96.44776 -31.36537 17.5
   vertex -141.6457 -36.06818 17.5
  endloop
 endfacet
 facet normal 0 0 -1
  outer loop
   vertex -142.2432 -34.09845 17.5
   vertex -96.56157 -30.99018 17.5
   vertex -96.44776 -31.36537 17.5
  endloop
 endfacet
 facet normal -0 0 1
  outer loop
   vertex -142.2432 -34.09845 19.9
   vertex -141.6457 -36.06818 19.9
   vertex -96.44776 -31.36537 19.9
  endloop
 endfacet
 facet normal 0 0 1
  outer loop
   vertex -142.2432 -34.09845 19.9
   vertex -96.44776 -31.36537 19.9
   vertex -96.56157 -30.99018 19.9
  endloop
 endfacet
 facet normal -0.9569403 -0.2902847 0
  outer loop
   vertex -142.2432 -34.09845 17.5
   vertex -141.6457 -36.06818 17.5
   vertex -141.6457 -36.06818 19.9
  endloop
 endfacet
 facet normal -0.9569403 -0.2902847 0
  outer loop
   vertex -142.2432 -34.09845 17.5
   vertex -141.6457 -36.06818 19.9
   vertex -142.2432 -34.09845 19.9
  endloop
 endfacet
 facet normal 0.9569403 0.2902847 0
  outer loop
   vertex -96.56157 -30.99018 17.5
   vertex -96.44776 -31.36537 19.9
   vertex -96.44776 -31.36537 17.5
  endloop
 endfacet
 facet normal 0.9569403 0.2902847 -0
  outer loop
   vertex -96.56157 -30.99018 17.5
   vertex -96.56157 -30.99018 19.9
   vertex -96.44776 -31.36537 19.9
  endloop
 endfacet
 facet normal 0 0 -1
  outer loop
   vertex -141.6457 -36.06818 17.5
   vertex -96.26294 -31.71114 17.5
   vertex -140.6754 -37.88349 17.5
  endloop
 endfacet
 facet normal 0 0 -1
  outer loop
   vertex -141.6457 -36.06818 17.5
   vertex -96.44776 -31.36537 17.5
   vertex -96.26294 -31.71114 17.5
  endloop
 endfacet
 facet normal -0 0 1
  outer loop
   vertex -141.6457 -36.06818 19.9
   vertex -140.6754 -37.88349 19.9
   vertex -96.26294 -31.71114 19.9
  endloop
 endfacet
 facet normal 0 0 1
  outer loop
   vertex -141.6457 -36.06818 19.9
   vertex -96.26294 -31.71114 19.9
   vertex -96.44776 -31.36537 19.9
  endloop
 endfacet
 facet normal -0.8819213 -0.4713967 0
  outer loop
   vertex -141.6457 -36.06818 17.5
   vertex -140.6754 -37.88349 17.5
   vertex -140.6754 -37.88349 19.9
  endloop
 endfacet
 facet normal -0.8819213 -0.4713967 0
  outer loop
   vertex -141.6457 -36.06818 17.5
   vertex -140.6754 -37.88349 19.9
   vertex -141.6457 -36.06818 19.9
  endloop
 endfacet
 facet normal 0.8819213 0.4713967 0
  outer loop
   vertex -96.44776 -31.36537 17.5
   vertex -96.26294 -31.71114 19.9
   vertex -96.26294 -31.71114 17.5
  endloop
 endfacet
 facet normal 0.8819213 0.4713967 -0
  outer loop
   vertex -96.44776 -31.36537 17.5
   vertex -96.44776 -31.36537 19.9
   vertex -96.26294 -31.71114 19.9
  endloop
 endfacet
 facet normal 0 0 -1
  outer loop
   vertex -140.6754 -37.88349 17.5
   vertex -96.01421 -32.01421 17.5
   vertex -139.3696 -39.47462 17.5
  endloop
 endfacet
 facet normal 0 0 -1
  outer loop
   vertex -140.6754 -37.88349 17.5
   vertex -96.26294 -31.71114 17.5
   vertex -96.01421 -32.01421 17.5
  endloop
 endfacet
 facet normal -0 0 1
  outer loop
   vertex -140.6754 -37.88349 19.9
   vertex -139.3696 -39.47462 19.9
   vertex -96.01421 -32.01421 19.9
  endloop
 endfacet
 facet normal 0 0 1
  outer loop
   vertex -140.6754 -37.88349 19.9
   vertex -96.01421 -32.01421 19.9
   vertex -96.26294 -31.71114 19.9
  endloop
 endfacet
 facet normal -0.7730105 -0.6343933 0
  outer loop
   vertex -140.6754 -37.88349 17.5
   vertex -139.3696 -39.47462 17.5
   vertex -139.3696 -39.47462 19.9
  endloop
 endfacet
 facet normal -0.7730105 -0.6343933 0
  outer loop
   vertex -140.6754 -37.88349 17.5
   vertex -139.3696 -39.47462 19.9
   vertex -140.6754 -37.88349 19.9
  endloop
 endfacet
 facet normal 0.7730105 0.6343933 0
  outer loop
   vertex -96.26294 -31.71114 17.5
   vertex -96.01421 -32.01421 19.9
   vertex -96.01421 -32.01421 17.5
  endloop
 endfacet
 facet normal 0.7730105 0.6343933 -0
  outer loop
   vertex -96.26294 -31.71114 17.5
   vertex -96.26294 -31.71114 19.9
   vertex -96.01421 -32.01421 19.9
  endloop
 endfacet
 facet normal 0 0 -1
  outer loop
   vertex -139.3696 -39.47462 17.5
   vertex -95.71114 -32.26294 17.5
   vertex -137.7785 -40.78043 17.5
  endloop
 endfacet
 facet normal 0 0 -1
  outer loop
   vertex -139.3696 -39.47462 17.5
   vertex -96.01421 -32.01421 17.5
   vertex -95.71114 -32.26294 17.5
  endloop
 endfacet
 facet normal -0 0 1
  outer loop
   vertex -139.3696 -39.47462 19.9
   vertex -137.7785 -40.78043 19.9
   vertex -95.71114 -32.26294 19.9
  endloop
 endfacet
 facet normal 0 0 1
  outer loop
   vertex -139.3696 -39.47462 19.9
   vertex -95.71114 -32.26294 19.9
   vertex -96.01421 -32.01421 19.9
  endloop
 endfacet
 facet normal -0.6343933 -0.7730105 0
  outer loop
   vertex -139.3696 -39.47462 17.5
   vertex -137.7785 -40.78043 17.5
   vertex -137.7785 -40.78043 19.9
  endloop
 endfacet
 facet normal -0.6343933 -0.7730105 0
  outer loop
   vertex -139.3696 -39.47462 17.5
   vertex -137.7785 -40.78043 19.9
   vertex -139.3696 -39.47462 19.9
  endloop
 endfacet
 facet normal 0.6343933 0.7730105 0
  outer loop
   vertex -96.01421 -32.01421 17.5
   vertex -95.71114 -32.26294 19.9
   vertex -95.71114 -32.26294 17.5
  endloop
 endfacet
 facet normal 0.6343933 0.7730105 -0
  outer loop
   vertex -96.01421 -32.01421 17.5
   vertex -96.01421 -32.01421 19.9
   vertex -95.71114 -32.26294 19.9
  endloop
 endfacet
 facet normal 0 0 -1
  outer loop
   vertex -137.7785 -40.78043 17.5
   vertex -95.36537 -32.44776 17.5
   vertex -135.9632 -41.75074 17.5
  endloop
 endfacet
 facet normal 0 0 -1
  outer loop
   vertex -137.7785 -40.78043 17.5
   vertex -95.71114 -32.26294 17.5
   vertex -95.36537 -32.44776 17.5
  endloop
 endfacet
 facet normal -0 0 1
  outer loop
   vertex -137.7785 -40.78043 19.9
   vertex -135.9632 -41.75074 19.9
   vertex -95.36537 -32.44776 19.9
  endloop
 endfacet
 facet normal 0 0 1
  outer loop
   vertex -137.7785 -40.78043 19.9
   vertex -95.36537 -32.44776 19.9
   vertex -95.71114 -32.26294 19.9
  endloop
 endfacet
 facet normal -0.4713967 -0.8819213 0
  outer loop
   vertex -137.7785 -40.78043 17.5
   vertex -135.9632 -41.75074 17.5
   vertex -135.9632 -41.75074 19.9
  endloop
 endfacet
 facet normal -0.4713967 -0.8819213 0
  outer loop
   vertex -137.7785 -40.78043 17.5
   vertex -135.9632 -41.75074 19.9
   vertex -137.7785 -40.78043 19.9
  endloop
 endfacet
 facet normal 0.4713967 0.8819213 0
  outer loop
   vertex -95.71114 -32.26294 17.5
   vertex -95.36537 -32.44776 19.9
   vertex -95.36537 -32.44776 17.5
  endloop
 endfacet
 facet normal 0.4713967 0.8819213 -0
  outer loop
   vertex -95.71114 -32.26294 17.5
   vertex -95.71114 -32.26294 19.9
   vertex -95.36537 -32.44776 19.9
  endloop
 endfacet
 facet normal 0 0 -1
  outer loop
   vertex -135.9632 -41.75074 17.5
   vertex -94.99018 -32.56157 17.5
   vertex -133.9934 -42.34825 17.5
  endloop
 endfacet
 facet normal 0 0 -1
  outer loop
   vertex -135.9632 -41.75074 17.5
   vertex -95.36537 -32.44776 17.5
   vertex -94.99018 -32.56157 17.5
  endloop
 endfacet
 facet normal -0 0 1
  outer loop
   vertex -135.9632 -41.75074 19.9
   vertex -133.9934 -42.34825 19.9
   vertex -94.99018 -32.56157 19.9
  endloop
 endfacet
 facet normal 0 0 1
  outer loop
   vertex -135.9632 -41.75074 19.9
   vertex -94.99018 -32.56157 19.9
   vertex -95.36537 -32.44776 19.9
  endloop
 endfacet
 facet normal -0.2902847 -0.9569403 0
  outer loop
   vertex -135.9632 -41.75074 17.5
   vertex -133.9934 -42.34825 17.5
   vertex -133.9934 -42.34825 19.9
  endloop
 endfacet
 facet normal -0.2902847 -0.9569403 0
  outer loop
   vertex -135.9632 -41.75074 17.5
   vertex -133.9934 -42.34825 19.9
   vertex -135.9632 -41.75074 19.9
  endloop
 endfacet
 facet normal 0.2902847 0.9569403 0
  outer loop
   vertex -95.36537 -32.44776 17.5
   vertex -94.99018 -32.56157 19.9
   vertex -94.99018 -32.56157 17.5
  endloop
 endfacet
 facet normal 0.2902847 0.9569403 -0
  outer loop
   vertex -95.36537 -32.44776 17.5
   vertex -95.36537 -32.44776 19.9
   vertex -94.99018 -32.56157 19.9
  endloop
 endfacet
 facet normal 0 0 -1
  outer loop
   vertex -133.9934 -42.34825 17.5
   vertex -94.6 -32.6 17.5
   vertex -131.945 -42.55 17.5
  endloop
 endfacet
 facet normal 0 0 -1
  outer loop
   vertex -133.9934 -42.34825 17.5
   vertex -94.99018 -32.56157 17.5
   vertex -94.6 -32.6 17.5
  endloop
 endfacet
 facet normal -0 0 1
  outer loop
   vertex -133.9934 -42.34825 19.9
   vertex -131.945 -42.55 19.9
   vertex -94.6 -32.6 19.9
  endloop
 endfacet
 facet normal 0 0 1
  outer loop
   vertex -133.9934 -42.34825 19.9
   vertex -94.6 -32.6 19.9
   vertex -94.99018 -32.56157 19.9
  endloop
 endfacet
 facet normal -0.09801714 -0.9951847 0
  outer loop
   vertex -133.9934 -42.34825 17.5
   vertex -131.945 -42.55 17.5
   vertex -131.945 -42.55 19.9
  endloop
 endfacet
 facet normal -0.09801714 -0.9951847 0
  outer loop
   vertex -133.9934 -42.34825 17.5
   vertex -131.945 -42.55 19.9
   vertex -133.9934 -42.34825 19.9
  endloop
 endfacet
 facet normal 0.09801714 0.9951847 0
  outer loop
   vertex -94.99018 -32.56157 17.5
   vertex -94.6 -32.6 19.9
   vertex -94.6 -32.6 17.5
  endloop
 endfacet
 facet normal 0.09801714 0.9951847 -0
  outer loop
   vertex -94.99018 -32.56157 17.5
   vertex -94.99018 -32.56157 19.9
   vertex -94.6 -32.6 19.9
  endloop
 endfacet
 facet normal 0 0 -1
  outer loop
   vertex -131.945 -42.55 17.5
   vertex 94.6 -32.6 17.5
   vertex 131.945 -42.55 17.5
  endloop
 endfacet
 facet normal 0 0 -1
  outer loop
   vertex -131.945 -42.55 17.5
   vertex -94.6 -32.6 17.5
   vertex 94.6 -32.6 17.5
  endloop
 endfacet
 facet normal 0 0 1
  outer loop
   vertex -131.945 -42.55 19.9
   vertex 131.945 -42.55 19.9
   vertex 94.6 -32.6 19.9
  endloop
 endfacet
 facet normal 0 0 1
  outer loop
   vertex -131.945 -42.55 19.9
   vertex 94.6 -32.6 19.9
   vertex -94.6 -32.6 19.9
  endloop
 endfacet
 facet normal 0 -1 0
  outer loop
   vertex -131.945 -42.55 17.5
   vertex 131.945 -42.55 17.5
   vertex 131.945 -42.55 19.9
  endloop
 endfacet
 facet normal 0 -1 0
  outer loop
   vertex -131.945 -42.55 17.5
   vertex 131.945 -42.55 19.9
   vertex -131.945 -42.55 19.9
  endloop
 endfacet
 facet normal 0 1 0
  outer loop
   vertex -94.6 -32.6 17.5
   vertex 94.6 -32.6 19.9
   vertex 94.6 -32.6 17.5
  endloop
 endfacet
 facet normal 0 1 0
  outer loop
   vertex -94.6 -32.6 17.5
   vertex -94.6 -32.6 19.9
   vertex 94.6 -32.6 19.9
  endloop
 endfacet
 facet normal 0 0 -1
  outer loop
   vertex 131.945 -42.55 17.5
   vertex 94.99018 -32.56157 17.5
   vertex 133.9934 -42.34825 17.5
  endloop
 endfacet
 facet normal 0 0 -1
  outer loop
   vertex 131.945 -42.55 17.5
   vertex 94.6 -32.6 17.5
   vertex 94.99018 -32.56157 17.5
  endloop
 endfacet
 facet normal 0 -0 1
  outer loop
   vertex 131.945 -42.55 19.9
   vertex 133.9934 -42.34825 19.9
   vertex 94.99018 -32.56157 19.9
  endloop
 endfacet
 facet normal 0 0 1
  outer loop
   vertex 131.945 -42.55 19.9
   vertex 94.99018 -32.56157 19.9
   vertex 94.6 -32.6 19.9
  endloop
 endfacet
 facet normal 0.09801714 -0.9951847 0
  outer loop
   vertex 131.945 -42.55 17.5
   vertex 133.9934 -42.34825 17.5
   vertex 133.9934 -42.34825 19.9
  endloop
 endfacet
 facet normal 0.09801714 -0.9951847 0
  outer loop
   vertex 131.945 -42.55 17.5
   vertex 133.9934 -42.34825 19.9
   vertex 131.945 -42.55 19.9
  endloop
 endfacet
 facet normal -0.09801714 0.9951847 0
  outer loop
   vertex 94.6 -32.6 17.5
   vertex 94.99018 -32.56157 19.9
   vertex 94.99018 -32.56157 17.5
  endloop
 endfacet
 facet normal -0.09801714 0.9951847 0
  outer loop
   vertex 94.6 -32.6 17.5
   vertex 94.6 -32.6 19.9
   vertex 94.99018 -32.56157 19.9
  endloop
 endfacet
 facet normal 0 0 -1
  outer loop
   vertex 133.9934 -42.34825 17.5
   vertex 95.36537 -32.44776 17.5
   vertex 135.9632 -41.75074 17.5
  endloop
 endfacet
 facet normal 0 0 -1
  outer loop
   vertex 133.9934 -42.34825 17.5
   vertex 94.99018 -32.56157 17.5
   vertex 95.36537 -32.44776 17.5
  endloop
 endfacet
 facet normal 0 -0 1
  outer loop
   vertex 133.9934 -42.34825 19.9
   vertex 135.9632 -41.75074 19.9
   vertex 95.36537 -32.44776 19.9
  endloop
 endfacet
 facet normal 0 0 1
  outer loop
   vertex 133.9934 -42.34825 19.9
   vertex 95.36537 -32.44776 19.9
   vertex 94.99018 -32.56157 19.9
  endloop
 endfacet
 facet normal 0.2902847 -0.9569403 0
  outer loop
   vertex 133.9934 -42.34825 17.5
   vertex 135.9632 -41.75074 17.5
   vertex 135.9632 -41.75074 19.9
  endloop
 endfacet
 facet normal 0.2902847 -0.9569403 0
  outer loop
   vertex 133.9934 -42.34825 17.5
   vertex 135.9632 -41.75074 19.9
   vertex 133.9934 -42.34825 19.9
  endloop
 endfacet
 facet normal -0.2902847 0.9569403 0
  outer loop
   vertex 94.99018 -32.56157 17.5
   vertex 95.36537 -32.44776 19.9
   vertex 95.36537 -32.44776 17.5
  endloop
 endfacet
 facet normal -0.2902847 0.9569403 0
  outer loop
   vertex 94.99018 -32.56157 17.5
   vertex 94.99018 -32.56157 19.9
   vertex 95.36537 -32.44776 19.9
  endloop
 endfacet
 facet normal 0 0 -1
  outer loop
   vertex 135.9632 -41.75074 17.5
   vertex 95.71114 -32.26294 17.5
   vertex 137.7785 -40.78043 17.5
  endloop
 endfacet
 facet normal 0 0 -1
  outer loop
   vertex 135.9632 -41.75074 17.5
   vertex 95.36537 -32.44776 17.5
   vertex 95.71114 -32.26294 17.5
  endloop
 endfacet
 facet normal 0 -0 1
  outer loop
   vertex 135.9632 -41.75074 19.9
   vertex 137.7785 -40.78043 19.9
   vertex 95.71114 -32.26294 19.9
  endloop
 endfacet
 facet normal 0 0 1
  outer loop
   vertex 135.9632 -41.75074 19.9
   vertex 95.71114 -32.26294 19.9
   vertex 95.36537 -32.44776 19.9
  endloop
 endfacet
 facet normal 0.4713967 -0.8819213 0
  outer loop
   vertex 135.9632 -41.75074 17.5
   vertex 137.7785 -40.78043 17.5
   vertex 137.7785 -40.78043 19.9
  endloop
 endfacet
 facet normal 0.4713967 -0.8819213 0
  outer loop
   vertex 135.9632 -41.75074 17.5
   vertex 137.7785 -40.78043 19.9
   vertex 135.9632 -41.75074 19.9
  endloop
 endfacet
 facet normal -0.4713967 0.8819213 0
  outer loop
   vertex 95.36537 -32.44776 17.5
   vertex 95.71114 -32.26294 19.9
   vertex 95.71114 -32.26294 17.5
  endloop
 endfacet
 facet normal -0.4713967 0.8819213 0
  outer loop
   vertex 95.36537 -32.44776 17.5
   vertex 95.36537 -32.44776 19.9
   vertex 95.71114 -32.26294 19.9
  endloop
 endfacet
 facet normal 0 0 -1
  outer loop
   vertex 137.7785 -40.78043 17.5
   vertex 96.01421 -32.01421 17.5
   vertex 139.3696 -39.47462 17.5
  endloop
 endfacet
 facet normal 0 0 -1
  outer loop
   vertex 137.7785 -40.78043 17.5
   vertex 95.71114 -32.26294 17.5
   vertex 96.01421 -32.01421 17.5
  endloop
 endfacet
 facet normal 0 -0 1
  outer loop
   vertex 137.7785 -40.78043 19.9
   vertex 139.3696 -39.47462 19.9
   vertex 96.01421 -32.01421 19.9
  endloop
 endfacet
 facet normal 0 0 1
  outer loop
   vertex 137.7785 -40.78043 19.9
   vertex 96.01421 -32.01421 19.9
   vertex 95.71114 -32.26294 19.9
  endloop
 endfacet
 facet normal 0.6343933 -0.7730105 0
  outer loop
   vertex 137.7785 -40.78043 17.5
   vertex 139.3696 -39.47462 17.5
   vertex 139.3696 -39.47462 19.9
  endloop
 endfacet
 facet normal 0.6343933 -0.7730105 0
  outer loop
   vertex 137.7785 -40.78043 17.5
   vertex 139.3696 -39.47462 19.9
   vertex 137.7785 -40.78043 19.9
  endloop
 endfacet
 facet normal -0.6343933 0.7730105 0
  outer loop
   vertex 95.71114 -32.26294 17.5
   vertex 96.01421 -32.01421 19.9
   vertex 96.01421 -32.01421 17.5
  endloop
 endfacet
 facet normal -0.6343933 0.7730105 0
  outer loop
   vertex 95.71114 -32.26294 17.5
   vertex 95.71114 -32.26294 19.9
   vertex 96.01421 -32.01421 19.9
  endloop
 endfacet
 facet normal 0 0 -1
  outer loop
   vertex 139.3696 -39.47462 17.5
   vertex 96.26294 -31.71114 17.5
   vertex 140.6754 -37.88349 17.5
  endloop
 endfacet
 facet normal 0 0 -1
  outer loop
   vertex 139.3696 -39.47462 17.5
   vertex 96.01421 -32.01421 17.5
   vertex 96.26294 -31.71114 17.5
  endloop
 endfacet
 facet normal 0 -0 1
  outer loop
   vertex 139.3696 -39.47462 19.9
   vertex 140.6754 -37.88349 19.9
   vertex 96.26294 -31.71114 19.9
  endloop
 endfacet
 facet normal 0 0 1
  outer loop
   vertex 139.3696 -39.47462 19.9
   vertex 96.26294 -31.71114 19.9
   vertex 96.01421 -32.01421 19.9
  endloop
 endfacet
 facet normal 0.7730105 -0.6343933 0
  outer loop
   vertex 139.3696 -39.47462 17.5
   vertex 140.6754 -37.88349 17.5
   vertex 140.6754 -37.88349 19.9
  endloop
 endfacet
 facet normal 0.7730105 -0.6343933 0
  outer loop
   vertex 139.3696 -39.47462 17.5
   vertex 140.6754 -37.88349 19.9
   vertex 139.3696 -39.47462 19.9
  endloop
 endfacet
 facet normal -0.7730105 0.6343933 0
  outer loop
   vertex 96.01421 -32.01421 17.5
   vertex 96.26294 -31.71114 19.9
   vertex 96.26294 -31.71114 17.5
  endloop
 endfacet
 facet normal -0.7730105 0.6343933 0
  outer loop
   vertex 96.01421 -32.01421 17.5
   vertex 96.01421 -32.01421 19.9
   vertex 96.26294 -31.71114 19.9
  endloop
 endfacet
 facet normal 0 0 -1
  outer loop
   vertex 140.6754 -37.88349 17.5
   vertex 96.44776 -31.36537 17.5
   vertex 141.6457 -36.06818 17.5
  endloop
 endfacet
 facet normal 0 0 -1
  outer loop
   vertex 140.6754 -37.88349 17.5
   vertex 96.26294 -31.71114 17.5
   vertex 96.44776 -31.36537 17.5
  endloop
 endfacet
 facet normal 0 -0 1
  outer loop
   vertex 140.6754 -37.88349 19.9
   vertex 141.6457 -36.06818 19.9
   vertex 96.44776 -31.36537 19.9
  endloop
 endfacet
 facet normal 0 0 1
  outer loop
   vertex 140.6754 -37.88349 19.9
   vertex 96.44776 -31.36537 19.9
   vertex 96.26294 -31.71114 19.9
  endloop
 endfacet
 facet normal 0.8819213 -0.4713967 0
  outer loop
   vertex 140.6754 -37.88349 17.5
   vertex 141.6457 -36.06818 17.5
   vertex 141.6457 -36.06818 19.9
  endloop
 endfacet
 facet normal 0.8819213 -0.4713967 0
  outer loop
   vertex 140.6754 -37.88349 17.5
   vertex 141.6457 -36.06818 19.9
   vertex 140.6754 -37.88349 19.9
  endloop
 endfacet
 facet normal -0.8819213 0.4713967 0
  outer loop
   vertex 96.26294 -31.71114 17.5
   vertex 96.44776 -31.36537 19.9
   vertex 96.44776 -31.36537 17.5
  endloop
 endfacet
 facet normal -0.8819213 0.4713967 0
  outer loop
   vertex 96.26294 -31.71114 17.5
   vertex 96.26294 -31.71114 19.9
   vertex 96.44776 -31.36537 19.9
  endloop
 endfacet
 facet normal 0 0 -1
  outer loop
   vertex 141.6457 -36.06818 17.5
   vertex 96.56157 -30.99018 17.5
   vertex 142.2432 -34.09845 17.5
  endloop
 endfacet
 facet normal 0 0 -1
  outer loop
   vertex 141.6457 -36.06818 17.5
   vertex 96.44776 -31.36537 17.5
   vertex 96.56157 -30.99018 17.5
  endloop
 endfacet
 facet normal 0 -0 1
  outer loop
   vertex 141.6457 -36.06818 19.9
   vertex 142.2432 -34.09845 19.9
   vertex 96.56157 -30.99018 19.9
  endloop
 endfacet
 facet normal 0 0 1
  outer loop
   vertex 141.6457 -36.06818 19.9
   vertex 96.56157 -30.99018 19.9
   vertex 96.44776 -31.36537 19.9
  endloop
 endfacet
 facet normal 0.9569403 -0.2902847 0
  outer loop
   vertex 141.6457 -36.06818 17.5
   vertex 142.2432 -34.09845 17.5
   vertex 142.2432 -34.09845 19.9
  endloop
 endfacet
 facet normal 0.9569403 -0.2902847 0
  outer loop
   vertex 141.6457 -36.06818 17.5
   vertex 142.2432 -34.09845 19.9
   vertex 141.6457 -36.06818 19.9
  endloop
 endfacet
 facet normal -0.9569403 0.2902847 0
  outer loop
   vertex 96.44776 -31.36537 17.5
   vertex 96.56157 -30.99018 19.9
   vertex 96.56157 -30.99018 17.5
  endloop
 endfacet
 facet normal -0.9569403 0.2902847 0
  outer loop
   vertex 96.44776 -31.36537 17.5
   vertex 96.44776 -31.36537 19.9
   vertex 96.56157 -30.99018 19.9
  endloop
 endfacet
 facet normal 0 0 -1
  outer loop
   vertex 142.2432 -34.09845 17.5
   vertex 96.6 -30.6 17.5
   vertex 142.445 -32.05 17.5
  endloop
 endfacet
 facet normal 0 0 -1
  outer loop
   vertex 142.2432 -34.09845 17.5
   vertex 96.56157 -30.99018 17.5
   vertex 96.6 -30.6 17.5
  endloop
 endfacet
 facet normal 0 -0 1
  outer loop
   vertex 142.2432 -34.09845 19.9
   vertex 142.445 -32.05 19.9
   vertex 96.6 -30.6 19.9
  endloop
 endfacet
 facet normal 0 0 1
  outer loop
   vertex 142.2432 -34.09845 19.9
   vertex 96.6 -30.6 19.9
   vertex 96.56157 -30.99018 19.9
  endloop
 endfacet
 facet normal 0.9951847 -0.09801714 0
  outer loop
   vertex 142.2432 -34.09845 17.5
   vertex 142.445 -32.05 17.5
   vertex 142.445 -32.05 19.9
  endloop
 endfacet
 facet normal 0.9951847 -0.09801714 0
  outer loop
   vertex 142.2432 -34.09845 17.5
   vertex 142.445 -32.05 19.9
   vertex 142.2432 -34.09845 19.9
  endloop
 endfacet
 facet normal -0.9951847 0.09801714 0
  outer loop
   vertex 96.56157 -30.99018 17.5
   vertex 96.6 -30.6 19.9
   vertex 96.6 -30.6 17.5
  endloop
 endfacet
 facet normal -0.9951847 0.09801714 0
  outer loop
   vertex 96.56157 -30.99018 17.5
   vertex 96.56157 -30.99018 19.9
   vertex 96.6 -30.6 19.9
  endloop
 endfacet
 facet normal 0 0 -1
  outer loop
   vertex 142.445 -32.05 17.5
   vertex 96.6 30.6 17.5
   vertex 142.445 32.05 17.5
  endloop
 endfacet
 facet normal 0 0 -1
  outer loop
   vertex 142.445 -32.05 17.5
   vertex 96.6 -30.6 17.5
   vertex 96.6 30.6 17.5
  endloop
 endfacet
 facet normal 0 -0 1
  outer loop
   vertex 142.445 -32.05 19.9
   vertex 142.445 32.05 19.9
   vertex 96.6 30.6 19.9
  endloop
 endfacet
 facet normal 0 0 1
  outer loop
   vertex 142.445 -32.05 19.9
   vertex 96.6 30.6 19.9
   vertex 96.6 -30.6 19.9
  endloop
 endfacet
 facet normal 1 0 0
  outer loop
   vertex 142.445 -32.05 17.5
   vertex 142.445 32.05 17.5
   vertex 142.445 32.05 19.9
  endloop
 endfacet
 facet normal 1 0 0
  outer loop
   vertex 142.445 -32.05 17.5
   vertex 142.445 32.05 19.9
   vertex 142.445 -32.05 19.9
  endloop
 endfacet
 facet normal -1 0 0
  outer loop
   vertex 96.6 -30.6 17.5
   vertex 96.6 30.6 19.9
   vertex 96.6 30.6 17.5
  endloop
 endfacet
 facet normal -1 0 0
  outer loop
   vertex 96.6 -30.6 17.5
   vertex 96.6 -30.6 19.9
   vertex 96.6 30.6 19.9
  endloop
 endfacet
 facet normal -0.3662511 -0.9305161 0
  outer loop
   vertex 50 -7.686 78.7
   vertex 50 -7.686 81.7
   vertex 40 -3.75 81.7
  endloop
 endfacet
 facet normal -0.3662511 -0.9305161 0
  outer loop
   vertex 50 -7.686 78.7
   vertex 40 -3.75 81.7
   vertex 40 -3.75 78.7
  endloop
 endfacet
 facet normal -0.3664928 -0.9304209 -0
  outer loop
   vertex 60 -11.436 81.7
   vertex 60 -11.436 78.7
   vertex 70 -15.375 78.7
  endloop
 endfacet
 facet normal 0.3662511 0.930516 0
  outer loop
   vertex 60 -3.936 81.7
   vertex 60 -3.936 78.7
   vertex 50 0 78.7
  endloop
 endfacet
 facet normal 0.3662511 0.930516 0
  outer loop
   vertex 60 -3.936 81.7
   vertex 50 0 78.7
   vertex 50 0 81.7
  endloop
 endfacet
 facet normal 0.3664927 0.9304209 0
  outer loop
   vertex 40 19.125 78.7
   vertex 30 23.064 78.7
   vertex 30 23.064 81.7
  endloop
 endfacet
 facet normal 0.3662511 0.9305161 0
  outer loop
   vertex 10 15.375 81.7
   vertex 20 11.439 81.7
   vertex 10 15.375 78.7
  endloop
 endfacet
 facet normal 0.3662511 0.9305161 -0
  outer loop
   vertex 20 11.439 78.7
   vertex 10 15.375 78.7
   vertex 20 11.439 81.7
  endloop
 endfacet
 facet normal 0.3664927 -0.9304209 0
  outer loop
   vertex 20 19.314 81.7
   vertex 10 15.375 81.7
   vertex 10 15.375 78.7
  endloop
 endfacet
 facet normal 0.3664927 -0.9304209 0
  outer loop
   vertex 20 19.314 81.7
   vertex 10 15.375 78.7
   vertex 20 19.314 78.7
  endloop
 endfacet
 facet normal -0.3662511 -0.9305161 0
  outer loop
   vertex 0 11.625 78.7
   vertex 10 7.689 78.7
   vertex 0 11.625 81.7
  endloop
 endfacet
 facet normal -0.3662511 -0.9305161 -0
  outer loop
   vertex 10 7.689 81.7
   vertex 0 11.625 81.7
   vertex 10 7.689 78.7
  endloop
 endfacet
 facet normal -0.3662512 -0.930516 0
  outer loop
   vertex 10 23.064 81.7
   vertex 0 27 81.7
   vertex 0 27 78.7
  endloop
 endfacet
 facet normal -0.3662512 -0.930516 -0
  outer loop
   vertex 10 23.064 81.7
   vertex 0 27 78.7
   vertex 10 23.064 78.7
  endloop
 endfacet
 facet normal -0.3664927 0.9304209 0
  outer loop
   vertex 10 23.064 81.7
   vertex 10 23.064 78.7
   vertex 0 19.125 78.7
  endloop
 endfacet
 facet normal -0.3664927 0.9304209 0
  outer loop
   vertex 10 23.064 81.7
   vertex 0 19.125 78.7
   vertex 0 19.125 81.7
  endloop
 endfacet
 facet normal -0.3664927 -0.9304209 -0
  outer loop
   vertex 20 19.314 81.7
   vertex 20 19.314 78.7
   vertex 30 15.375 78.7
  endloop
 endfacet
 facet normal -0.3664928 0.9304209 0
  outer loop
   vertex 10 7.689 81.7
   vertex 10 7.689 78.7
   vertex 0 3.75 78.7
  endloop
 endfacet
 facet normal -0.3664928 0.9304209 0
  outer loop
   vertex 10 7.689 81.7
   vertex 0 3.75 78.7
   vertex 0 3.75 81.7
  endloop
 endfacet
 facet normal 0.3664928 0.9304209 0
  outer loop
   vertex 40 3.75 78.7
   vertex 30 7.689 78.7
   vertex 30 7.689 81.7
  endloop
 endfacet
 facet normal -0.3664928 -0.9304209 0
  outer loop
   vertex 20 3.939 78.7
   vertex 30 0 78.7
   vertex 20 3.939 81.7
  endloop
 endfacet
 facet normal -0.3664928 -0.9304209 -0
  outer loop
   vertex 30 0 81.7
   vertex 20 3.939 81.7
   vertex 30 0 78.7
  endloop
 endfacet
 facet normal 0.3664928 -0.9304209 0
  outer loop
   vertex 20 3.939 78.7
   vertex 20 3.939 81.7
   vertex 10 0 81.7
  endloop
 endfacet
 facet normal 0.3664928 -0.9304209 0
  outer loop
   vertex 20 3.939 78.7
   vertex 10 0 81.7
   vertex 10 0 78.7
  endloop
 endfacet
 facet normal -0.3664927 -0.9304209 -0
  outer loop
   vertex 30 15.375 81.7
   vertex 20 19.314 81.7
   vertex 30 15.375 78.7
  endloop
 endfacet
 facet normal -0.3662511 0.9305161 0
  outer loop
   vertex 30 15.375 81.7
   vertex 30 15.375 78.7
   vertex 20 11.439 78.7
  endloop
 endfacet
 facet normal -0.3662511 0.9305161 0
  outer loop
   vertex 30 15.375 81.7
   vertex 20 11.439 78.7
   vertex 20 11.439 81.7
  endloop
 endfacet
 facet normal -0.3664928 0.9304209 0
  outer loop
   vertex 10 -7.686 78.7
   vertex 0 -11.625 78.7
   vertex 0 -11.625 81.7
  endloop
 endfacet
 facet normal -0.3664928 0.9304209 0
  outer loop
   vertex 10 -7.686 78.7
   vertex 0 -11.625 81.7
   vertex 10 -7.686 81.7
  endloop
 endfacet
 facet normal -0.3662512 0.930516 0
  outer loop
   vertex 20 -19.311 78.7
   vertex 20 -19.311 81.7
   vertex 30 -15.375 81.7
  endloop
 endfacet
 facet normal 0.3662512 -0.930516 0
  outer loop
   vertex 30 -23.061 81.7
   vertex 30 -23.061 78.7
   vertex 40 -19.125 78.7
  endloop
 endfacet
 facet normal 0.3662512 0.930516 -0
  outer loop
   vertex 10 -15.375 78.7
   vertex 10 -15.375 81.7
   vertex 20 -19.311 78.7
  endloop
 endfacet
 facet normal 0.3662512 0.930516 0
  outer loop
   vertex 20 -19.311 81.7
   vertex 20 -19.311 78.7
   vertex 10 -15.375 81.7
  endloop
 endfacet
 facet normal -0.3664927 0.9304209 0
  outer loop
   vertex 10 -23.061 81.7
   vertex 10 -23.061 78.7
   vertex 0 -27 78.7
  endloop
 endfacet
 facet normal -0.3664927 0.9304209 0
  outer loop
   vertex 10 -23.061 81.7
   vertex 0 -27 78.7
   vertex 0 -27 81.7
  endloop
 endfacet
 facet normal 0.3664928 -0.9304209 0
  outer loop
   vertex 10 -15.375 78.7
   vertex 20 -11.436 78.7
   vertex 10 -15.375 81.7
  endloop
 endfacet
 facet normal 0.3664928 -0.9304209 0
  outer loop
   vertex 20 -11.436 81.7
   vertex 10 -15.375 81.7
   vertex 20 -11.436 78.7
  endloop
 endfacet
 facet normal -0.3662512 -0.930516 0
  outer loop
   vertex 0 -19.125 78.7
   vertex 10 -23.061 78.7
   vertex 0 -19.125 81.7
  endloop
 endfacet
 facet normal -0.3662512 -0.930516 -0
  outer loop
   vertex 10 -23.061 81.7
   vertex 0 -19.125 81.7
   vertex 10 -23.061 78.7
  endloop
 endfacet
 facet normal -0.3662511 -0.9305161 0
  outer loop
   vertex 10 -7.686 78.7
   vertex 10 -7.686 81.7
   vertex 0 -3.75 81.7
  endloop
 endfacet
 facet normal -0.3662511 -0.9305161 0
  outer loop
   vertex 10 -7.686 78.7
   vertex 0 -3.75 81.7
   vertex 0 -3.75 78.7
  endloop
 endfacet
 facet normal -0.3662512 0.930516 0
  outer loop
   vertex 30 -15.375 78.7
   vertex 20 -19.311 78.7
   vertex 30 -15.375 81.7
  endloop
 endfacet
 facet normal -0.3664928 -0.9304209 0
  outer loop
   vertex 30 -15.375 78.7
   vertex 30 -15.375 81.7
   vertex 20 -11.436 81.7
  endloop
 endfacet
 facet normal -0.3664928 -0.9304209 0
  outer loop
   vertex 30 -15.375 78.7
   vertex 20 -11.436 81.7
   vertex 20 -11.436 78.7
  endloop
 endfacet
 facet normal 0.3662511 -0.9305161 0
  outer loop
   vertex 30 -7.686 81.7
   vertex 30 -7.686 78.7
   vertex 40 -3.75 78.7
  endloop
 endfacet
 facet normal 0.3662511 0.930516 0
  outer loop
   vertex 20 -3.936 78.7
   vertex 10 0 78.7
   vertex 10 0 81.7
  endloop
 endfacet
 facet normal 0.3662511 0.930516 -0
  outer loop
   vertex 20 -3.936 78.7
   vertex 10 0 81.7
   vertex 20 -3.936 81.7
  endloop
 endfacet
 facet normal -0.3662511 0.930516 0
  outer loop
   vertex 30 0 78.7
   vertex 20 -3.936 78.7
   vertex 20 -3.936 81.7
  endloop
 endfacet
 facet normal -0.3662511 0.930516 0
  outer loop
   vertex 30 0 78.7
   vertex 20 -3.936 81.7
   vertex 30 0 81.7
  endloop
 endfacet
 facet normal 0.3662512 -0.930516 0
  outer loop
   vertex 0 27 81.7
   vertex -10 23.064 81.7
   vertex -10 23.064 78.7
  endloop
 endfacet
 facet normal 0.3662512 -0.930516 0
  outer loop
   vertex 0 27 81.7
   vertex -10 23.064 78.7
   vertex 0 27 78.7
  endloop
 endfacet
 facet normal 0.3662511 0.9305161 0
  outer loop
   vertex -30 15.375 81.7
   vertex -20 11.439 81.7
   vertex -30 15.375 78.7
  endloop
 endfacet
 facet normal 0.3662511 0.9305161 -0
  outer loop
   vertex -20 11.439 78.7
   vertex -30 15.375 78.7
   vertex -20 11.439 81.7
  endloop
 endfacet
 facet normal 0.3664927 -0.9304209 0
  outer loop
   vertex -20 19.314 78.7
   vertex -20 19.314 81.7
   vertex -30 15.375 81.7
  endloop
 endfacet
 facet normal 0.3664927 -0.9304209 0
  outer loop
   vertex -20 19.314 78.7
   vertex -30 15.375 81.7
   vertex -30 15.375 78.7
  endloop
 endfacet
 facet normal -0.3664927 0.9304209 0
  outer loop
   vertex -40 19.125 78.7
   vertex -40 19.125 81.7
   vertex -30 23.064 78.7
  endloop
 endfacet
 facet normal -0.3664927 0.9304209 0
  outer loop
   vertex -30 23.064 81.7
   vertex -30 23.064 78.7
   vertex -40 19.125 81.7
  endloop
 endfacet
 facet normal -0.3664928 0.9304209 0
  outer loop
   vertex -30 7.689 81.7
   vertex -30 7.689 78.7
   vertex -40 3.75 78.7
  endloop
 endfacet
 facet normal -0.3664928 0.9304209 0
  outer loop
   vertex -30 7.689 81.7
   vertex -40 3.75 78.7
   vertex -40 3.75 81.7
  endloop
 endfacet
 facet normal -0.3664928 -0.9304209 0
  outer loop
   vertex -10 0 78.7
   vertex -10 0 81.7
   vertex -20 3.939 81.7
  endloop
 endfacet
 facet normal -0.3664928 -0.9304209 0
  outer loop
   vertex -10 0 78.7
   vertex -20 3.939 81.7
   vertex -20 3.939 78.7
  endloop
 endfacet
 facet normal 0.3664928 0.9304209 0
  outer loop
   vertex 0 3.75 78.7
   vertex -10 7.689 78.7
   vertex -10 7.689 81.7
  endloop
 endfacet
 facet normal 0.3664928 0.9304209 -0
  outer loop
   vertex 0 3.75 78.7
   vertex -10 7.689 81.7
   vertex 0 3.75 81.7
  endloop
 endfacet
 facet normal 0.3662511 -0.9305161 0
  outer loop
   vertex 0 11.625 81.7
   vertex -10 7.689 81.7
   vertex -10 7.689 78.7
  endloop
 endfacet
 facet normal 0.3662511 -0.9305161 0
  outer loop
   vertex 0 11.625 81.7
   vertex -10 7.689 78.7
   vertex 0 11.625 78.7
  endloop
 endfacet
 facet normal 0.3664928 -0.9304209 0
  outer loop
   vertex -20 3.939 78.7
   vertex -20 3.939 81.7
   vertex -30 0 81.7
  endloop
 endfacet
 facet normal 0.3664928 -0.9304209 0
  outer loop
   vertex -20 3.939 78.7
   vertex -30 0 81.7
   vertex -30 0 78.7
  endloop
 endfacet
 facet normal -0.3664927 -0.9304209 0
  outer loop
   vertex -10 15.375 81.7
   vertex -20 19.314 81.7
   vertex -20 19.314 78.7
  endloop
 endfacet
 facet normal -0.3664927 -0.9304209 -0
  outer loop
   vertex -10 15.375 81.7
   vertex -20 19.314 78.7
   vertex -10 15.375 78.7
  endloop
 endfacet
 facet normal -0.3662511 0.9305161 0
  outer loop
   vertex -10 15.375 81.7
   vertex -10 15.375 78.7
   vertex -20 11.439 78.7
  endloop
 endfacet
 facet normal -0.3662511 0.9305161 0
  outer loop
   vertex -10 15.375 81.7
   vertex -20 11.439 78.7
   vertex -20 11.439 81.7
  endloop
 endfacet
 facet normal 0.3664927 0.9304209 0
  outer loop
   vertex -10 23.064 81.7
   vertex 0 19.125 81.7
   vertex -10 23.064 78.7
  endloop
 endfacet
 facet normal 0.3664927 0.9304209 -0
  outer loop
   vertex 0 19.125 78.7
   vertex -10 23.064 78.7
   vertex 0 19.125 81.7
  endloop
 endfacet
 facet normal 0.3662511 0.930516 0
  outer loop
   vertex -30 0 81.7
   vertex -20 -3.936 81.7
   vertex -30 0 78.7
  endloop
 endfacet
 facet normal 0.3662511 0.930516 -0
  outer loop
   vertex -20 -3.936 78.7
   vertex -30 0 78.7
   vertex -20 -3.936 81.7
  endloop
 endfacet
 facet normal -0.3664928 0.9304209 0
  outer loop
   vertex -30 -7.686 81.7
   vertex -30 -7.686 78.7
   vertex -40 -11.625 81.7
  endloop
 endfacet
 facet normal -0.3662512 -0.930516 -0
  outer loop
   vertex -30 -23.061 81.7
   vertex -40 -19.125 78.7
   vertex -30 -23.061 78.7
  endloop
 endfacet
 facet normal 0.3662512 0.930516 0
  outer loop
   vertex -20 -19.311 78.7
   vertex -30 -15.375 78.7
   vertex -30 -15.375 81.7
  endloop
 endfacet
 facet normal -0.3664927 0.9304209 0
  outer loop
   vertex -40 -27 78.7
   vertex -40 -27 81.7
   vertex -30 -23.061 78.7
  endloop
 endfacet
 facet normal -0.3664927 0.9304209 0
  outer loop
   vertex -30 -23.061 81.7
   vertex -30 -23.061 78.7
   vertex -40 -27 81.7
  endloop
 endfacet
 facet normal 0.3662512 -0.930516 0
  outer loop
   vertex -10 -23.061 81.7
   vertex -10 -23.061 78.7
   vertex 0 -19.125 78.7
  endloop
 endfacet
 facet normal 0.3664927 0.9304209 0
  outer loop
   vertex 0 -27 78.7
   vertex -10 -23.061 78.7
   vertex -10 -23.061 81.7
  endloop
 endfacet
 facet normal 0.3664927 0.9304209 -0
  outer loop
   vertex 0 -27 78.7
   vertex -10 -23.061 81.7
   vertex 0 -27 81.7
  endloop
 endfacet
 facet normal 0.3662512 0.930516 -0
  outer loop
   vertex -20 -19.311 78.7
   vertex -30 -15.375 81.7
   vertex -20 -19.311 81.7
  endloop
 endfacet
 facet normal -0.3662512 0.930516 0
  outer loop
   vertex -20 -19.311 81.7
   vertex -10 -15.375 81.7
   vertex -20 -19.311 78.7
  endloop
 endfacet
 facet normal -0.3662512 0.930516 0
  outer loop
   vertex -10 -15.375 78.7
   vertex -20 -19.311 78.7
   vertex -10 -15.375 81.7
  endloop
 endfacet
 facet normal -0.3664928 -0.9304209 0
  outer loop
   vertex -20 -11.436 78.7
   vertex -10 -15.375 78.7
   vertex -20 -11.436 81.7
  endloop
 endfacet
 facet normal -0.3664928 -0.9304209 -0
  outer loop
   vertex -10 -15.375 81.7
   vertex -20 -11.436 81.7
   vertex -10 -15.375 78.7
  endloop
 endfacet
 facet normal 0.3664928 0.9304209 0
  outer loop
   vertex 0 -11.625 78.7
   vertex -10 -7.686 78.7
   vertex -10 -7.686 81.7
  endloop
 endfacet
 facet normal 0.3664928 0.9304209 -0
  outer loop
   vertex 0 -11.625 78.7
   vertex -10 -7.686 81.7
   vertex 0 -11.625 81.7
  endloop
 endfacet
 facet normal 0.3662512 -0.930516 0
  outer loop
   vertex 0 -19.125 81.7
   vertex -10 -23.061 81.7
   vertex 0 -19.125 78.7
  endloop
 endfacet
 facet normal 0.3662511 -0.9305161 0
  outer loop
   vertex 0 -3.75 81.7
   vertex -10 -7.686 81.7
   vertex -10 -7.686 78.7
  endloop
 endfacet
 facet normal 0.3662511 -0.9305161 0
  outer loop
   vertex 0 -3.75 81.7
   vertex -10 -7.686 78.7
   vertex 0 -3.75 78.7
  endloop
 endfacet
 facet normal 0.3664928 -0.9304209 0
  outer loop
   vertex -20 -11.436 78.7
   vertex -20 -11.436 81.7
   vertex -30 -15.375 81.7
  endloop
 endfacet
 facet normal 0.3664928 -0.9304209 0
  outer loop
   vertex -20 -11.436 78.7
   vertex -30 -15.375 81.7
   vertex -30 -15.375 78.7
  endloop
 endfacet
 facet normal -0.3662511 0.930516 0
  outer loop
   vertex -10 0 78.7
   vertex -20 -3.936 78.7
   vertex -20 -3.936 81.7
  endloop
 endfacet
 facet normal -0.3662511 0.930516 0
  outer loop
   vertex -10 0 78.7
   vertex -20 -3.936 81.7
   vertex -10 0 81.7
  endloop
 endfacet
 facet normal 0.3664928 0.9304209 0
  outer loop
   vertex -40 3.75 78.7
   vertex -50 7.689 78.7
   vertex -50 7.689 81.7
  endloop
 endfacet
 facet normal 0.3664928 0.9304209 -0
  outer loop
   vertex -40 3.75 78.7
   vertex -50 7.689 81.7
   vertex -40 3.75 81.7
  endloop
 endfacet
 facet normal 0.3662511 -0.9305161 0
  outer loop
   vertex -40 11.625 81.7
   vertex -50 7.689 81.7
   vertex -50 7.689 78.7
  endloop
 endfacet
 facet normal 0.3662511 -0.9305161 0
  outer loop
   vertex -40 11.625 81.7
   vertex -50 7.689 78.7
   vertex -40 11.625 78.7
  endloop
 endfacet
 facet normal -0.3664928 -0.9304209 0
  outer loop
   vertex -60 3.939 78.7
   vertex -50 0 78.7
   vertex -60 3.939 81.7
  endloop
 endfacet
 facet normal -0.3664928 -0.9304209 -0
  outer loop
   vertex -50 0 81.7
   vertex -60 3.939 81.7
   vertex -50 0 78.7
  endloop
 endfacet
 facet normal -0.3662511 -0.9305161 0
  outer loop
   vertex -40 11.625 78.7
   vertex -30 7.689 78.7
   vertex -40 11.625 81.7
  endloop
 endfacet
 facet normal -0.3662511 -0.9305161 -0
  outer loop
   vertex -30 7.689 81.7
   vertex -40 11.625 81.7
   vertex -30 7.689 78.7
  endloop
 endfacet
 facet normal 0.3664928 -0.9304209 0
  outer loop
   vertex -60 3.939 78.7
   vertex -60 3.939 81.7
   vertex -70 0 81.7
  endloop
 endfacet
 facet normal 0.3662512 -0.930516 0
  outer loop
   vertex -40 27 81.7
   vertex -50 23.064 81.7
   vertex -50 23.064 78.7
  endloop
 endfacet
 facet normal 0.3662512 -0.930516 0
  outer loop
   vertex -40 27 81.7
   vertex -50 23.064 78.7
   vertex -40 27 78.7
  endloop
 endfacet
 facet normal -0.3662512 -0.930516 0
  outer loop
   vertex -40 27 78.7
   vertex -30 23.064 78.7
   vertex -40 27 81.7
  endloop
 endfacet
 facet normal -0.3662512 -0.930516 -0
  outer loop
   vertex -30 23.064 81.7
   vertex -40 27 81.7
   vertex -30 23.064 78.7
  endloop
 endfacet
 facet normal -0.3664927 -0.9304209 0
  outer loop
   vertex -50 15.375 81.7
   vertex -60 19.314 81.7
   vertex -60 19.314 78.7
  endloop
 endfacet
 facet normal -0.3664927 -0.9304209 -0
  outer loop
   vertex -50 15.375 81.7
   vertex -60 19.314 78.7
   vertex -50 15.375 78.7
  endloop
 endfacet
 facet normal -0.3662511 0.9305161 0
  outer loop
   vertex -50 15.375 81.7
   vertex -50 15.375 78.7
   vertex -60 11.439 78.7
  endloop
 endfacet
 facet normal -0.3662511 0.9305161 0
  outer loop
   vertex -50 15.375 81.7
   vertex -60 11.439 78.7
   vertex -60 11.439 81.7
  endloop
 endfacet
 facet normal 0.3664927 0.9304209 -0
  outer loop
   vertex -50 23.064 78.7
   vertex -50 23.064 81.7
   vertex -40 19.125 78.7
  endloop
 endfacet
 facet normal 0.3664927 0.9304209 0
  outer loop
   vertex -40 19.125 81.7
   vertex -40 19.125 78.7
   vertex -50 23.064 81.7
  endloop
 endfacet
 facet normal 0.3664927 -0.9304209 0
  outer loop
   vertex -60 19.314 81.7
   vertex -70 15.375 81.7
   vertex -60 19.314 78.7
  endloop
 endfacet
 facet normal 0.3664927 -0.9304209 0
  outer loop
   vertex -70 15.375 78.7
   vertex -60 19.314 78.7
   vertex -70 15.375 81.7
  endloop
 endfacet
 facet normal -0.3662511 -0.9305161 0
  outer loop
   vertex -40 -3.75 78.7
   vertex -30 -7.686 78.7
   vertex -40 -3.75 81.7
  endloop
 endfacet
 facet normal -0.3662511 -0.9305161 -0
  outer loop
   vertex -30 -7.686 81.7
   vertex -40 -3.75 81.7
   vertex -30 -7.686 78.7
  endloop
 endfacet
 facet normal 0.3662511 -0.9305161 0
  outer loop
   vertex -40 -3.75 78.7
   vertex -40 -3.75 81.7
   vertex -50 -7.686 81.7
  endloop
 endfacet
 facet normal 0.3662511 -0.9305161 0
  outer loop
   vertex -40 -3.75 78.7
   vertex -50 -7.686 81.7
   vertex -50 -7.686 78.7
  endloop
 endfacet
 facet normal -0.3662511 0.930516 0
  outer loop
   vertex -50 0 78.7
   vertex -60 -3.936 81.7
   vertex -50 0 81.7
  endloop
 endfacet
 facet normal 0.3664928 0.9304209 0
  outer loop
   vertex -40 -11.625 81.7
   vertex -50 -7.686 78.7
   vertex -50 -7.686 81.7
  endloop
 endfacet
 facet normal 0.3664928 0.9304209 -0
  outer loop
   vertex -40 -11.625 78.7
   vertex -50 -7.686 78.7
   vertex -40 -11.625 81.7
  endloop
 endfacet
 facet normal -0.3664928 -0.9304209 0
  outer loop
   vertex -50 -15.375 81.7
   vertex -60 -11.436 81.7
   vertex -60 -11.436 78.7
  endloop
 endfacet
 facet normal -0.3664928 -0.9304209 -0
  outer loop
   vertex -50 -15.375 81.7
   vertex -60 -11.436 78.7
   vertex -50 -15.375 78.7
  endloop
 endfacet
 facet normal -0.3662511 0.930516 0
  outer loop
   vertex -50 0 78.7
   vertex -60 -3.936 78.7
   vertex -60 -3.936 81.7
  endloop
 endfacet
 facet normal 0.3662511 0.930516 0
  outer loop
   vertex -60 -3.936 81.7
   vertex -60 -3.936 78.7
   vertex -70 0 81.7
  endloop
 endfacet
 facet normal -0.3662512 0.930516 0
  outer loop
   vertex -50 -15.375 81.7
   vertex -50 -15.375 78.7
   vertex -60 -19.311 78.7
  endloop
 endfacet
 facet normal -0.3662512 0.930516 0
  outer loop
   vertex -50 -15.375 81.7
   vertex -60 -19.311 78.7
   vertex -60 -19.311 81.7
  endloop
 endfacet
 facet normal -0.3664928 0.9304209 0
  outer loop
   vertex -30 -7.686 78.7
   vertex -40 -11.625 78.7
   vertex -40 -11.625 81.7
  endloop
 endfacet
 facet normal 0.3662512 -0.930516 0
  outer loop
   vertex -40 -19.125 81.7
   vertex -50 -23.061 81.7
   vertex -50 -23.061 78.7
  endloop
 endfacet
 facet normal 0.3662512 -0.930516 0
  outer loop
   vertex -40 -19.125 81.7
   vertex -50 -23.061 78.7
   vertex -40 -19.125 78.7
  endloop
 endfacet
 facet normal -0.3662512 -0.930516 0
  outer loop
   vertex -30 -23.061 81.7
   vertex -40 -19.125 81.7
   vertex -40 -19.125 78.7
  endloop
 endfacet
 facet normal 0.3664927 0.9304209 0
  outer loop
   vertex -40 -27 78.7
   vertex -50 -23.061 78.7
   vertex -50 -23.061 81.7
  endloop
 endfacet
 facet normal 0.3664927 0.9304209 -0
  outer loop
   vertex -40 -27 78.7
   vertex -50 -23.061 81.7
   vertex -40 -27 81.7
  endloop
 endfacet
 facet normal 0.3662511 0.9305161 0
  outer loop
   vertex -70 15.375 81.7
   vertex -60 11.439 81.7
   vertex -70 15.375 78.7
  endloop
 endfacet
 facet normal 0.3662511 0.9305161 -0
  outer loop
   vertex -60 11.439 78.7
   vertex -70 15.375 78.7
   vertex -60 11.439 81.7
  endloop
 endfacet
 facet normal -0.3664927 0.9304209 0
  outer loop
   vertex -80 19.125 81.7
   vertex -70 23.064 81.7
   vertex -80 19.125 78.7
  endloop
 endfacet
 facet normal -0.3664927 0.9304209 0
  outer loop
   vertex -70 23.064 78.7
   vertex -80 19.125 78.7
   vertex -70 23.064 81.7
  endloop
 endfacet
 facet normal 0.3662512 -0.930516 0
  outer loop
   vertex -80 27 81.7
   vertex -90 23.064 81.7
   vertex -90 23.064 78.7
  endloop
 endfacet
 facet normal 0.3662512 -0.930516 0
  outer loop
   vertex -80 27 81.7
   vertex -90 23.064 78.7
   vertex -80 27 78.7
  endloop
 endfacet
 facet normal -0.3662512 -0.930516 0
  outer loop
   vertex -80 27 78.7
   vertex -70 23.064 78.7
   vertex -80 27 81.7
  endloop
 endfacet
 facet normal -0.3662512 -0.930516 0
  outer loop
   vertex -70 23.064 78.7
   vertex -70 23.064 81.7
   vertex -80 27 81.7
  endloop
 endfacet
 facet normal 0.3664927 0.9304209 -0
  outer loop
   vertex -80 19.125 78.7
   vertex -90 23.064 78.7
   vertex -80 19.125 81.7
  endloop
 endfacet
 facet normal 0.3664927 0.9304209 0
  outer loop
   vertex -90 23.064 81.7
   vertex -80 19.125 81.7
   vertex -90 23.064 78.7
  endloop
 endfacet
 facet normal 0.3664928 0.9304209 0
  outer loop
   vertex -90 7.689 81.7
   vertex -80 3.75 81.7
   vertex -90 7.689 78.7
  endloop
 endfacet
 facet normal 0.3664928 0.9304209 -0
  outer loop
   vertex -80 3.75 78.7
   vertex -90 7.689 78.7
   vertex -80 3.75 81.7
  endloop
 endfacet
 facet normal -0.3664928 0.9304209 0
  outer loop
   vertex -70 7.689 78.7
   vertex -80 3.75 78.7
   vertex -80 3.75 81.7
  endloop
 endfacet
 facet normal -0.3664928 0.9304209 0
  outer loop
   vertex -70 7.689 78.7
   vertex -80 3.75 81.7
   vertex -70 7.689 81.7
  endloop
 endfacet
 facet normal 0.3664928 -0.9304209 0
  outer loop
   vertex -70 0 81.7
   vertex -70 0 78.7
   vertex -60 3.939 78.7
  endloop
 endfacet
 facet normal 0.3662511 -0.9305161 0
  outer loop
   vertex -90 7.689 81.7
   vertex -90 7.689 78.7
   vertex -80 11.625 78.7
  endloop
 endfacet
 facet normal 0.3662511 -0.9305161 0
  outer loop
   vertex -80 11.625 81.7
   vertex -90 7.689 81.7
   vertex -80 11.625 78.7
  endloop
 endfacet
 facet normal -0.3662511 -0.9305161 0
  outer loop
   vertex -70 7.689 78.7
   vertex -70 7.689 81.7
   vertex -80 11.625 78.7
  endloop
 endfacet
 facet normal -0.3662511 -0.9305161 -0
  outer loop
   vertex -80 11.625 81.7
   vertex -80 11.625 78.7
   vertex -70 7.689 81.7
  endloop
 endfacet
 facet normal -1 0 0
  outer loop
   vertex -99.998 22.999 80.198
   vertex -99.998 22.14078 81.7
   vertex -99.998 27.85922 81.7
  endloop
 endfacet
 facet normal -1 0 0
  outer loop
   vertex -99.998 22.999 80.198
   vertex -99.998 27.85922 81.7
   vertex -99.998 27.001 80.198
  endloop
 endfacet
 facet normal 0.3662511 0.930516 0
  outer loop
   vertex -60 -3.936 78.7
   vertex -70 0 78.7
   vertex -70 0 81.7
  endloop
 endfacet
 facet normal -0.3664928 0.9304209 0
  outer loop
   vertex -70 -7.686 78.7
   vertex -80 -11.625 78.7
   vertex -70 -7.686 81.7
  endloop
 endfacet
 facet normal 0.3664928 -0.9304209 0
  outer loop
   vertex -70 -15.375 78.7
   vertex -60 -11.436 78.7
   vertex -70 -15.375 81.7
  endloop
 endfacet
 facet normal 0.3664928 -0.9304209 0
  outer loop
   vertex -60 -11.436 81.7
   vertex -70 -15.375 81.7
   vertex -60 -11.436 78.7
  endloop
 endfacet
 facet normal -0.3662511 -0.9305161 0
  outer loop
   vertex -70 -7.686 78.7
   vertex -70 -7.686 81.7
   vertex -80 -3.75 81.7
  endloop
 endfacet
 facet normal -0.3662511 -0.9305161 0
  outer loop
   vertex -70 -7.686 78.7
   vertex -80 -3.75 81.7
   vertex -80 -3.75 78.7
  endloop
 endfacet
 facet normal 0.3662511 -0.9305161 0
  outer loop
   vertex -90 -7.686 81.7
   vertex -80 -3.75 78.7
   vertex -80 -3.75 81.7
  endloop
 endfacet
 facet normal -1 0 0
  outer loop
   vertex -99.998 -2.001 80.198
   vertex -99.998 -2.859225 81.7
   vertex -99.998 2.859225 81.7
  endloop
 endfacet
 facet normal -1 0 0
  outer loop
   vertex -99.998 -2.001 80.198
   vertex -99.998 2.859225 81.7
   vertex -99.998 2.001 80.198
  endloop
 endfacet
 facet normal 0.3662512 0.930516 0
  outer loop
   vertex -70 -15.375 81.7
   vertex -60 -19.311 81.7
   vertex -70 -15.375 78.7
  endloop
 endfacet
 facet normal 0.3662512 0.930516 -0
  outer loop
   vertex -60 -19.311 78.7
   vertex -70 -15.375 78.7
   vertex -60 -19.311 81.7
  endloop
 endfacet
 facet normal 0.3664928 0.9304209 0
  outer loop
   vertex -80 -11.625 78.7
   vertex -90 -7.686 78.7
   vertex -90 -7.686 81.7
  endloop
 endfacet
 facet normal 0.3664928 0.9304209 -0
  outer loop
   vertex -80 -11.625 78.7
   vertex -90 -7.686 81.7
   vertex -80 -11.625 81.7
  endloop
 endfacet
 facet normal -0.3664928 0.9304209 0
  outer loop
   vertex -80 -11.625 78.7
   vertex -80 -11.625 81.7
   vertex -70 -7.686 81.7
  endloop
 endfacet
 facet normal 0.3662512 -0.930516 0
  outer loop
   vertex -90 -23.061 78.7
   vertex -80 -19.125 78.7
   vertex -90 -23.061 81.7
  endloop
 endfacet
 facet normal 0.3662512 -0.930516 0
  outer loop
   vertex -80 -19.125 81.7
   vertex -90 -23.061 81.7
   vertex -80 -19.125 78.7
  endloop
 endfacet
 facet normal -0.3662512 -0.930516 0
  outer loop
   vertex -70 -23.061 81.7
   vertex -80 -19.125 81.7
   vertex -80 -19.125 78.7
  endloop
 endfacet
 facet normal -0.3662512 -0.930516 -0
  outer loop
   vertex -70 -23.061 81.7
   vertex -80 -19.125 78.7
   vertex -70 -23.061 78.7
  endloop
 endfacet
 facet normal 0.3664927 0.9304209 0
  outer loop
   vertex -90 -23.061 81.7
   vertex -80 -27 81.7
   vertex -90 -23.061 78.7
  endloop
 endfacet
 facet normal 0.3664927 0.9304209 -0
  outer loop
   vertex -80 -27 78.7
   vertex -90 -23.061 78.7
   vertex -80 -27 81.7
  endloop
 endfacet
 facet normal -1 0 0
  outer loop
   vertex -99.997 -27.001 80.198
   vertex -99.997 -27.85922 81.7
   vertex -99.997 -22.14078 81.7
  endloop
 endfacet
 facet normal -1 0 0
  outer loop
   vertex -99.997 -27.001 80.198
   vertex -99.997 -22.14078 81.7
   vertex -99.997 -22.999 80.198
  endloop
 endfacet
 facet normal -0.3664927 0.9304209 0
  outer loop
   vertex -80 -27 78.7
   vertex -80 -27 81.7
   vertex -70 -23.061 78.7
  endloop
 endfacet
 facet normal -0.3664927 0.9304209 0
  outer loop
   vertex -70 -23.061 81.7
   vertex -70 -23.061 78.7
   vertex -80 -27 81.7
  endloop
 endfacet
 facet normal 0.3662511 -0.9305161 0
  outer loop
   vertex -80 -3.75 78.7
   vertex -90 -7.686 81.7
   vertex -90 -7.686 78.7
  endloop
 endfacet
 facet normal 0 -0.8682582 0.4961125
  outer loop
   vertex -108 -20.998 83.7
   vertex -112.002 -20.998 83.7
   vertex -108 -22.14078 81.7
  endloop
 endfacet
 facet normal 1 0 0
  outer loop
   vertex -112.002 -22.999 80.198
   vertex -112.002 -25 81.698
   vertex -112.002 -27.001 80.198
  endloop
 endfacet
 facet normal 1 0 -0
  outer loop
   vertex -112.002 -27.001 80.198
   vertex -112.002 -26.62 82.523
   vertex -112.002 -29.002 83.7
  endloop
 endfacet
 facet normal 1 0 -0
  outer loop
   vertex -112.002 -27.003 83.7
   vertex -112.002 -26.904 84.319
   vertex -112.002 -29.002 83.7
  endloop
 endfacet
 facet normal 1 0 -0
  outer loop
   vertex -112.002 -26.904 84.319
   vertex -112.002 -26.62 84.877
   vertex -112.002 -29.002 83.7
  endloop
 endfacet
 facet normal 0 0.8679701 0.4966164
  outer loop
   vertex -108 -29.002 83.7
   vertex -108 -29.00093 83.69813
   vertex -112.002 -29.002 83.7
  endloop
 endfacet
 facet normal -3.29348e-07 0.8682743 0.4960844
  outer loop
   vertex -108 -29.00093 83.69813
   vertex -108 -28.98599 83.67198
   vertex -112.002 -29.002 83.7
  endloop
 endfacet
 facet normal -6.873212e-08 0.8682583 0.4961124
  outer loop
   vertex -108 -28.98599 83.67198
   vertex -108 -27.85922 81.7
   vertex -112.002 -29.002 83.7
  endloop
 endfacet
 facet normal -3.220831e-08 0.8682583 0.4961125
  outer loop
   vertex -112.002 -27.001 80.198
   vertex -112.002 -29.002 83.7
   vertex -108 -27.85922 81.7
  endloop
 endfacet
 facet normal 0 0.8682583 0.4961124
  outer loop
   vertex -99.997 -27.001 80.198
   vertex -112.002 -27.001 80.198
   vertex -108 -27.85922 81.7
  endloop
 endfacet
 facet normal 1 0 -0
  outer loop
   vertex -108 30 81.7
   vertex -108 30 88.7
   vertex -108 29.002 83.7
  endloop
 endfacet
 facet normal 1 0 0
  outer loop
   vertex -108 30 81.7
   vertex -108 29.002 83.7
   vertex -108 29.00093 83.69813
  endloop
 endfacet
 facet normal 1 0 -0
  outer loop
   vertex -108 27.001 87.202
   vertex -108 30 88.7
   vertex -108 22.999 87.202
  endloop
 endfacet
 facet normal 1 0 -0
  outer loop
   vertex -108 29.002 83.7
   vertex -108 30 88.7
   vertex -108 27.001 87.202
  endloop
 endfacet
 facet normal 1 0 0
  outer loop
   vertex -108 28.98599 83.67198
   vertex -108 27.85922 81.7
   vertex -108 28 81.7
  endloop
 endfacet
 facet normal 1 0 -0
  outer loop
   vertex -108 -2.001 87.202
   vertex -108 2.001 87.202
   vertex -108 -18.14106 88.7
  endloop
 endfacet
 facet normal 1 0 0
  outer loop
   vertex -108 30 88.7
   vertex -108 -18.14106 88.7
   vertex -108 2.001 87.202
  endloop
 endfacet
 facet normal 1 0 -0
  outer loop
   vertex -108 4.002 83.7
   vertex -108 20.998 83.7
   vertex -108 2.001 87.202
  endloop
 endfacet
 facet normal 1 0 0
  outer loop
   vertex -108 22.14078 81.7
   vertex -108 20.998 83.7
   vertex -108 2.859225 81.7
  endloop
 endfacet
 facet normal 1 -0 0
  outer loop
   vertex -108 4.002 83.7
   vertex -108 2.859225 81.7
   vertex -108 20.998 83.7
  endloop
 endfacet
 facet normal 1 0 -0
  outer loop
   vertex -108 20.998 83.7
   vertex -108 22.999 87.202
   vertex -108 2.001 87.202
  endloop
 endfacet
 facet normal 1 0 0
  outer loop
   vertex -108 30 88.7
   vertex -108 2.001 87.202
   vertex -108 22.999 87.202
  endloop
 endfacet
 facet normal 1 0 0
  outer loop
   vertex -108 -30 88.7
   vertex -108 -27.001 87.202
   vertex -108 -22.999 87.202
  endloop
 endfacet
 facet normal 1 0 0
  outer loop
   vertex -108 -18.14106 88.7
   vertex -108 -30 88.7
   vertex -108 -22.999 87.202
  endloop
 endfacet
 facet normal 1 0 0
  outer loop
   vertex -108 -18.14106 88.7
   vertex -108 -22.999 87.202
   vertex -108 -20.998 83.7
  endloop
 endfacet
 facet normal 1 0 0
  outer loop
   vertex -108 -4.002 83.7
   vertex -108 -20.998 83.7
   vertex -108 -2.859225 81.7
  endloop
 endfacet
 facet normal 1 0 0
  outer loop
   vertex -108 -22.14078 81.7
   vertex -108 -2.859225 81.7
   vertex -108 -20.998 83.7
  endloop
 endfacet
 facet normal 1 0 0
  outer loop
   vertex -108 -2.001 87.202
   vertex -108 -18.14106 88.7
   vertex -108 -4.002 83.7
  endloop
 endfacet
 facet normal 1 0 0
  outer loop
   vertex -108 -20.998 83.7
   vertex -108 -4.002 83.7
   vertex -108 -18.14106 88.7
  endloop
 endfacet
 facet normal 1 0 -0
  outer loop
   vertex -108 -28 81.7
   vertex -108 -27.85922 81.7
   vertex -108 -28.98599 83.67198
  endloop
 endfacet
 facet normal 1 0 -0
  outer loop
   vertex -108 -29.002 83.7
   vertex -108 -27.001 87.202
   vertex -108 -30 88.7
  endloop
 endfacet
 facet normal 1 0 0
  outer loop
   vertex -108 -30 81.7
   vertex -108 -29.00093 83.69813
   vertex -108 -29.002 83.7
  endloop
 endfacet
 facet normal 1 0 0
  outer loop
   vertex -108 -30 88.7
   vertex -108 -30 81.7
   vertex -108 -29.002 83.7
  endloop
 endfacet
 facet normal -1 0 0
  outer loop
   vertex -108 -29.00093 83.69813
   vertex -108 -29 83.7
   vertex -108 -28.98599 83.67198
  endloop
 endfacet
 facet normal -1 0 0
  outer loop
   vertex -108 28.98599 83.67198
   vertex -108 29 83.7
   vertex -108 29.00093 83.69813
  endloop
 endfacet
 facet normal -0 0.8945642 0.4469394
  outer loop
   vertex -108 29 83.7
   vertex 108 29 83.7
   vertex -108 29.00093 83.69813
  endloop
 endfacet
 facet normal -1.195805e-06 0.8944333 0.4472014
  outer loop
   vertex -108 -29 83.7
   vertex -82.53872 -28 81.7
   vertex -108 -28.98599 83.67198
  endloop
 endfacet
 facet normal 0 -0.8944271 0.4472138
  outer loop
   vertex -108 28 81.7
   vertex -82.54065 28 81.7
   vertex -108 28.98599 83.67198
  endloop
 endfacet
 facet normal 0 0 1
  outer loop
   vertex -99.997 -27.85922 81.7
   vertex -108 -27.85922 81.7
   vertex -108 -28 81.7
  endloop
 endfacet
 facet normal 0 0 1
  outer loop
   vertex -99.998 -2.859225 81.7
   vertex -108 -2.859225 81.7
   vertex -108 -22.14078 81.7
  endloop
 endfacet
 facet normal 0 0 1
  outer loop
   vertex -99.998 22.14078 81.7
   vertex -108 22.14078 81.7
   vertex -108 2.859225 81.7
  endloop
 endfacet
 facet normal 0 0 1
  outer loop
   vertex -108 28 81.7
   vertex -108 27.85922 81.7
   vertex -99.998 27.85922 81.7
  endloop
 endfacet
 facet normal 0 0.8682583 0.4961124
  outer loop
   vertex -99.997 -27.85922 81.7
   vertex -99.997 -27.001 80.198
   vertex -108 -27.85922 81.7
  endloop
 endfacet
 facet normal 0 -0.8682583 0.4961124
  outer loop
   vertex -112.002 -22.999 80.198
   vertex -99.997 -22.999 80.198
   vertex -108 -22.14078 81.7
  endloop
 endfacet
 facet normal 0 -0.8682583 0.4961124
  outer loop
   vertex -99.997 -22.999 80.198
   vertex -99.997 -22.14078 81.7
   vertex -108 -22.14078 81.7
  endloop
 endfacet
 facet normal 0 0.8682583 0.4961123
  outer loop
   vertex -99.998 -2.001 80.198
   vertex -112.003 -2.001 80.198
   vertex -108 -2.859225 81.7
  endloop
 endfacet
 facet normal 0 0.8682583 0.4961123
  outer loop
   vertex -99.998 -2.859225 81.7
   vertex -99.998 -2.001 80.198
   vertex -108 -2.859225 81.7
  endloop
 endfacet
 facet normal 0 -0.8682583 0.4961123
  outer loop
   vertex -99.998 2.859225 81.7
   vertex -108 2.859225 81.7
   vertex -99.998 2.001 80.198
  endloop
 endfacet
 facet normal 4.916501e-08 -0.8682584 0.4961122
  outer loop
   vertex -112.003 4.002 83.7
   vertex -112.003 2.001 80.198
   vertex -108 2.859225 81.7
  endloop
 endfacet
 facet normal -0 0.8682583 0.4961124
  outer loop
   vertex -112.003 22.999 80.198
   vertex -108 22.14078 81.7
   vertex -99.998 22.999 80.198
  endloop
 endfacet
 facet normal 0 0.8682583 0.4961124
  outer loop
   vertex -99.998 22.14078 81.7
   vertex -99.998 22.999 80.198
   vertex -108 22.14078 81.7
  endloop
 endfacet
 facet normal 0 -0.8682583 0.4961124
  outer loop
   vertex -99.998 27.85922 81.7
   vertex -108 27.85922 81.7
   vertex -99.998 27.001 80.198
  endloop
 endfacet
 facet normal 0 0 1
  outer loop
   vertex -99.997 -22.999 80.198
   vertex -112.002 -22.999 80.198
   vertex -99.997 -27.001 80.198
  endloop
 endfacet
 facet normal 0 0 1
  outer loop
   vertex -112.002 -27.001 80.198
   vertex -99.997 -27.001 80.198
   vertex -112.002 -22.999 80.198
  endloop
 endfacet
 facet normal 0 0 1
  outer loop
   vertex -112.003 -2.001 80.198
   vertex -99.998 -2.001 80.198
   vertex -99.998 2.001 80.198
  endloop
 endfacet
 facet normal 0 0 1
  outer loop
   vertex -112.003 22.999 80.198
   vertex -99.998 22.999 80.198
   vertex -99.998 27.001 80.198
  endloop
 endfacet
 facet normal 0 -1 0
  outer loop
   vertex 116 -30 78.7
   vertex 116 -30 88.7
   vertex 108 -30 81.7
  endloop
 endfacet
 facet normal 0 -1 0
  outer loop
   vertex 108 -30 88.7
   vertex 108 -30 81.7
   vertex 116 -30 88.7
  endloop
 endfacet
 facet normal 0 -1 0
  outer loop
   vertex 116 -30 78.7
   vertex 108 -30 81.7
   vertex 65.536 -30 78.7
  endloop
 endfacet
 facet normal 0 -1 0
  outer loop
   vertex 65.536 -30 78.7
   vertex 108 -30 81.7
   vertex 0 -30 78.7
  endloop
 endfacet
 facet normal 0 -1 0
  outer loop
   vertex -116 -30 78.7
   vertex 0 -30 78.7
   vertex -108 -30 81.7
  endloop
 endfacet
 facet normal -0 -1 0
  outer loop
   vertex 108 -30 81.7
   vertex -108 -30 81.7
   vertex 0 -30 78.7
  endloop
 endfacet
 facet normal 0 0 -1
  outer loop
   vertex -20 -3.936 78.7
   vertex -10 0 78.7
   vertex -10 -7.686 78.7
  endloop
 endfacet
 facet normal 0 -0.9874504 0.1579297
  outer loop
   vertex -112.003 26.904 83.081
   vertex -112.003 27.003 83.7
   vertex -116 27.003 83.7
  endloop
 endfacet
 facet normal 0 -0.9874504 0.1579297
  outer loop
   vertex -112.003 26.904 83.081
   vertex -116 27.003 83.7
   vertex -116 26.904 83.081
  endloop
 endfacet
 facet normal 0 -0.9874504 -0.1579297
  outer loop
   vertex -112.003 27.003 83.7
   vertex -112.003 26.904 84.319
   vertex -116 26.904 84.319
  endloop
 endfacet
 facet normal -0 -0.9874504 -0.1579297
  outer loop
   vertex -112.003 27.003 83.7
   vertex -116 26.904 84.319
   vertex -116 27.003 83.7
  endloop
 endfacet
 facet normal 0 -0.8912111 -0.4535888
  outer loop
   vertex -112.003 26.904 84.319
   vertex -112.003 26.62 84.877
   vertex -116 26.62 84.877
  endloop
 endfacet
 facet normal -0 -0.8912111 -0.4535888
  outer loop
   vertex -112.003 26.904 84.319
   vertex -116 26.62 84.877
   vertex -116 26.904 84.319
  endloop
 endfacet
 facet normal 1 0 -0
  outer loop
   vertex -112.003 27.003 83.7
   vertex -112.003 29.002 83.7
   vertex -112.003 26.904 84.319
  endloop
 endfacet
 facet normal 0 0 1
  outer loop
   vertex 108 18.14106 88.7
   vertex 116 30 88.7
   vertex 108 30 88.7
  endloop
 endfacet
 facet normal 0 -0.707106 -0.7071075
  outer loop
   vertex -112.003 26.62 84.877
   vertex -112.003 26.177 85.32
   vertex -116 26.177 85.32
  endloop
 endfacet
 facet normal -0 -0.707106 -0.7071075
  outer loop
   vertex -112.003 26.62 84.877
   vertex -116 26.177 85.32
   vertex -116 26.62 84.877
  endloop
 endfacet
 facet normal 0 -0 1
  outer loop
   vertex 116 2.002 88.7
   vertex 116 30 88.7
   vertex 108 18.14106 88.7
  endloop
 endfacet
 facet normal 0 0 1
  outer loop
   vertex 108 -6.858939 88.7
   vertex 116 2.002 88.7
   vertex 108 18.14106 88.7
  endloop
 endfacet
 facet normal 0 -0.4535903 -0.8912103
  outer loop
   vertex -116 26.177 85.32
   vertex -112.003 26.177 85.32
   vertex -112.003 25.619 85.604
  endloop
 endfacet
 facet normal 0 -0.4535903 -0.8912103
  outer loop
   vertex -116 26.177 85.32
   vertex -112.003 25.619 85.604
   vertex -116 25.619 85.604
  endloop
 endfacet
 facet normal 0 -0.1579284 -0.9874506
  outer loop
   vertex -116 25.619 85.604
   vertex -112.003 25.619 85.604
   vertex -112.003 25 85.703
  endloop
 endfacet
 facet normal 0 -0.1579284 -0.9874506
  outer loop
   vertex -116 25.619 85.604
   vertex -112.003 25 85.703
   vertex -116 25 85.703
  endloop
 endfacet
 facet normal 0 0.1563725 0.9876982
  outer loop
   vertex 112.003 -25 81.698
   vertex 112.003 -25.619 81.796
   vertex 116 -25.619 81.796
  endloop
 endfacet
 facet normal -0 0.1563725 0.9876982
  outer loop
   vertex 112.003 -25 81.698
   vertex 116 -25.619 81.796
   vertex 116 -25 81.698
  endloop
 endfacet
 facet normal 1 -0 0
  outer loop
   vertex -112.003 25.619 85.604
   vertex -112.003 26.177 85.32
   vertex -112.003 27.001 87.202
  endloop
 endfacet
 facet normal 1 0 -0
  outer loop
   vertex -112.003 26.62 84.877
   vertex -112.003 27.001 87.202
   vertex -112.003 26.177 85.32
  endloop
 endfacet
 facet normal 0 0.1579284 -0.9874506
  outer loop
   vertex -116 25 85.703
   vertex -112.003 25 85.703
   vertex -112.003 24.381 85.604
  endloop
 endfacet
 facet normal 0 0.1579284 -0.9874506
  outer loop
   vertex -116 25 85.703
   vertex -112.003 24.381 85.604
   vertex -116 24.381 85.604
  endloop
 endfacet
 facet normal 0 0.4535906 0.8912102
  outer loop
   vertex 112.003 -25.619 81.796
   vertex 112.003 -26.177 82.08
   vertex 116 -26.177 82.08
  endloop
 endfacet
 facet normal -0 0.4535906 0.8912102
  outer loop
   vertex 112.003 -25.619 81.796
   vertex 116 -26.177 82.08
   vertex 116 -25.619 81.796
  endloop
 endfacet
 facet normal -1 0 0
  outer loop
   vertex 112.003 -22.999 80.198
   vertex 112.003 -27.001 80.198
   vertex 112.003 -25 81.698
  endloop
 endfacet
 facet normal 0 0.4535903 -0.8912103
  outer loop
   vertex -116 24.381 85.604
   vertex -112.003 24.381 85.604
   vertex -112.003 23.823 85.32
  endloop
 endfacet
 facet normal 0 0.4535903 -0.8912103
  outer loop
   vertex -116 24.381 85.604
   vertex -112.003 23.823 85.32
   vertex -116 23.823 85.32
  endloop
 endfacet
 facet normal 0 0.707106 0.7071075
  outer loop
   vertex 112.003 -26.177 82.08
   vertex 112.003 -26.62 82.523
   vertex 116 -26.62 82.523
  endloop
 endfacet
 facet normal -0 0.707106 0.7071075
  outer loop
   vertex 112.003 -26.177 82.08
   vertex 116 -26.62 82.523
   vertex 116 -26.177 82.08
  endloop
 endfacet
 facet normal 0 0.707106 -0.7071075
  outer loop
   vertex -116 23.823 85.32
   vertex -112.003 23.823 85.32
   vertex -112.003 23.38 84.877
  endloop
 endfacet
 facet normal 0 0.707106 -0.7071075
  outer loop
   vertex -116 23.823 85.32
   vertex -112.003 23.38 84.877
   vertex -116 23.38 84.877
  endloop
 endfacet
 facet normal 1 0 0
  outer loop
   vertex -112.003 24.381 85.604
   vertex -112.003 22.999 87.202
   vertex -112.003 23.823 85.32
  endloop
 endfacet
 facet normal -1 -0 0
  outer loop
   vertex 112.003 -26.177 82.08
   vertex 112.003 -27.001 80.198
   vertex 112.003 -26.62 82.523
  endloop
 endfacet
 facet normal 0 0.8912111 -0.4535888
  outer loop
   vertex -116 23.38 84.877
   vertex -112.003 23.38 84.877
   vertex -112.003 23.096 84.319
  endloop
 endfacet
 facet normal 0 0.8912111 -0.4535888
  outer loop
   vertex -116 23.38 84.877
   vertex -112.003 23.096 84.319
   vertex -116 23.096 84.319
  endloop
 endfacet
 facet normal 1 0 0
  outer loop
   vertex -112.003 22.999 87.202
   vertex -112.003 20.998 83.7
   vertex -112.003 23.38 84.877
  endloop
 endfacet
 facet normal 1 0 -0
  outer loop
   vertex -112.003 23.38 84.877
   vertex -112.003 23.823 85.32
   vertex -112.003 22.999 87.202
  endloop
 endfacet
 facet normal 0 0.9876978 -0.1563746
  outer loop
   vertex -116 23.096 84.319
   vertex -112.003 23.096 84.319
   vertex -112.003 22.998 83.7
  endloop
 endfacet
 facet normal 0 0.9876978 -0.1563746
  outer loop
   vertex -116 23.096 84.319
   vertex -112.003 22.998 83.7
   vertex -116 22.998 83.7
  endloop
 endfacet
 facet normal 0 -0.707106 0.7071075
  outer loop
   vertex 116 -23.38 82.523
   vertex 112.003 -23.38 82.523
   vertex 112.003 -23.823 82.08
  endloop
 endfacet
 facet normal 0 -0.707106 0.7071075
  outer loop
   vertex 116 -23.38 82.523
   vertex 112.003 -23.823 82.08
   vertex 116 -23.823 82.08
  endloop
 endfacet
 facet normal -0 0.9876978 0.1563746
  outer loop
   vertex -116 22.998 83.7
   vertex -112.003 22.998 83.7
   vertex -112.003 23.096 83.081
  endloop
 endfacet
 facet normal 0 0.9876978 0.1563746
  outer loop
   vertex -116 22.998 83.7
   vertex -112.003 23.096 83.081
   vertex -116 23.096 83.081
  endloop
 endfacet
 facet normal 0 -0.4535906 0.8912102
  outer loop
   vertex 116 -23.823 82.08
   vertex 112.003 -23.823 82.08
   vertex 112.003 -24.381 81.796
  endloop
 endfacet
 facet normal 0 -0.4535906 0.8912102
  outer loop
   vertex 116 -23.823 82.08
   vertex 112.003 -24.381 81.796
   vertex 116 -24.381 81.796
  endloop
 endfacet
 facet normal -1 0 0
  outer loop
   vertex 112.003 -24.381 81.796
   vertex 112.003 -23.823 82.08
   vertex 112.003 -22.999 80.198
  endloop
 endfacet
 facet normal 0 -0.1563725 0.9876982
  outer loop
   vertex 116 -24.381 81.796
   vertex 112.003 -24.381 81.796
   vertex 112.003 -25 81.698
  endloop
 endfacet
 facet normal 0 -0.1563725 0.9876982
  outer loop
   vertex 116 -24.381 81.796
   vertex 112.003 -25 81.698
   vertex 116 -25 81.698
  endloop
 endfacet
 facet normal -0 0.8912111 0.4535888
  outer loop
   vertex -116 23.096 83.081
   vertex -112.003 23.096 83.081
   vertex -116 23.38 82.523
  endloop
 endfacet
 facet normal -1 0 0
  outer loop
   vertex 112.003 -25 81.698
   vertex 112.003 -24.381 81.796
   vertex 112.003 -22.999 80.198
  endloop
 endfacet
 facet normal -1 0 -0
  outer loop
   vertex 112.003 -23.38 82.523
   vertex 112.003 -22.999 80.198
   vertex 112.003 -23.823 82.08
  endloop
 endfacet
 facet normal 0 0.8905641 0.4548577
  outer loop
   vertex 116 -26.905 83.081
   vertex 116 -26.62 82.523
   vertex 112.003 -26.905 83.081
  endloop
 endfacet
 facet normal -0 0.8905641 0.4548577
  outer loop
   vertex 112.003 -26.62 82.523
   vertex 112.003 -26.905 83.081
   vertex 116 -26.62 82.523
  endloop
 endfacet
 facet normal 1 0 -0
  outer loop
   vertex -112.003 24.381 85.604
   vertex -112.003 25 85.703
   vertex -112.003 22.999 87.202
  endloop
 endfacet
 facet normal 1 0 0
  outer loop
   vertex -112.003 27.001 87.202
   vertex -112.003 22.999 87.202
   vertex -112.003 25 85.703
  endloop
 endfacet
 facet normal 1 -0 0
  outer loop
   vertex -112.003 25 85.703
   vertex -112.003 25.619 85.604
   vertex -112.003 27.001 87.202
  endloop
 endfacet
 facet normal 0 0.9876983 0.1563716
  outer loop
   vertex 112.003 -26.905 83.081
   vertex 112.003 -27.003 83.7
   vertex 116 -27.003 83.7
  endloop
 endfacet
 facet normal -0 0.9876983 0.1563716
  outer loop
   vertex 112.003 -26.905 83.081
   vertex 116 -27.003 83.7
   vertex 116 -26.905 83.081
  endloop
 endfacet
 facet normal 0 0 -1
  outer loop
   vertex -112.003 22.999 87.202
   vertex -112.003 27.001 87.202
   vertex -108 22.999 87.202
  endloop
 endfacet
 facet normal 0 0.9876983 -0.1563716
  outer loop
   vertex 112.003 -27.003 83.7
   vertex 112.003 -26.905 84.319
   vertex 116 -26.905 84.319
  endloop
 endfacet
 facet normal 0 0.9876983 -0.1563716
  outer loop
   vertex 112.003 -27.003 83.7
   vertex 116 -26.905 84.319
   vertex 116 -27.003 83.7
  endloop
 endfacet
 facet normal 1 0 0
  outer loop
   vertex -112.003 29.002 83.7
   vertex -112.003 27.001 87.202
   vertex -112.003 26.62 84.877
  endloop
 endfacet
 facet normal 1 0 0
  outer loop
   vertex -112.003 29.002 83.7
   vertex -112.003 26.62 84.877
   vertex -112.003 26.904 84.319
  endloop
 endfacet
 facet normal 1 -0 0
  outer loop
   vertex -112.003 27.003 83.7
   vertex -112.003 26.904 83.081
   vertex -112.003 29.002 83.7
  endloop
 endfacet
 facet normal -0 -0.8682582 -0.4961125
  outer loop
   vertex -108 29.002 83.7
   vertex -112.003 27.001 87.202
   vertex -112.003 29.002 83.7
  endloop
 endfacet
 facet normal 0 0.8905641 -0.4548577
  outer loop
   vertex 112.003 -26.905 84.319
   vertex 112.003 -26.62 84.877
   vertex 116 -26.62 84.877
  endloop
 endfacet
 facet normal 0 0.8905641 -0.4548577
  outer loop
   vertex 112.003 -26.905 84.319
   vertex 116 -26.62 84.877
   vertex 116 -26.905 84.319
  endloop
 endfacet
 facet normal -6.871496e-08 -0.8682583 0.4961124
  outer loop
   vertex -108 27.85922 81.7
   vertex -108 28.98599 83.67198
   vertex -112.003 29.002 83.7
  endloop
 endfacet
 facet normal -1 -0 0
  outer loop
   vertex 112.003 -26.905 84.319
   vertex 112.003 -29.002 83.7
   vertex 112.003 -26.62 84.877
  endloop
 endfacet
 facet normal -1 0 0
  outer loop
   vertex 112.003 -27.003 83.7
   vertex 112.003 -29.002 83.7
   vertex 112.003 -26.905 84.319
  endloop
 endfacet
 facet normal 0 0 -1
  outer loop
   vertex -112.003 27.001 87.202
   vertex -108 27.001 87.202
   vertex -108 22.999 87.202
  endloop
 endfacet
 facet normal 0 0.707106 -0.7071075
  outer loop
   vertex 112.003 -26.62 84.877
   vertex 112.003 -26.177 85.32
   vertex 116 -26.177 85.32
  endloop
 endfacet
 facet normal 0 0.707106 -0.7071075
  outer loop
   vertex 112.003 -26.62 84.877
   vertex 116 -26.177 85.32
   vertex 116 -26.62 84.877
  endloop
 endfacet
 facet normal -0 -0.8682582 -0.4961125
  outer loop
   vertex -108 27.001 87.202
   vertex -112.003 27.001 87.202
   vertex -108 29.002 83.7
  endloop
 endfacet
 facet normal 0 -0.8679701 0.4966164
  outer loop
   vertex -108 29.002 83.7
   vertex -112.003 29.002 83.7
   vertex -108 29.00093 83.69813
  endloop
 endfacet
 facet normal -3.292658e-07 -0.8682743 0.4960844
  outer loop
   vertex -108 28.98599 83.67198
   vertex -108 29.00093 83.69813
   vertex -112.003 29.002 83.7
  endloop
 endfacet
 facet normal 0 0.4535903 -0.8912103
  outer loop
   vertex 112.003 -26.177 85.32
   vertex 112.003 -25.619 85.604
   vertex 116 -25.619 85.604
  endloop
 endfacet
 facet normal 0 0.4535903 -0.8912103
  outer loop
   vertex 112.003 -26.177 85.32
   vertex 116 -25.619 85.604
   vertex 116 -26.177 85.32
  endloop
 endfacet
 facet normal -1 -0 0
  outer loop
   vertex 112.003 -26.177 85.32
   vertex 112.003 -26.62 84.877
   vertex 112.003 -27.001 87.202
  endloop
 endfacet
 facet normal 1 0 0
  outer loop
   vertex -112.003 26.177 82.08
   vertex -112.003 25.619 81.796
   vertex -112.003 27.001 80.198
  endloop
 endfacet
 facet normal 1 0 0
  outer loop
   vertex -112.003 29.002 83.7
   vertex -112.003 26.62 82.523
   vertex -112.003 27.001 80.198
  endloop
 endfacet
 facet normal 1 0 0
  outer loop
   vertex -112.003 22.999 80.198
   vertex -112.003 27.001 80.198
   vertex -112.003 25 81.698
  endloop
 endfacet
 facet normal 1 0 0
  outer loop
   vertex -112.003 25 81.698
   vertex -112.003 24.381 81.796
   vertex -112.003 22.999 80.198
  endloop
 endfacet
 facet normal 0 0.1579284 -0.9874506
  outer loop
   vertex 112.003 -25.619 85.604
   vertex 112.003 -25 85.703
   vertex 116 -25 85.703
  endloop
 endfacet
 facet normal 0 0.1579284 -0.9874506
  outer loop
   vertex 112.003 -25.619 85.604
   vertex 116 -25 85.703
   vertex 116 -25.619 85.604
  endloop
 endfacet
 facet normal -3.220027e-08 -0.8682583 0.4961125
  outer loop
   vertex -112.003 29.002 83.7
   vertex -112.003 27.001 80.198
   vertex -108 27.85922 81.7
  endloop
 endfacet
 facet normal 0 -0.8682583 0.4961124
  outer loop
   vertex -99.998 27.001 80.198
   vertex -108 27.85922 81.7
   vertex -112.003 27.001 80.198
  endloop
 endfacet
 facet normal -1 -0 0
  outer loop
   vertex 112.003 -25.619 85.604
   vertex 112.003 -26.177 85.32
   vertex 112.003 -27.001 87.202
  endloop
 endfacet
 facet normal -0 0 1
  outer loop
   vertex -112.003 27.001 80.198
   vertex -112.003 22.999 80.198
   vertex -99.998 27.001 80.198
  endloop
 endfacet
 facet normal 0 -0.1579284 -0.9874506
  outer loop
   vertex 112.003 -25 85.703
   vertex 112.003 -24.381 85.604
   vertex 116 -24.381 85.604
  endloop
 endfacet
 facet normal 0 -0.1579284 -0.9874506
  outer loop
   vertex 112.003 -25 85.703
   vertex 116 -24.381 85.604
   vertex 116 -25 85.703
  endloop
 endfacet
 facet normal 0 0.1579282 -0.9874506
  outer loop
   vertex -116 0 85.703
   vertex -112.003 0 85.703
   vertex -112.003 -0.619 85.604
  endloop
 endfacet
 facet normal 0 0.1579282 -0.9874506
  outer loop
   vertex -116 0 85.703
   vertex -112.003 -0.619 85.604
   vertex -116 -0.619 85.604
  endloop
 endfacet
 facet normal 0 -0.4535903 -0.8912103
  outer loop
   vertex 112.003 -24.381 85.604
   vertex 112.003 -23.823 85.32
   vertex 116 -23.823 85.32
  endloop
 endfacet
 facet normal 0 -0.4535903 -0.8912103
  outer loop
   vertex 112.003 -24.381 85.604
   vertex 116 -23.823 85.32
   vertex 116 -24.381 85.604
  endloop
 endfacet
 facet normal 0 0.4535907 -0.8912101
  outer loop
   vertex -116 -0.619 85.604
   vertex -112.003 -0.619 85.604
   vertex -112.003 -1.177 85.32
  endloop
 endfacet
 facet normal 0 0.4535907 -0.8912101
  outer loop
   vertex -116 -0.619 85.604
   vertex -112.003 -1.177 85.32
   vertex -116 -1.177 85.32
  endloop
 endfacet
 facet normal -0 -0.707106 -0.7071075
  outer loop
   vertex 116 -23.823 85.32
   vertex 112.003 -23.823 85.32
   vertex 112.003 -23.38 84.877
  endloop
 endfacet
 facet normal 0 -0.707106 -0.7071075
  outer loop
   vertex 116 -23.823 85.32
   vertex 112.003 -23.38 84.877
   vertex 116 -23.38 84.877
  endloop
 endfacet
 facet normal 0 0.7071067 -0.7071069
  outer loop
   vertex -116 -1.177 85.32
   vertex -112.003 -1.177 85.32
   vertex -112.003 -1.62 84.877
  endloop
 endfacet
 facet normal 0 0.7071067 -0.7071069
  outer loop
   vertex -116 -1.177 85.32
   vertex -112.003 -1.62 84.877
   vertex -116 -1.62 84.877
  endloop
 endfacet
 facet normal -1 0 0
  outer loop
   vertex 112.003 -24.381 85.604
   vertex 112.003 -22.999 87.202
   vertex 112.003 -23.823 85.32
  endloop
 endfacet
 facet normal 1 0 0
  outer loop
   vertex -112.003 -0.619 85.604
   vertex -112.003 -2.001 87.202
   vertex -112.003 -1.177 85.32
  endloop
 endfacet
 facet normal -0 -0.8912111 -0.4535888
  outer loop
   vertex 116 -23.38 84.877
   vertex 112.003 -23.38 84.877
   vertex 112.003 -23.096 84.319
  endloop
 endfacet
 facet normal 0 -0.8912111 -0.4535888
  outer loop
   vertex 116 -23.38 84.877
   vertex 112.003 -23.096 84.319
   vertex 116 -23.096 84.319
  endloop
 endfacet
 facet normal 0 0.8912101 -0.4535908
  outer loop
   vertex -116 -1.62 84.877
   vertex -112.003 -1.62 84.877
   vertex -112.003 -1.904 84.319
  endloop
 endfacet
 facet normal 0 0.8912101 -0.4535908
  outer loop
   vertex -116 -1.62 84.877
   vertex -112.003 -1.904 84.319
   vertex -116 -1.904 84.319
  endloop
 endfacet
 facet normal -1 0 -0
  outer loop
   vertex 112.003 -22.999 87.202
   vertex 112.003 -20.998 83.7
   vertex 112.003 -23.38 84.877
  endloop
 endfacet
 facet normal -1 0 0
  outer loop
   vertex 112.003 -23.38 84.877
   vertex 112.003 -23.823 85.32
   vertex 112.003 -22.999 87.202
  endloop
 endfacet
 facet normal 1 0 0
  outer loop
   vertex -112.003 -2.001 87.202
   vertex -112.003 -4.002 83.7
   vertex -112.003 -1.62 84.877
  endloop
 endfacet
 facet normal 1 0 -0
  outer loop
   vertex -112.003 -1.62 84.877
   vertex -112.003 -1.177 85.32
   vertex -112.003 -2.001 87.202
  endloop
 endfacet
 facet normal -0 -0.9876978 -0.1563746
  outer loop
   vertex 116 -23.096 84.319
   vertex 112.003 -23.096 84.319
   vertex 112.003 -22.998 83.7
  endloop
 endfacet
 facet normal 0 -0.9876978 -0.1563746
  outer loop
   vertex 116 -23.096 84.319
   vertex 112.003 -22.998 83.7
   vertex 116 -22.998 83.7
  endloop
 endfacet
 facet normal 0 0.9874506 -0.1579283
  outer loop
   vertex -116 -1.904 84.319
   vertex -112.003 -1.904 84.319
   vertex -112.003 -2.003 83.7
  endloop
 endfacet
 facet normal 0 0.9874506 -0.1579283
  outer loop
   vertex -116 -1.904 84.319
   vertex -112.003 -2.003 83.7
   vertex -116 -2.003 83.7
  endloop
 endfacet
 facet normal 0 -0.9876978 0.1563746
  outer loop
   vertex 116 -22.998 83.7
   vertex 112.003 -22.998 83.7
   vertex 112.003 -23.096 83.081
  endloop
 endfacet
 facet normal 0 -0.9876978 0.1563746
  outer loop
   vertex 116 -22.998 83.7
   vertex 112.003 -23.096 83.081
   vertex 116 -23.096 83.081
  endloop
 endfacet
 facet normal -0 0.9874506 0.1579283
  outer loop
   vertex -116 -2.003 83.7
   vertex -112.003 -2.003 83.7
   vertex -112.003 -1.904 83.081
  endloop
 endfacet
 facet normal 0 0.9874506 0.1579283
  outer loop
   vertex -116 -2.003 83.7
   vertex -112.003 -1.904 83.081
   vertex -116 -1.904 83.081
  endloop
 endfacet
 facet normal 1 0 0
  outer loop
   vertex -112.003 -2.003 83.7
   vertex -112.003 -4.002 83.7
   vertex -112.003 -1.904 83.081
  endloop
 endfacet
 facet normal -0 0.8912101 0.4535908
  outer loop
   vertex -116 -1.904 83.081
   vertex -112.003 -1.904 83.081
   vertex -112.003 -1.62 82.523
  endloop
 endfacet
 facet normal 0 0.8912101 0.4535908
  outer loop
   vertex -116 -1.904 83.081
   vertex -112.003 -1.62 82.523
   vertex -116 -1.62 82.523
  endloop
 endfacet
 facet normal 0 -0.8912111 0.4535888
  outer loop
   vertex 112.003 -23.38 82.523
   vertex 116 -23.38 82.523
   vertex 112.003 -23.096 83.081
  endloop
 endfacet
 facet normal 0 -0.8912111 0.4535888
  outer loop
   vertex 116 -23.096 83.081
   vertex 112.003 -23.096 83.081
   vertex 116 -23.38 82.523
  endloop
 endfacet
 facet normal -1 0 -0
  outer loop
   vertex 112.003 -22.998 83.7
   vertex 112.003 -20.998 83.7
   vertex 112.003 -23.096 83.081
  endloop
 endfacet
 facet normal -0 0.7071067 0.7071069
  outer loop
   vertex -116 -1.62 82.523
   vertex -112.003 -1.62 82.523
   vertex -112.003 -1.177 82.08
  endloop
 endfacet
 facet normal 0 0.7071067 0.7071069
  outer loop
   vertex -116 -1.62 82.523
   vertex -112.003 -1.177 82.08
   vertex -116 -1.177 82.08
  endloop
 endfacet
 facet normal -1 0 0
  outer loop
   vertex 112.003 -24.381 85.604
   vertex 112.003 -25 85.703
   vertex 112.003 -22.999 87.202
  endloop
 endfacet
 facet normal -1 0 0
  outer loop
   vertex 112.003 -27.001 87.202
   vertex 112.003 -22.999 87.202
   vertex 112.003 -25 85.703
  endloop
 endfacet
 facet normal -1 -0 0
  outer loop
   vertex 112.003 -25 85.703
   vertex 112.003 -25.619 85.604
   vertex 112.003 -27.001 87.202
  endloop
 endfacet
 facet normal 0 0.453591 0.89121
  outer loop
   vertex -112.003 -1.177 82.08
   vertex -112.003 -0.619 81.796
   vertex -116 -0.619 81.796
  endloop
 endfacet
 facet normal 0 0.453591 0.89121
  outer loop
   vertex -112.003 -1.177 82.08
   vertex -116 -0.619 81.796
   vertex -116 -1.177 82.08
  endloop
 endfacet
 facet normal -0 -0.8682582 -0.4961125
  outer loop
   vertex 112.003 -22.999 87.202
   vertex 108 -22.999 87.202
   vertex 108 -20.998 83.7
  endloop
 endfacet
 facet normal 1 0 0
  outer loop
   vertex -112.003 -1.62 82.523
   vertex -112.003 -2.001 80.198
   vertex -112.003 -1.177 82.08
  endloop
 endfacet
 facet normal -0 -0 -1
  outer loop
   vertex 112.003 -22.999 87.202
   vertex 112.003 -27.001 87.202
   vertex 108 -22.999 87.202
  endloop
 endfacet
 facet normal -0 0.1563723 0.9876982
  outer loop
   vertex -116 -0.619 81.796
   vertex -112.003 -0.619 81.796
   vertex -112.003 0 81.698
  endloop
 endfacet
 facet normal 0 0.1563723 0.9876982
  outer loop
   vertex -116 -0.619 81.796
   vertex -112.003 0 81.698
   vertex -116 0 81.698
  endloop
 endfacet
 facet normal 0 0.8682582 -0.4961125
  outer loop
   vertex 108 -29.002 83.7
   vertex 112.003 -27.001 87.202
   vertex 112.003 -29.002 83.7
  endloop
 endfacet
 facet normal 1 0 0
  outer loop
   vertex -112.003 0 81.698
   vertex -112.003 -0.619 81.796
   vertex -112.003 -2.001 80.198
  endloop
 endfacet
 facet normal 1 0 0
  outer loop
   vertex -112.003 -0.619 81.796
   vertex -112.003 -1.177 82.08
   vertex -112.003 -2.001 80.198
  endloop
 endfacet
 facet normal 0 0.1563723 0.9876982
  outer loop
   vertex 112.003 0 81.698
   vertex 112.003 -0.619 81.796
   vertex 116 -0.619 81.796
  endloop
 endfacet
 facet normal -0 0.1563723 0.9876982
  outer loop
   vertex 112.003 0 81.698
   vertex 116 -0.619 81.796
   vertex 116 0 81.698
  endloop
 endfacet
 facet normal 0 -0.1563723 0.9876982
  outer loop
   vertex -112.003 0 81.698
   vertex -112.003 0.619 81.796
   vertex -116 0.619 81.796
  endloop
 endfacet
 facet normal 0 -0.1563723 0.9876982
  outer loop
   vertex -112.003 0 81.698
   vertex -116 0.619 81.796
   vertex -116 0 81.698
  endloop
 endfacet
 facet normal 0 0.453591 0.89121
  outer loop
   vertex 112.003 -0.619 81.796
   vertex 112.003 -1.177 82.08
   vertex 116 -1.177 82.08
  endloop
 endfacet
 facet normal -0 0.453591 0.89121
  outer loop
   vertex 112.003 -0.619 81.796
   vertex 116 -1.177 82.08
   vertex 116 -0.619 81.796
  endloop
 endfacet
 facet normal -1 -0 0
  outer loop
   vertex 112.003 -0.619 81.796
   vertex 112.003 -2.001 80.198
   vertex 112.003 -1.177 82.08
  endloop
 endfacet
 facet normal -1 0 0
  outer loop
   vertex 112.003 2.001 80.198
   vertex 112.003 -2.001 80.198
   vertex 112.003 0 81.698
  endloop
 endfacet
 facet normal 0 -0.453591 0.89121
  outer loop
   vertex -112.003 0.619 81.796
   vertex -112.003 1.177 82.08
   vertex -116 1.177 82.08
  endloop
 endfacet
 facet normal 0 -0.453591 0.89121
  outer loop
   vertex -112.003 0.619 81.796
   vertex -116 1.177 82.08
   vertex -116 0.619 81.796
  endloop
 endfacet
 facet normal 1 0 0
  outer loop
   vertex -112.003 1.177 82.08
   vertex -112.003 0.619 81.796
   vertex -112.003 2.001 80.198
  endloop
 endfacet
 facet normal 1 -0 0
  outer loop
   vertex -112.003 0 81.698
   vertex -112.003 2.001 80.198
   vertex -112.003 0.619 81.796
  endloop
 endfacet
 facet normal 0 0.7071067 0.7071069
  outer loop
   vertex 112.003 -1.177 82.08
   vertex 112.003 -1.62 82.523
   vertex 116 -1.62 82.523
  endloop
 endfacet
 facet normal -0 0.7071067 0.7071069
  outer loop
   vertex 112.003 -1.177 82.08
   vertex 116 -1.62 82.523
   vertex 116 -1.177 82.08
  endloop
 endfacet
 facet normal 0 -0.7071067 0.7071069
  outer loop
   vertex -112.003 1.177 82.08
   vertex -112.003 1.62 82.523
   vertex -116 1.62 82.523
  endloop
 endfacet
 facet normal 0 -0.7071067 0.7071069
  outer loop
   vertex -112.003 1.177 82.08
   vertex -116 1.62 82.523
   vertex -116 1.177 82.08
  endloop
 endfacet
 facet normal 0 -0.8912101 0.4535908
  outer loop
   vertex -112.003 1.62 82.523
   vertex -112.003 1.904 83.081
   vertex -116 1.904 83.081
  endloop
 endfacet
 facet normal 0 -0.8912101 0.4535908
  outer loop
   vertex -112.003 1.62 82.523
   vertex -116 1.904 83.081
   vertex -116 1.62 82.523
  endloop
 endfacet
 facet normal -1 -0 -0
  outer loop
   vertex 112.003 -1.904 83.081
   vertex 112.003 -1.62 82.523
   vertex 112.003 -4.002 83.7
  endloop
 endfacet
 facet normal -1 -0 0
  outer loop
   vertex 112.003 -1.177 82.08
   vertex 112.003 -2.001 80.198
   vertex 112.003 -1.62 82.523
  endloop
 endfacet
 facet normal 1 0 0
  outer loop
   vertex -112.003 1.62 82.523
   vertex -112.003 1.177 82.08
   vertex -112.003 2.001 80.198
  endloop
 endfacet
 facet normal 0 -0.9874506 0.1579283
  outer loop
   vertex -112.003 1.904 83.081
   vertex -112.003 2.003 83.7
   vertex -116 2.003 83.7
  endloop
 endfacet
 facet normal 0 -0.9874506 0.1579283
  outer loop
   vertex -112.003 1.904 83.081
   vertex -116 2.003 83.7
   vertex -116 1.904 83.081
  endloop
 endfacet
 facet normal 1 0 -0
  outer loop
   vertex -112.003 2.001 80.198
   vertex -112.003 4.002 83.7
   vertex -112.003 1.62 82.523
  endloop
 endfacet
 facet normal 1 -0 0
  outer loop
   vertex -112.003 1.904 83.081
   vertex -112.003 1.62 82.523
   vertex -112.003 4.002 83.7
  endloop
 endfacet
 facet normal 0 -0.7071067 0.7071069
  outer loop
   vertex 116 1.62 82.523
   vertex 112.003 1.62 82.523
   vertex 112.003 1.177 82.08
  endloop
 endfacet
 facet normal 0 -0.7071067 0.7071069
  outer loop
   vertex 116 1.62 82.523
   vertex 112.003 1.177 82.08
   vertex 116 1.177 82.08
  endloop
 endfacet
 facet normal 0 -0.9874506 -0.1579283
  outer loop
   vertex -112.003 2.003 83.7
   vertex -112.003 1.904 84.319
   vertex -116 1.904 84.319
  endloop
 endfacet
 facet normal -0 -0.9874506 -0.1579283
  outer loop
   vertex -112.003 2.003 83.7
   vertex -116 1.904 84.319
   vertex -116 2.003 83.7
  endloop
 endfacet
 facet normal 0 -0.8912101 -0.4535908
  outer loop
   vertex -112.003 1.904 84.319
   vertex -112.003 1.62 84.877
   vertex -116 1.62 84.877
  endloop
 endfacet
 facet normal -0 -0.8912101 -0.4535908
  outer loop
   vertex -112.003 1.904 84.319
   vertex -116 1.62 84.877
   vertex -116 1.904 84.319
  endloop
 endfacet
 facet normal 0 -0.453591 0.89121
  outer loop
   vertex 116 1.177 82.08
   vertex 112.003 1.177 82.08
   vertex 112.003 0.619 81.796
  endloop
 endfacet
 facet normal 0 -0.453591 0.89121
  outer loop
   vertex 116 1.177 82.08
   vertex 112.003 0.619 81.796
   vertex 116 0.619 81.796
  endloop
 endfacet
 facet normal 1 0 -0
  outer loop
   vertex -112.003 2.003 83.7
   vertex -112.003 4.002 83.7
   vertex -112.003 1.904 84.319
  endloop
 endfacet
 facet normal -1 0 -0
  outer loop
   vertex 112.003 1.62 82.523
   vertex 112.003 2.001 80.198
   vertex 112.003 1.177 82.08
  endloop
 endfacet
 facet normal 0 -0.7071067 -0.7071069
  outer loop
   vertex -112.003 1.62 84.877
   vertex -112.003 1.177 85.32
   vertex -116 1.177 85.32
  endloop
 endfacet
 facet normal -0 -0.7071067 -0.7071069
  outer loop
   vertex -112.003 1.62 84.877
   vertex -116 1.177 85.32
   vertex -116 1.62 84.877
  endloop
 endfacet
 facet normal 0 -0.1563723 0.9876982
  outer loop
   vertex 116 0.619 81.796
   vertex 112.003 0.619 81.796
   vertex 112.003 0 81.698
  endloop
 endfacet
 facet normal 0 -0.1563723 0.9876982
  outer loop
   vertex 116 0.619 81.796
   vertex 112.003 0 81.698
   vertex 116 0 81.698
  endloop
 endfacet
 facet normal 0 -0.4535907 -0.8912101
  outer loop
   vertex -116 1.177 85.32
   vertex -112.003 1.177 85.32
   vertex -112.003 0.619 85.604
  endloop
 endfacet
 facet normal 0 -0.4535907 -0.8912101
  outer loop
   vertex -116 1.177 85.32
   vertex -112.003 0.619 85.604
   vertex -116 0.619 85.604
  endloop
 endfacet
 facet normal 0 0.8912101 0.4535908
  outer loop
   vertex 116 -1.904 83.081
   vertex 116 -1.62 82.523
   vertex 112.003 -1.904 83.081
  endloop
 endfacet
 facet normal -0 0.8912101 0.4535908
  outer loop
   vertex 112.003 -1.62 82.523
   vertex 112.003 -1.904 83.081
   vertex 116 -1.62 82.523
  endloop
 endfacet
 facet normal 0 -0.1579282 -0.9874506
  outer loop
   vertex -116 0.619 85.604
   vertex -112.003 0.619 85.604
   vertex -112.003 0 85.703
  endloop
 endfacet
 facet normal 0 -0.1579282 -0.9874506
  outer loop
   vertex -116 0.619 85.604
   vertex -112.003 0 85.703
   vertex -116 0 85.703
  endloop
 endfacet
 facet normal 1 -0 0
  outer loop
   vertex -112.003 0.619 85.604
   vertex -112.003 1.177 85.32
   vertex -112.003 2.001 87.202
  endloop
 endfacet
 facet normal 1 0 -0
  outer loop
   vertex -112.003 1.62 84.877
   vertex -112.003 2.001 87.202
   vertex -112.003 1.177 85.32
  endloop
 endfacet
 facet normal 0 0.9874506 0.1579283
  outer loop
   vertex 112.003 -1.904 83.081
   vertex 112.003 -2.003 83.7
   vertex 116 -2.003 83.7
  endloop
 endfacet
 facet normal -0 0.9874506 0.1579283
  outer loop
   vertex 112.003 -1.904 83.081
   vertex 116 -2.003 83.7
   vertex 116 -1.904 83.081
  endloop
 endfacet
 facet normal 1 0 -0
  outer loop
   vertex -112.003 -0.619 85.604
   vertex -112.003 0 85.703
   vertex -112.003 -2.001 87.202
  endloop
 endfacet
 facet normal 1 0 0
  outer loop
   vertex -112.003 2.001 87.202
   vertex -112.003 -2.001 87.202
   vertex -112.003 0 85.703
  endloop
 endfacet
 facet normal 1 -0 0
  outer loop
   vertex -112.003 0 85.703
   vertex -112.003 0.619 85.604
   vertex -112.003 2.001 87.202
  endloop
 endfacet
 facet normal 0 0.9874506 -0.1579283
  outer loop
   vertex 112.003 -2.003 83.7
   vertex 112.003 -1.904 84.319
   vertex 116 -1.904 84.319
  endloop
 endfacet
 facet normal 0 0.9874506 -0.1579283
  outer loop
   vertex 112.003 -2.003 83.7
   vertex 116 -1.904 84.319
   vertex 116 -2.003 83.7
  endloop
 endfacet
 facet normal 0 0.8682584 -0.4961122
  outer loop
   vertex -108 -4.002 83.7
   vertex -112.003 -4.002 83.7
   vertex -108 -2.001 87.202
  endloop
 endfacet
 facet normal 0 0 -1
  outer loop
   vertex -112.003 -2.001 87.202
   vertex -112.003 2.001 87.202
   vertex -108 -2.001 87.202
  endloop
 endfacet
 facet normal 0 0.8912101 -0.4535908
  outer loop
   vertex 112.003 -1.904 84.319
   vertex 112.003 -1.62 84.877
   vertex 116 -1.62 84.877
  endloop
 endfacet
 facet normal 0 0.8912101 -0.4535908
  outer loop
   vertex 112.003 -1.904 84.319
   vertex 116 -1.62 84.877
   vertex 116 -1.904 84.319
  endloop
 endfacet
 facet normal -1 -0 0
  outer loop
   vertex 112.003 -1.904 84.319
   vertex 112.003 -4.002 83.7
   vertex 112.003 -1.62 84.877
  endloop
 endfacet
 facet normal -1 0 0
  outer loop
   vertex 112.003 -2.003 83.7
   vertex 112.003 -4.002 83.7
   vertex 112.003 -1.904 84.319
  endloop
 endfacet
 facet normal 1 0 0
  outer loop
   vertex -112.003 4.002 83.7
   vertex -112.003 2.001 87.202
   vertex -112.003 1.62 84.877
  endloop
 endfacet
 facet normal 1 0 0
  outer loop
   vertex -112.003 4.002 83.7
   vertex -112.003 1.62 84.877
   vertex -112.003 1.904 84.319
  endloop
 endfacet
 facet normal 1 -0 0
  outer loop
   vertex -112.003 2.003 83.7
   vertex -112.003 1.904 83.081
   vertex -112.003 4.002 83.7
  endloop
 endfacet
 facet normal -0 -0.8682584 -0.4961122
  outer loop
   vertex -108 2.001 87.202
   vertex -112.003 2.001 87.202
   vertex -112.003 4.002 83.7
  endloop
 endfacet
 facet normal 0 0.7071067 -0.7071069
  outer loop
   vertex 112.003 -1.62 84.877
   vertex 112.003 -1.177 85.32
   vertex 116 -1.177 85.32
  endloop
 endfacet
 facet normal 0 0.7071067 -0.7071069
  outer loop
   vertex 112.003 -1.62 84.877
   vertex 116 -1.177 85.32
   vertex 116 -1.62 84.877
  endloop
 endfacet
 facet normal 0 0.4535907 -0.8912101
  outer loop
   vertex 112.003 -1.177 85.32
   vertex 112.003 -0.619 85.604
   vertex 116 -0.619 85.604
  endloop
 endfacet
 facet normal 0 0.4535907 -0.8912101
  outer loop
   vertex 112.003 -1.177 85.32
   vertex 116 -0.619 85.604
   vertex 116 -1.177 85.32
  endloop
 endfacet
 facet normal 1 0 0
  outer loop
   vertex -112.003 23.823 82.08
   vertex -112.003 23.38 82.523
   vertex -112.003 22.999 80.198
  endloop
 endfacet
 facet normal 1 0 0
  outer loop
   vertex -112.003 23.38 82.523
   vertex -112.003 23.096 83.081
   vertex -112.003 20.998 83.7
  endloop
 endfacet
 facet normal 1 0 0
  outer loop
   vertex -112.003 23.096 83.081
   vertex -112.003 22.998 83.7
   vertex -112.003 20.998 83.7
  endloop
 endfacet
 facet normal 1 0 -0
  outer loop
   vertex -112.003 22.998 83.7
   vertex -112.003 23.096 84.319
   vertex -112.003 20.998 83.7
  endloop
 endfacet
 facet normal 1 0 -0
  outer loop
   vertex -112.003 23.096 84.319
   vertex -112.003 23.38 84.877
   vertex -112.003 20.998 83.7
  endloop
 endfacet
 facet normal -1 -0 0
  outer loop
   vertex 112.003 -1.177 85.32
   vertex 112.003 -1.62 84.877
   vertex 112.003 -2.001 87.202
  endloop
 endfacet
 facet normal -3.220027e-08 0.8682583 0.4961125
  outer loop
   vertex -112.003 22.999 80.198
   vertex -112.003 20.998 83.7
   vertex -108 22.14078 81.7
  endloop
 endfacet
 facet normal 0 0.8682582 -0.4961125
  outer loop
   vertex -108 20.998 83.7
   vertex -112.003 20.998 83.7
   vertex -112.003 22.999 87.202
  endloop
 endfacet
 facet normal 0 0.8682582 -0.4961125
  outer loop
   vertex -112.003 22.999 87.202
   vertex -108 22.999 87.202
   vertex -108 20.998 83.7
  endloop
 endfacet
 facet normal 0 0.1579282 -0.9874506
  outer loop
   vertex 112.003 -0.619 85.604
   vertex 112.003 0 85.703
   vertex 116 0 85.703
  endloop
 endfacet
 facet normal 0 0.1579282 -0.9874506
  outer loop
   vertex 112.003 -0.619 85.604
   vertex 116 0 85.703
   vertex 116 -0.619 85.604
  endloop
 endfacet
 facet normal -1 -0 0
  outer loop
   vertex 112.003 -0.619 85.604
   vertex 112.003 -1.177 85.32
   vertex 112.003 -2.001 87.202
  endloop
 endfacet
 facet normal 0 0 -1
  outer loop
   vertex -112.003 2.001 87.202
   vertex -108 2.001 87.202
   vertex -108 -2.001 87.202
  endloop
 endfacet
 facet normal 0 -0.1579282 -0.9874506
  outer loop
   vertex 112.003 0 85.703
   vertex 112.003 0.619 85.604
   vertex 116 0.619 85.604
  endloop
 endfacet
 facet normal 0 -0.1579282 -0.9874506
  outer loop
   vertex 112.003 0 85.703
   vertex 116 0.619 85.604
   vertex 116 0 85.703
  endloop
 endfacet
 facet normal 0 -0.8682584 -0.4961122
  outer loop
   vertex -112.003 4.002 83.7
   vertex -108 4.002 83.7
   vertex -108 2.001 87.202
  endloop
 endfacet
 facet normal 0 -0.8682584 0.4961122
  outer loop
   vertex -108 4.002 83.7
   vertex -112.003 4.002 83.7
   vertex -108 2.859225 81.7
  endloop
 endfacet
 facet normal 0 -0.4535907 -0.8912101
  outer loop
   vertex 112.003 0.619 85.604
   vertex 112.003 1.177 85.32
   vertex 116 1.177 85.32
  endloop
 endfacet
 facet normal 0 -0.4535907 -0.8912101
  outer loop
   vertex 112.003 0.619 85.604
   vertex 116 1.177 85.32
   vertex 116 0.619 85.604
  endloop
 endfacet
 facet normal 0 0.8682582 0.4961125
  outer loop
   vertex -108 20.998 83.7
   vertex -108 22.14078 81.7
   vertex -112.003 20.998 83.7
  endloop
 endfacet
 facet normal -0 -0.7071067 -0.7071069
  outer loop
   vertex 116 1.177 85.32
   vertex 112.003 1.177 85.32
   vertex 112.003 1.62 84.877
  endloop
 endfacet
 facet normal 0 -0.7071067 -0.7071069
  outer loop
   vertex 116 1.177 85.32
   vertex 112.003 1.62 84.877
   vertex 116 1.62 84.877
  endloop
 endfacet
 facet normal -1 0 0
  outer loop
   vertex 112.003 0.619 85.604
   vertex 112.003 2.001 87.202
   vertex 112.003 1.177 85.32
  endloop
 endfacet
 facet normal 1 0 0
  outer loop
   vertex -112.003 -2.001 80.198
   vertex -112.003 2.001 80.198
   vertex -112.003 0 81.698
  endloop
 endfacet
 facet normal -0 -0.8912101 -0.4535908
  outer loop
   vertex 116 1.62 84.877
   vertex 112.003 1.62 84.877
   vertex 112.003 1.904 84.319
  endloop
 endfacet
 facet normal 0 -0.8912101 -0.4535908
  outer loop
   vertex 116 1.62 84.877
   vertex 112.003 1.904 84.319
   vertex 116 1.904 84.319
  endloop
 endfacet
 facet normal 0 -0.8682583 0.4961123
  outer loop
   vertex -99.998 2.001 80.198
   vertex -108 2.859225 81.7
   vertex -112.003 2.001 80.198
  endloop
 endfacet
 facet normal -1 0 -0
  outer loop
   vertex 112.003 2.001 87.202
   vertex 112.003 4.002 83.7
   vertex 112.003 1.62 84.877
  endloop
 endfacet
 facet normal -1 0 0
  outer loop
   vertex 112.003 1.62 84.877
   vertex 112.003 1.177 85.32
   vertex 112.003 2.001 87.202
  endloop
 endfacet
 facet normal -0 -0.9876982 -0.1563723
  outer loop
   vertex 116 1.904 84.319
   vertex 112.003 1.904 84.319
   vertex 112.003 2.002 83.7
  endloop
 endfacet
 facet normal 0 -0.9876982 -0.1563723
  outer loop
   vertex 116 1.904 84.319
   vertex 112.003 2.002 83.7
   vertex 116 2.002 83.7
  endloop
 endfacet
 facet normal -0 0 1
  outer loop
   vertex -112.003 2.001 80.198
   vertex -112.003 -2.001 80.198
   vertex -99.998 2.001 80.198
  endloop
 endfacet
 facet normal 0 -0.1563725 0.9876982
  outer loop
   vertex -112.002 -25 81.698
   vertex -112.002 -24.381 81.796
   vertex -116 -24.381 81.796
  endloop
 endfacet
 facet normal 0 -0.1563725 0.9876982
  outer loop
   vertex -112.002 -25 81.698
   vertex -116 -24.381 81.796
   vertex -116 -25 81.698
  endloop
 endfacet
 facet normal 0 -0.9876982 0.1563723
  outer loop
   vertex 116 2.002 83.7
   vertex 112.003 2.002 83.7
   vertex 112.003 1.904 83.081
  endloop
 endfacet
 facet normal 0 -0.9876982 0.1563723
  outer loop
   vertex 116 2.002 83.7
   vertex 112.003 1.904 83.081
   vertex 116 1.904 83.081
  endloop
 endfacet
 facet normal 1 -0 0
  outer loop
   vertex -112.002 -25 81.698
   vertex -112.002 -22.999 80.198
   vertex -112.002 -24.381 81.796
  endloop
 endfacet
 facet normal 0 -0.4535906 0.8912102
  outer loop
   vertex -112.002 -24.381 81.796
   vertex -112.002 -23.823 82.08
   vertex -116 -23.823 82.08
  endloop
 endfacet
 facet normal 0 -0.4535906 0.8912102
  outer loop
   vertex -112.002 -24.381 81.796
   vertex -116 -23.823 82.08
   vertex -116 -24.381 81.796
  endloop
 endfacet
 facet normal 0 -0.8912101 0.4535908
  outer loop
   vertex 112.003 1.62 82.523
   vertex 116 1.62 82.523
   vertex 112.003 1.904 83.081
  endloop
 endfacet
 facet normal 0 -0.8912101 0.4535908
  outer loop
   vertex 116 1.904 83.081
   vertex 112.003 1.904 83.081
   vertex 116 1.62 82.523
  endloop
 endfacet
 facet normal 0 -0.707106 0.7071075
  outer loop
   vertex -112.002 -23.823 82.08
   vertex -112.002 -23.38 82.523
   vertex -116 -23.38 82.523
  endloop
 endfacet
 facet normal 0 -0.707106 0.7071075
  outer loop
   vertex -112.002 -23.823 82.08
   vertex -116 -23.38 82.523
   vertex -116 -23.823 82.08
  endloop
 endfacet
 facet normal -1 0 -0
  outer loop
   vertex 112.003 2.002 83.7
   vertex 112.003 4.002 83.7
   vertex 112.003 1.904 83.081
  endloop
 endfacet
 facet normal 1 0 0
  outer loop
   vertex -112.002 -23.38 82.523
   vertex -112.002 -23.823 82.08
   vertex -112.002 -22.999 80.198
  endloop
 endfacet
 facet normal 1 0 0
  outer loop
   vertex -112.002 -23.823 82.08
   vertex -112.002 -24.381 81.796
   vertex -112.002 -22.999 80.198
  endloop
 endfacet
 facet normal -1 0 0
  outer loop
   vertex 112.003 0.619 85.604
   vertex 112.003 0 85.703
   vertex 112.003 2.001 87.202
  endloop
 endfacet
 facet normal -1 0 0
  outer loop
   vertex 112.003 -2.001 87.202
   vertex 112.003 2.001 87.202
   vertex 112.003 0 85.703
  endloop
 endfacet
 facet normal -1 -0 0
  outer loop
   vertex 112.003 0 85.703
   vertex 112.003 -0.619 85.604
   vertex 112.003 -2.001 87.202
  endloop
 endfacet
 facet normal -0 -0.8682584 -0.4961122
  outer loop
   vertex 112.003 2.001 87.202
   vertex 108 2.001 87.202
   vertex 108 4.002 83.7
  endloop
 endfacet
 facet normal 1 0 -0
  outer loop
   vertex -112.002 -22.999 80.198
   vertex -112.002 -20.998 83.7
   vertex -112.002 -23.38 82.523
  endloop
 endfacet
 facet normal -0 -0 -1
  outer loop
   vertex 112.003 2.001 87.202
   vertex 112.003 -2.001 87.202
   vertex 108 2.001 87.202
  endloop
 endfacet
 facet normal 0 0.8682584 -0.4961122
  outer loop
   vertex 108 -4.002 83.7
   vertex 108 -2.001 87.202
   vertex 112.003 -2.001 87.202
  endloop
 endfacet
 facet normal -0 0.707106 0.7071075
  outer loop
   vertex -116 -26.62 82.523
   vertex -112.002 -26.62 82.523
   vertex -112.002 -26.177 82.08
  endloop
 endfacet
 facet normal 0 0.707106 0.7071075
  outer loop
   vertex -116 -26.62 82.523
   vertex -112.002 -26.177 82.08
   vertex -116 -26.177 82.08
  endloop
 endfacet
 facet normal 0 0.1563725 0.9876982
  outer loop
   vertex 112.003 25 81.698
   vertex 112.003 24.381 81.796
   vertex 116 24.381 81.796
  endloop
 endfacet
 facet normal -0 0.1563725 0.9876982
  outer loop
   vertex 112.003 25 81.698
   vertex 116 24.381 81.796
   vertex 116 25 81.698
  endloop
 endfacet
 facet normal 1 0 0
  outer loop
   vertex -112.002 -26.904 83.081
   vertex -112.002 -29.002 83.7
   vertex -112.002 -26.62 82.523
  endloop
 endfacet
 facet normal 0 0.4535906 0.8912102
  outer loop
   vertex 112.003 24.381 81.796
   vertex 112.003 23.823 82.08
   vertex 116 23.823 82.08
  endloop
 endfacet
 facet normal -0 0.4535906 0.8912102
  outer loop
   vertex 112.003 24.381 81.796
   vertex 116 23.823 82.08
   vertex 116 24.381 81.796
  endloop
 endfacet
 facet normal 0 0.4535906 0.8912102
  outer loop
   vertex -112.002 -26.177 82.08
   vertex -112.002 -25.619 81.796
   vertex -116 -25.619 81.796
  endloop
 endfacet
 facet normal 0 0.4535906 0.8912102
  outer loop
   vertex -112.002 -26.177 82.08
   vertex -116 -25.619 81.796
   vertex -116 -26.177 82.08
  endloop
 endfacet
 facet normal 1 0 0
  outer loop
   vertex -112.002 -26.177 82.08
   vertex -112.002 -26.62 82.523
   vertex -112.002 -27.001 80.198
  endloop
 endfacet
 facet normal -1 -0 0
  outer loop
   vertex 112.003 24.381 81.796
   vertex 112.003 22.999 80.198
   vertex 112.003 23.823 82.08
  endloop
 endfacet
 facet normal -1 0 0
  outer loop
   vertex 112.003 27.001 80.198
   vertex 112.003 22.999 80.198
   vertex 112.003 25 81.698
  endloop
 endfacet
 facet normal -0 0.1563725 0.9876982
  outer loop
   vertex -116 -25.619 81.796
   vertex -112.002 -25.619 81.796
   vertex -112.002 -25 81.698
  endloop
 endfacet
 facet normal 0 0.1563725 0.9876982
  outer loop
   vertex -116 -25.619 81.796
   vertex -112.002 -25 81.698
   vertex -116 -25 81.698
  endloop
 endfacet
 facet normal 0 0.707106 0.7071075
  outer loop
   vertex 112.003 23.823 82.08
   vertex 112.003 23.38 82.523
   vertex 116 23.38 82.523
  endloop
 endfacet
 facet normal -0 0.707106 0.7071075
  outer loop
   vertex 112.003 23.823 82.08
   vertex 116 23.38 82.523
   vertex 116 23.823 82.08
  endloop
 endfacet
 facet normal 1 0 0
  outer loop
   vertex -112.002 -25 81.698
   vertex -112.002 -25.619 81.796
   vertex -112.002 -27.001 80.198
  endloop
 endfacet
 facet normal 1 0 0
  outer loop
   vertex -112.002 -25.619 81.796
   vertex -112.002 -26.177 82.08
   vertex -112.002 -27.001 80.198
  endloop
 endfacet
 facet normal 0 -0.8912111 0.4535888
  outer loop
   vertex -112.002 -23.38 82.523
   vertex -112.002 -23.096 83.081
   vertex -116 -23.096 83.081
  endloop
 endfacet
 facet normal 0 -0.8912111 0.4535888
  outer loop
   vertex -112.002 -23.38 82.523
   vertex -116 -23.096 83.081
   vertex -116 -23.38 82.523
  endloop
 endfacet
 facet normal -1 -0 -0
  outer loop
   vertex 112.003 22.997 83.7
   vertex 112.003 23.096 83.081
   vertex 112.003 20.998 83.7
  endloop
 endfacet
 facet normal -1 -0 0
  outer loop
   vertex 112.003 23.823 82.08
   vertex 112.003 22.999 80.198
   vertex 112.003 23.38 82.523
  endloop
 endfacet
 facet normal 0 -0.9876978 0.1563746
  outer loop
   vertex -112.002 -23.096 83.081
   vertex -112.002 -22.998 83.7
   vertex -116 -22.998 83.7
  endloop
 endfacet
 facet normal 0 -0.9876978 0.1563746
  outer loop
   vertex -112.002 -23.096 83.081
   vertex -116 -22.998 83.7
   vertex -116 -23.096 83.081
  endloop
 endfacet
 facet normal 0 -0.9876978 -0.1563746
  outer loop
   vertex -112.002 -22.998 83.7
   vertex -112.002 -23.096 84.319
   vertex -116 -23.096 84.319
  endloop
 endfacet
 facet normal -0 -0.9876978 -0.1563746
  outer loop
   vertex -112.002 -22.998 83.7
   vertex -116 -23.096 84.319
   vertex -116 -22.998 83.7
  endloop
 endfacet
 facet normal 0 -0.707106 0.7071075
  outer loop
   vertex 116 26.62 82.523
   vertex 112.003 26.62 82.523
   vertex 112.003 26.177 82.08
  endloop
 endfacet
 facet normal 0 -0.707106 0.7071075
  outer loop
   vertex 116 26.62 82.523
   vertex 112.003 26.177 82.08
   vertex 116 26.177 82.08
  endloop
 endfacet
 facet normal 0 -0.8912111 -0.4535888
  outer loop
   vertex -112.002 -23.096 84.319
   vertex -112.002 -23.38 84.877
   vertex -116 -23.38 84.877
  endloop
 endfacet
 facet normal -0 -0.8912111 -0.4535888
  outer loop
   vertex -112.002 -23.096 84.319
   vertex -116 -23.38 84.877
   vertex -116 -23.096 84.319
  endloop
 endfacet
 facet normal 0 -0.4535906 0.8912102
  outer loop
   vertex 116 26.177 82.08
   vertex 112.003 26.177 82.08
   vertex 112.003 25.619 81.796
  endloop
 endfacet
 facet normal 0 -0.4535906 0.8912102
  outer loop
   vertex 116 26.177 82.08
   vertex 112.003 25.619 81.796
   vertex 116 25.619 81.796
  endloop
 endfacet
 facet normal 1 0 -0
  outer loop
   vertex -112.002 -22.998 83.7
   vertex -112.002 -20.998 83.7
   vertex -112.002 -23.096 84.319
  endloop
 endfacet
 facet normal -1 0 -0
  outer loop
   vertex 112.003 26.62 82.523
   vertex 112.003 27.001 80.198
   vertex 112.003 26.177 82.08
  endloop
 endfacet
 facet normal 0 -0.707106 -0.7071075
  outer loop
   vertex -112.002 -23.38 84.877
   vertex -112.002 -23.823 85.32
   vertex -116 -23.823 85.32
  endloop
 endfacet
 facet normal -0 -0.707106 -0.7071075
  outer loop
   vertex -112.002 -23.38 84.877
   vertex -116 -23.823 85.32
   vertex -116 -23.38 84.877
  endloop
 endfacet
 facet normal 0 -0.1563725 0.9876982
  outer loop
   vertex 116 25.619 81.796
   vertex 112.003 25.619 81.796
   vertex 112.003 25 81.698
  endloop
 endfacet
 facet normal 0 -0.1563725 0.9876982
  outer loop
   vertex 116 25.619 81.796
   vertex 112.003 25 81.698
   vertex 116 25 81.698
  endloop
 endfacet
 facet normal 0 -0.4535903 -0.8912103
  outer loop
   vertex -116 -23.823 85.32
   vertex -112.002 -23.823 85.32
   vertex -112.002 -24.381 85.604
  endloop
 endfacet
 facet normal 0 -0.4535903 -0.8912103
  outer loop
   vertex -116 -23.823 85.32
   vertex -112.002 -24.381 85.604
   vertex -116 -24.381 85.604
  endloop
 endfacet
 facet normal 0 0.8912111 0.4535888
  outer loop
   vertex 116 23.096 83.081
   vertex 116 23.38 82.523
   vertex 112.003 23.096 83.081
  endloop
 endfacet
 facet normal -0 0.8912111 0.4535888
  outer loop
   vertex 112.003 23.38 82.523
   vertex 112.003 23.096 83.081
   vertex 116 23.38 82.523
  endloop
 endfacet
 facet normal 0 -0.1579284 -0.9874506
  outer loop
   vertex -116 -24.381 85.604
   vertex -112.002 -24.381 85.604
   vertex -112.002 -25 85.703
  endloop
 endfacet
 facet normal 0 -0.1579284 -0.9874506
  outer loop
   vertex -116 -24.381 85.604
   vertex -112.002 -25 85.703
   vertex -116 -25 85.703
  endloop
 endfacet
 facet normal 0 0.9874504 0.1579297
  outer loop
   vertex 112.003 23.096 83.081
   vertex 112.003 22.997 83.7
   vertex 116 22.997 83.7
  endloop
 endfacet
 facet normal -0 0.9874504 0.1579297
  outer loop
   vertex 112.003 23.096 83.081
   vertex 116 22.997 83.7
   vertex 116 23.096 83.081
  endloop
 endfacet
 facet normal 1 -0 0
  outer loop
   vertex -112.002 -24.381 85.604
   vertex -112.002 -23.823 85.32
   vertex -112.002 -22.999 87.202
  endloop
 endfacet
 facet normal 1 0 -0
  outer loop
   vertex -112.002 -23.38 84.877
   vertex -112.002 -22.999 87.202
   vertex -112.002 -23.823 85.32
  endloop
 endfacet
 facet normal -1 0 0
  outer loop
   vertex 112.003 23.38 82.523
   vertex 112.003 20.998 83.7
   vertex 112.003 23.096 83.081
  endloop
 endfacet
 facet normal 0 0.1579284 -0.9874506
  outer loop
   vertex -116 -25 85.703
   vertex -112.002 -25 85.703
   vertex -112.002 -25.619 85.604
  endloop
 endfacet
 facet normal 0 0.1579284 -0.9874506
  outer loop
   vertex -116 -25 85.703
   vertex -112.002 -25.619 85.604
   vertex -116 -25.619 85.604
  endloop
 endfacet
 facet normal 0 0.9874504 -0.1579297
  outer loop
   vertex 112.003 22.997 83.7
   vertex 112.003 23.096 84.319
   vertex 116 23.096 84.319
  endloop
 endfacet
 facet normal 0 0.9874504 -0.1579297
  outer loop
   vertex 112.003 22.997 83.7
   vertex 116 23.096 84.319
   vertex 116 22.997 83.7
  endloop
 endfacet
 facet normal 0 0.4535903 -0.8912103
  outer loop
   vertex -116 -25.619 85.604
   vertex -112.002 -25.619 85.604
   vertex -112.002 -26.177 85.32
  endloop
 endfacet
 facet normal 0 0.4535903 -0.8912103
  outer loop
   vertex -116 -25.619 85.604
   vertex -112.002 -26.177 85.32
   vertex -116 -26.177 85.32
  endloop
 endfacet
 facet normal 0 0.8912111 -0.4535888
  outer loop
   vertex 112.003 23.096 84.319
   vertex 112.003 23.38 84.877
   vertex 116 23.38 84.877
  endloop
 endfacet
 facet normal 0 0.8912111 -0.4535888
  outer loop
   vertex 112.003 23.096 84.319
   vertex 116 23.38 84.877
   vertex 116 23.096 84.319
  endloop
 endfacet
 facet normal 0 0.707106 -0.7071075
  outer loop
   vertex -116 -26.177 85.32
   vertex -112.002 -26.177 85.32
   vertex -112.002 -26.62 84.877
  endloop
 endfacet
 facet normal 0 0.707106 -0.7071075
  outer loop
   vertex -116 -26.177 85.32
   vertex -112.002 -26.62 84.877
   vertex -116 -26.62 84.877
  endloop
 endfacet
 facet normal -1 -0 0
  outer loop
   vertex 112.003 23.096 84.319
   vertex 112.003 20.998 83.7
   vertex 112.003 23.38 84.877
  endloop
 endfacet
 facet normal -1 0 0
  outer loop
   vertex 112.003 22.997 83.7
   vertex 112.003 20.998 83.7
   vertex 112.003 23.096 84.319
  endloop
 endfacet
 facet normal 0 0.707106 -0.7071075
  outer loop
   vertex 112.003 23.38 84.877
   vertex 112.003 23.823 85.32
   vertex 116 23.823 85.32
  endloop
 endfacet
 facet normal 0 0.707106 -0.7071075
  outer loop
   vertex 112.003 23.38 84.877
   vertex 116 23.823 85.32
   vertex 116 23.38 84.877
  endloop
 endfacet
 facet normal 0 0.8912111 -0.4535888
  outer loop
   vertex -116 -26.62 84.877
   vertex -112.002 -26.62 84.877
   vertex -112.002 -26.904 84.319
  endloop
 endfacet
 facet normal 0 0.8912111 -0.4535888
  outer loop
   vertex -116 -26.62 84.877
   vertex -112.002 -26.904 84.319
   vertex -116 -26.904 84.319
  endloop
 endfacet
 facet normal 1 0 0
  outer loop
   vertex -112.002 -26.177 85.32
   vertex -112.002 -27.001 87.202
   vertex -112.002 -26.62 84.877
  endloop
 endfacet
 facet normal 0 0.4535903 -0.8912103
  outer loop
   vertex 112.003 23.823 85.32
   vertex 112.003 24.381 85.604
   vertex 116 24.381 85.604
  endloop
 endfacet
 facet normal 0 0.4535903 -0.8912103
  outer loop
   vertex 112.003 23.823 85.32
   vertex 116 24.381 85.604
   vertex 116 23.823 85.32
  endloop
 endfacet
 facet normal 0 0.9874504 -0.1579297
  outer loop
   vertex -116 -26.904 84.319
   vertex -112.002 -26.904 84.319
   vertex -112.002 -27.003 83.7
  endloop
 endfacet
 facet normal 0 0.9874504 -0.1579297
  outer loop
   vertex -116 -26.904 84.319
   vertex -112.002 -27.003 83.7
   vertex -116 -27.003 83.7
  endloop
 endfacet
 facet normal -1 -0 0
  outer loop
   vertex 112.003 23.823 85.32
   vertex 112.003 23.38 84.877
   vertex 112.003 22.999 87.202
  endloop
 endfacet
 facet normal 0 0.1579284 -0.9874506
  outer loop
   vertex 112.003 24.381 85.604
   vertex 112.003 25 85.703
   vertex 116 25 85.703
  endloop
 endfacet
 facet normal 0 0.1579284 -0.9874506
  outer loop
   vertex 112.003 24.381 85.604
   vertex 116 25 85.703
   vertex 116 24.381 85.604
  endloop
 endfacet
 facet normal -0 0.9874504 0.1579297
  outer loop
   vertex -116 -27.003 83.7
   vertex -112.002 -27.003 83.7
   vertex -112.002 -26.904 83.081
  endloop
 endfacet
 facet normal 0 0.9874504 0.1579297
  outer loop
   vertex -116 -27.003 83.7
   vertex -112.002 -26.904 83.081
   vertex -116 -26.904 83.081
  endloop
 endfacet
 facet normal -1 -0 0
  outer loop
   vertex 112.003 24.381 85.604
   vertex 112.003 23.823 85.32
   vertex 112.003 22.999 87.202
  endloop
 endfacet
 facet normal 0 0.8912111 0.4535888
  outer loop
   vertex -112.002 -26.62 82.523
   vertex -116 -26.62 82.523
   vertex -112.002 -26.904 83.081
  endloop
 endfacet
 facet normal -0 0.8912111 0.4535888
  outer loop
   vertex -116 -26.904 83.081
   vertex -112.002 -26.904 83.081
   vertex -116 -26.62 82.523
  endloop
 endfacet
 facet normal 0 -0.1579284 -0.9874506
  outer loop
   vertex 112.003 25 85.703
   vertex 112.003 25.619 85.604
   vertex 116 25.619 85.604
  endloop
 endfacet
 facet normal 0 -0.1579284 -0.9874506
  outer loop
   vertex 112.003 25 85.703
   vertex 116 25.619 85.604
   vertex 116 25 85.703
  endloop
 endfacet
 facet normal 1 0 0
  outer loop
   vertex -112.002 -27.003 83.7
   vertex -112.002 -29.002 83.7
   vertex -112.002 -26.904 83.081
  endloop
 endfacet
 facet normal 0 -0.4535903 -0.8912103
  outer loop
   vertex 112.003 25.619 85.604
   vertex 112.003 26.177 85.32
   vertex 116 26.177 85.32
  endloop
 endfacet
 facet normal 0 -0.4535903 -0.8912103
  outer loop
   vertex 112.003 25.619 85.604
   vertex 116 26.177 85.32
   vertex 116 25.619 85.604
  endloop
 endfacet
 facet normal 1 0 -0
  outer loop
   vertex -112.002 -26.177 85.32
   vertex -112.002 -25.619 85.604
   vertex -112.002 -27.001 87.202
  endloop
 endfacet
 facet normal 1 0 0
  outer loop
   vertex -112.002 -29.002 83.7
   vertex -112.002 -26.62 84.877
   vertex -112.002 -27.001 87.202
  endloop
 endfacet
 facet normal 1 0 -0
  outer loop
   vertex -112.002 -25.619 85.604
   vertex -112.002 -25 85.703
   vertex -112.002 -27.001 87.202
  endloop
 endfacet
 facet normal 1 0 0
  outer loop
   vertex -112.002 -22.999 87.202
   vertex -112.002 -27.001 87.202
   vertex -112.002 -25 85.703
  endloop
 endfacet
 facet normal 1 -0 0
  outer loop
   vertex -112.002 -25 85.703
   vertex -112.002 -24.381 85.604
   vertex -112.002 -22.999 87.202
  endloop
 endfacet
 facet normal 0 0.8682582 -0.4961125
  outer loop
   vertex -108 -29.002 83.7
   vertex -112.002 -29.002 83.7
   vertex -112.002 -27.001 87.202
  endloop
 endfacet
 facet normal -0 -0.707106 -0.7071075
  outer loop
   vertex 116 26.177 85.32
   vertex 112.003 26.177 85.32
   vertex 112.003 26.62 84.877
  endloop
 endfacet
 facet normal 0 -0.707106 -0.7071075
  outer loop
   vertex 116 26.177 85.32
   vertex 112.003 26.62 84.877
   vertex 116 26.62 84.877
  endloop
 endfacet
 facet normal -1 0 0
  outer loop
   vertex 112.003 25.619 85.604
   vertex 112.003 27.001 87.202
   vertex 112.003 26.177 85.32
  endloop
 endfacet
 facet normal -0 -0.8912111 -0.4535888
  outer loop
   vertex 116 26.62 84.877
   vertex 112.003 26.62 84.877
   vertex 112.003 26.904 84.319
  endloop
 endfacet
 facet normal 0 -0.8912111 -0.4535888
  outer loop
   vertex 116 26.62 84.877
   vertex 112.003 26.904 84.319
   vertex 116 26.904 84.319
  endloop
 endfacet
 facet normal 1 0 0
  outer loop
   vertex -112.002 -20.998 83.7
   vertex -112.002 -22.999 87.202
   vertex -112.002 -23.38 84.877
  endloop
 endfacet
 facet normal 1 0 0
  outer loop
   vertex -112.002 -20.998 83.7
   vertex -112.002 -23.38 84.877
   vertex -112.002 -23.096 84.319
  endloop
 endfacet
 facet normal 1 -0 0
  outer loop
   vertex -112.002 -22.998 83.7
   vertex -112.002 -23.096 83.081
   vertex -112.002 -20.998 83.7
  endloop
 endfacet
 facet normal 1 -0 0
  outer loop
   vertex -112.002 -23.096 83.081
   vertex -112.002 -23.38 82.523
   vertex -112.002 -20.998 83.7
  endloop
 endfacet
 facet normal -1 0 -0
  outer loop
   vertex 112.003 27.001 87.202
   vertex 112.003 29.002 83.7
   vertex 112.003 26.62 84.877
  endloop
 endfacet
 facet normal -1 0 0
  outer loop
   vertex 112.003 26.62 84.877
   vertex 112.003 26.177 85.32
   vertex 112.003 27.001 87.202
  endloop
 endfacet
 facet normal 0 -0.8682582 -0.4961125
  outer loop
   vertex -108 -20.998 83.7
   vertex -108 -22.999 87.202
   vertex -112.002 -22.999 87.202
  endloop
 endfacet
 facet normal 0 -0.8682582 -0.4961125
  outer loop
   vertex -112.002 -20.998 83.7
   vertex -108 -20.998 83.7
   vertex -112.002 -22.999 87.202
  endloop
 endfacet
 facet normal -3.220831e-08 -0.8682583 0.4961125
  outer loop
   vertex -112.002 -22.999 80.198
   vertex -108 -22.14078 81.7
   vertex -112.002 -20.998 83.7
  endloop
 endfacet
 facet normal -0 -0.9876978 -0.1563746
  outer loop
   vertex 116 26.904 84.319
   vertex 112.003 26.904 84.319
   vertex 112.003 27.002 83.7
  endloop
 endfacet
 facet normal 0 -0.9876978 -0.1563746
  outer loop
   vertex 116 26.904 84.319
   vertex 112.003 27.002 83.7
   vertex 116 27.002 83.7
  endloop
 endfacet
 facet normal 1 0 0
  outer loop
   vertex -112.003 -1.904 83.081
   vertex -112.003 -4.002 83.7
   vertex -112.003 -1.62 82.523
  endloop
 endfacet
 facet normal 1 0 -0
  outer loop
   vertex -112.003 -2.001 80.198
   vertex -112.003 -1.62 82.523
   vertex -112.003 -4.002 83.7
  endloop
 endfacet
 facet normal 1 0 -0
  outer loop
   vertex -112.003 -2.003 83.7
   vertex -112.003 -1.904 84.319
   vertex -112.003 -4.002 83.7
  endloop
 endfacet
 facet normal 1 0 -0
  outer loop
   vertex -112.003 -1.904 84.319
   vertex -112.003 -1.62 84.877
   vertex -112.003 -4.002 83.7
  endloop
 endfacet
 facet normal 0 -0.9876978 0.1563746
  outer loop
   vertex 116 27.002 83.7
   vertex 112.003 27.002 83.7
   vertex 112.003 26.904 83.081
  endloop
 endfacet
 facet normal 0 -0.9876978 0.1563746
  outer loop
   vertex 116 27.002 83.7
   vertex 112.003 26.904 83.081
   vertex 116 26.904 83.081
  endloop
 endfacet
 facet normal 0 0.8682584 0.4961122
  outer loop
   vertex -108 -4.002 83.7
   vertex -108 -2.859225 81.7
   vertex -112.003 -4.002 83.7
  endloop
 endfacet
 facet normal 4.916501e-08 0.8682584 0.4961122
  outer loop
   vertex -112.003 -2.001 80.198
   vertex -112.003 -4.002 83.7
   vertex -108 -2.859225 81.7
  endloop
 endfacet
 facet normal 0 0.8682584 -0.4961122
  outer loop
   vertex -112.003 -2.001 87.202
   vertex -108 -2.001 87.202
   vertex -112.003 -4.002 83.7
  endloop
 endfacet
 facet normal 0 0.8682582 -0.4961125
  outer loop
   vertex -112.002 -27.001 87.202
   vertex -108 -27.001 87.202
   vertex -108 -29.002 83.7
  endloop
 endfacet
 facet normal 0 -0.8912111 0.4535888
  outer loop
   vertex 112.003 26.62 82.523
   vertex 116 26.62 82.523
   vertex 112.003 26.904 83.081
  endloop
 endfacet
 facet normal 0 -0.8912111 0.4535888
  outer loop
   vertex 116 26.904 83.081
   vertex 112.003 26.904 83.081
   vertex 116 26.62 82.523
  endloop
 endfacet
 facet normal 0 0 -1
  outer loop
   vertex -108 -27.001 87.202
   vertex -112.002 -27.001 87.202
   vertex -108 -22.999 87.202
  endloop
 endfacet
 facet normal 0 0 -1
  outer loop
   vertex -112.002 -22.999 87.202
   vertex -108 -22.999 87.202
   vertex -112.002 -27.001 87.202
  endloop
 endfacet
 facet normal -1 0 -0
  outer loop
   vertex 112.003 27.002 83.7
   vertex 112.003 29.002 83.7
   vertex 112.003 26.904 83.081
  endloop
 endfacet
 facet normal 0 0 -1
  outer loop
   vertex -30 -23.061 78.7
   vertex -40 -19.125 78.7
   vertex -30 -15.375 78.7
  endloop
 endfacet
 facet normal 0 0 -1
  outer loop
   vertex -30 -7.686 78.7
   vertex -20 -3.936 78.7
   vertex -20 -11.436 78.7
  endloop
 endfacet
 facet normal -0 0 -1
  outer loop
   vertex -10 -7.686 78.7
   vertex -20 -11.436 78.7
   vertex -20 -3.936 78.7
  endloop
 endfacet
 facet normal -0 0 -1
  outer loop
   vertex 0 -3.75 78.7
   vertex -10 -7.686 78.7
   vertex -10 0 78.7
  endloop
 endfacet
 facet normal 0 0 -1
  outer loop
   vertex -50 7.689 78.7
   vertex -40 3.75 78.7
   vertex -50 0 78.7
  endloop
 endfacet
 facet normal -1 0 0
  outer loop
   vertex 112.003 25.619 85.604
   vertex 112.003 25 85.703
   vertex 112.003 27.001 87.202
  endloop
 endfacet
 facet normal -1 0 0
  outer loop
   vertex 112.003 22.999 87.202
   vertex 112.003 27.001 87.202
   vertex 112.003 25 85.703
  endloop
 endfacet
 facet normal -1 -0 0
  outer loop
   vertex 112.003 25 85.703
   vertex 112.003 24.381 85.604
   vertex 112.003 22.999 87.202
  endloop
 endfacet
 facet normal 0 0 -1
  outer loop
   vertex -50 0 78.7
   vertex -60 3.939 78.7
   vertex -50 7.689 78.7
  endloop
 endfacet
 facet normal 0 0 -1
  outer loop
   vertex -60 3.939 78.7
   vertex -60 11.439 78.7
   vertex -50 7.689 78.7
  endloop
 endfacet
 facet normal 0 0 -1
  outer loop
   vertex -40 19.125 78.7
   vertex -30 15.375 78.7
   vertex -40 11.625 78.7
  endloop
 endfacet
 facet normal 0 0 -1
  outer loop
   vertex -30 7.689 78.7
   vertex -40 11.625 78.7
   vertex -30 15.375 78.7
  endloop
 endfacet
 facet normal 0 0 -1
  outer loop
   vertex 108 22.999 87.202
   vertex 108 27.001 87.202
   vertex 112.003 22.999 87.202
  endloop
 endfacet
 facet normal -0 -0 -1
  outer loop
   vertex 112.003 27.001 87.202
   vertex 112.003 22.999 87.202
   vertex 108 27.001 87.202
  endloop
 endfacet
 facet normal 0 0 -1
  outer loop
   vertex -60 19.314 78.7
   vertex -70 23.064 78.7
   vertex -50 23.064 78.7
  endloop
 endfacet
 facet normal 0 0.8682582 -0.4961125
  outer loop
   vertex 112.003 20.998 83.7
   vertex 108 20.998 83.7
   vertex 112.003 22.999 87.202
  endloop
 endfacet
 facet normal 0 0 -1
  outer loop
   vertex -30 23.064 78.7
   vertex -40 27 78.7
   vertex 0 30 78.7
  endloop
 endfacet
 facet normal 0 0 -1
  outer loop
   vertex -60 19.314 78.7
   vertex -50 23.064 78.7
   vertex -50 15.375 78.7
  endloop
 endfacet
 facet normal -1 0 0
  outer loop
   vertex 112.003 25.619 81.796
   vertex 112.003 26.177 82.08
   vertex 112.003 27.001 80.198
  endloop
 endfacet
 facet normal -1 0 0
  outer loop
   vertex 112.003 29.002 83.7
   vertex 112.003 27.001 80.198
   vertex 112.003 26.62 82.523
  endloop
 endfacet
 facet normal -1 0 0
  outer loop
   vertex 112.003 26.62 82.523
   vertex 112.003 26.904 83.081
   vertex 112.003 29.002 83.7
  endloop
 endfacet
 facet normal -1 0 0
  outer loop
   vertex 112.003 27.002 83.7
   vertex 112.003 26.904 84.319
   vertex 112.003 29.002 83.7
  endloop
 endfacet
 facet normal -1 0 0
  outer loop
   vertex 112.003 26.904 84.319
   vertex 112.003 26.62 84.877
   vertex 112.003 29.002 83.7
  endloop
 endfacet
 facet normal 0 -0.8679701 0.4966164
  outer loop
   vertex 108 29.002 83.7
   vertex 108 29.00093 83.69813
   vertex 112.003 29.002 83.7
  endloop
 endfacet
 facet normal 3.220027e-08 -0.8682583 0.4961125
  outer loop
   vertex 108 27.85922 81.7
   vertex 112.003 27.001 80.198
   vertex 112.003 29.002 83.7
  endloop
 endfacet
 facet normal 0 0 -1
  outer loop
   vertex -50 7.689 78.7
   vertex -50 15.375 78.7
   vertex -40 11.625 78.7
  endloop
 endfacet
 facet normal 0 -0 -1
  outer loop
   vertex -50 15.375 78.7
   vertex -50 7.689 78.7
   vertex -60 11.439 78.7
  endloop
 endfacet
 facet normal 0 -0 -1
  outer loop
   vertex -40 19.125 78.7
   vertex -40 11.625 78.7
   vertex -50 15.375 78.7
  endloop
 endfacet
 facet normal 0 0 -1
  outer loop
   vertex -50 23.064 78.7
   vertex -40 19.125 78.7
   vertex -50 15.375 78.7
  endloop
 endfacet
 facet normal -0 -0.8682582 -0.4961125
  outer loop
   vertex 112.003 27.001 87.202
   vertex 108 27.001 87.202
   vertex 112.003 29.002 83.7
  endloop
 endfacet
 facet normal 0 0 -1
  outer loop
   vertex -50 23.064 78.7
   vertex -70 23.064 78.7
   vertex -40 27 78.7
  endloop
 endfacet
 facet normal 0 0 -1
  outer loop
   vertex -70 23.064 78.7
   vertex -80 27 78.7
   vertex -40 27 78.7
  endloop
 endfacet
 facet normal -1 0 -0
  outer loop
   vertex 112.003 22.999 87.202
   vertex 112.003 23.38 84.877
   vertex 112.003 20.998 83.7
  endloop
 endfacet
 facet normal 0 -0 -1
  outer loop
   vertex -40 3.75 78.7
   vertex -40 -3.75 78.7
   vertex -50 0 78.7
  endloop
 endfacet
 facet normal 0 0 -1
  outer loop
   vertex -50 -7.686 78.7
   vertex -50 0 78.7
   vertex -40 -3.75 78.7
  endloop
 endfacet
 facet normal 0 0 -1
  outer loop
   vertex -60 -3.936 78.7
   vertex -50 0 78.7
   vertex -50 -7.686 78.7
  endloop
 endfacet
 facet normal 0 0 -1
  outer loop
   vertex -50 -15.375 78.7
   vertex -60 -11.436 78.7
   vertex -50 -7.686 78.7
  endloop
 endfacet
 facet normal 0 0 -1
  outer loop
   vertex -60 -3.936 78.7
   vertex -50 -7.686 78.7
   vertex -60 -11.436 78.7
  endloop
 endfacet
 facet normal 0 0 1
  outer loop
   vertex 10 -15.375 81.7
   vertex 10 -23.061 81.7
   vertex 20 -19.311 81.7
  endloop
 endfacet
 facet normal -0 0 1
  outer loop
   vertex 0 -27 81.7
   vertex 0 -28 81.7
   vertex 10 -23.061 81.7
  endloop
 endfacet
 facet normal -0 0 1
  outer loop
   vertex 0 -19.125 81.7
   vertex 10 -23.061 81.7
   vertex 10 -15.375 81.7
  endloop
 endfacet
 facet normal 0 0 1
  outer loop
   vertex 20 -3.936 81.7
   vertex 10 -7.686 81.7
   vertex 20 -11.436 81.7
  endloop
 endfacet
 facet normal 0 0 1
  outer loop
   vertex 10 -15.375 81.7
   vertex 20 -11.436 81.7
   vertex 10 -7.686 81.7
  endloop
 endfacet
 facet normal 0 0 1
  outer loop
   vertex 10 -7.686 81.7
   vertex 0 -11.625 81.7
   vertex 10 -15.375 81.7
  endloop
 endfacet
 facet normal 0 0 1
  outer loop
   vertex 0 -19.125 81.7
   vertex 10 -15.375 81.7
   vertex 0 -11.625 81.7
  endloop
 endfacet
 facet normal 0 -0 -1
  outer loop
   vertex -40 -11.625 78.7
   vertex -40 -19.125 78.7
   vertex -50 -15.375 78.7
  endloop
 endfacet
 facet normal 0 0 -1
  outer loop
   vertex -50 -7.686 78.7
   vertex -40 -11.625 78.7
   vertex -50 -15.375 78.7
  endloop
 endfacet
 facet normal 0 0 -1
  outer loop
   vertex -60 -19.311 78.7
   vertex -50 -15.375 78.7
   vertex -50 -23.061 78.7
  endloop
 endfacet
 facet normal -0 -0 -1
  outer loop
   vertex -50 -23.061 78.7
   vertex -40 -27 78.7
   vertex -70 -23.061 78.7
  endloop
 endfacet
 facet normal 0 0 -1
  outer loop
   vertex -50 -23.061 78.7
   vertex -50 -15.375 78.7
   vertex -40 -19.125 78.7
  endloop
 endfacet
 facet normal 0 0 -1
  outer loop
   vertex -40 -11.625 78.7
   vertex -30 -7.686 78.7
   vertex -30 -15.375 78.7
  endloop
 endfacet
 facet normal -0 0 -1
  outer loop
   vertex -20 -11.436 78.7
   vertex -30 -15.375 78.7
   vertex -30 -7.686 78.7
  endloop
 endfacet
 facet normal 0 0 -1
  outer loop
   vertex -40 -11.625 78.7
   vertex -30 -15.375 78.7
   vertex -40 -19.125 78.7
  endloop
 endfacet
 facet normal 0 -0 -1
  outer loop
   vertex -80 -27 78.7
   vertex -40 -27 78.7
   vertex -116 -30 78.7
  endloop
 endfacet
 facet normal 0 0 -1
  outer loop
   vertex 0 -30 78.7
   vertex -116 -30 78.7
   vertex -40 -27 78.7
  endloop
 endfacet
 facet normal 0 0 -1
  outer loop
   vertex -60 3.939 78.7
   vertex -70 7.689 78.7
   vertex -60 11.439 78.7
  endloop
 endfacet
 facet normal 0 0 1
  outer loop
   vertex 20 -3.936 81.7
   vertex 10 0 81.7
   vertex 10 -7.686 81.7
  endloop
 endfacet
 facet normal -0 0 1
  outer loop
   vertex 0 -3.75 81.7
   vertex 10 -7.686 81.7
   vertex 10 0 81.7
  endloop
 endfacet
 facet normal -0 0 -1
  outer loop
   vertex -60 19.314 78.7
   vertex -70 15.375 78.7
   vertex -70 23.064 78.7
  endloop
 endfacet
 facet normal 0 0 -1
  outer loop
   vertex -70 15.375 78.7
   vertex -80 19.125 78.7
   vertex -70 23.064 78.7
  endloop
 endfacet
 facet normal 0 -0 1
  outer loop
   vertex 30 -15.375 81.7
   vertex 30 -7.686 81.7
   vertex 20 -11.436 81.7
  endloop
 endfacet
 facet normal 0 0 1
  outer loop
   vertex 20 -11.436 81.7
   vertex 30 -7.686 81.7
   vertex 20 -3.936 81.7
  endloop
 endfacet
 facet normal 0 0 1
  outer loop
   vertex 30 0 81.7
   vertex 20 -3.936 81.7
   vertex 30 -7.686 81.7
  endloop
 endfacet
 facet normal 0 0 1
  outer loop
   vertex 30 -7.686 81.7
   vertex 40 -3.75 81.7
   vertex 30 0 81.7
  endloop
 endfacet
 facet normal -0 0 -1
  outer loop
   vertex -80 27 78.7
   vertex -90 23.064 78.7
   vertex -116 30 78.7
  endloop
 endfacet
 facet normal 0 0 -1
  outer loop
   vertex -116 -2.003 78.7
   vertex -116 22.998 78.7
   vertex -90 7.689 78.7
  endloop
 endfacet
 facet normal 0 0 -1
  outer loop
   vertex -80 27 78.7
   vertex -116 30 78.7
   vertex -40 27 78.7
  endloop
 endfacet
 facet normal -0 0 -1
  outer loop
   vertex 0 30 78.7
   vertex -40 27 78.7
   vertex -116 30 78.7
  endloop
 endfacet
 facet normal 0 -0 1
  outer loop
   vertex 0 27 81.7
   vertex 0 28 81.7
   vertex -10 23.064 81.7
  endloop
 endfacet
 facet normal -0 0 -1
  outer loop
   vertex -80 -3.75 78.7
   vertex -90 -7.686 78.7
   vertex -80 3.75 78.7
  endloop
 endfacet
 facet normal -0 0 1
  outer loop
   vertex -20 19.314 81.7
   vertex -10 15.375 81.7
   vertex -10 23.064 81.7
  endloop
 endfacet
 facet normal 0 0 -1
  outer loop
   vertex -70 7.689 78.7
   vertex -60 3.939 78.7
   vertex -70 0 78.7
  endloop
 endfacet
 facet normal 0 0 -1
  outer loop
   vertex -70 0 78.7
   vertex -80 3.75 78.7
   vertex -70 7.689 78.7
  endloop
 endfacet
 facet normal 0 0 1
  outer loop
   vertex -20 11.439 81.7
   vertex -30 15.375 81.7
   vertex -30 7.689 81.7
  endloop
 endfacet
 facet normal 0 -0 -1
  outer loop
   vertex -90 7.689 78.7
   vertex -90 -7.686 78.7
   vertex -116 -2.003 78.7
  endloop
 endfacet
 facet normal 0 0 -1
  outer loop
   vertex -70 7.689 78.7
   vertex -80 11.625 78.7
   vertex -70 15.375 78.7
  endloop
 endfacet
 facet normal 0 0 -1
  outer loop
   vertex -70 15.375 78.7
   vertex -60 11.439 78.7
   vertex -70 7.689 78.7
  endloop
 endfacet
 facet normal -0 0 -1
  outer loop
   vertex -80 11.625 78.7
   vertex -90 7.689 78.7
   vertex -80 19.125 78.7
  endloop
 endfacet
 facet normal 0 0 -1
  outer loop
   vertex -80 19.125 78.7
   vertex -70 15.375 78.7
   vertex -80 11.625 78.7
  endloop
 endfacet
 facet normal 0 0 -1
  outer loop
   vertex -90 23.064 78.7
   vertex -80 19.125 78.7
   vertex -90 7.689 78.7
  endloop
 endfacet
 facet normal 0 0 1
  outer loop
   vertex -20 19.314 81.7
   vertex -30 23.064 81.7
   vertex -30 15.375 81.7
  endloop
 endfacet
 facet normal 0 -0 1
  outer loop
   vertex -20 19.314 81.7
   vertex -10 23.064 81.7
   vertex -30 23.064 81.7
  endloop
 endfacet
 facet normal 0 0 1
  outer loop
   vertex -30 23.064 81.7
   vertex -40 19.125 81.7
   vertex -30 15.375 81.7
  endloop
 endfacet
 facet normal 0 0 -1
  outer loop
   vertex -70 -7.686 78.7
   vertex -60 -11.436 78.7
   vertex -70 -15.375 78.7
  endloop
 endfacet
 facet normal 0 0 -1
  outer loop
   vertex -80 -11.625 78.7
   vertex -70 -7.686 78.7
   vertex -70 -15.375 78.7
  endloop
 endfacet
 facet normal 0 0 1
  outer loop
   vertex 0 3.75 81.7
   vertex -10 7.689 81.7
   vertex -10 0 81.7
  endloop
 endfacet
 facet normal 0 0 1
  outer loop
   vertex 0 3.75 81.7
   vertex -10 0 81.7
   vertex 0 -3.75 81.7
  endloop
 endfacet
 facet normal 0 -0 1
  outer loop
   vertex -10 0 81.7
   vertex -10 7.689 81.7
   vertex -20 3.939 81.7
  endloop
 endfacet
 facet normal 0 0 1
  outer loop
   vertex -10 7.689 81.7
   vertex 0 11.625 81.7
   vertex -10 15.375 81.7
  endloop
 endfacet
 facet normal 0 0 1
  outer loop
   vertex 0 19.125 81.7
   vertex -10 15.375 81.7
   vertex 0 11.625 81.7
  endloop
 endfacet
 facet normal 0 0 -1
  outer loop
   vertex 90 -23.061 78.7
   vertex 90 -7.686 78.7
   vertex 116 -30 78.7
  endloop
 endfacet
 facet normal 0 0 -1
  outer loop
   vertex 116 -30 78.7
   vertex 90 -7.686 78.7
   vertex 116 30 78.7
  endloop
 endfacet
 facet normal 0 -0 1
  outer loop
   vertex -30 0 81.7
   vertex -30 7.689 81.7
   vertex -40 3.75 81.7
  endloop
 endfacet
 facet normal 0 0 -1
  outer loop
   vertex 70 23.064 78.7
   vertex 40 27 78.7
   vertex 80 27 78.7
  endloop
 endfacet
 facet normal 0 0 -1
  outer loop
   vertex 80 27 78.7
   vertex 40 27 78.7
   vertex 116 30 78.7
  endloop
 endfacet
 facet normal 0 0 1
  outer loop
   vertex -20 3.939 81.7
   vertex -10 7.689 81.7
   vertex -20 11.439 81.7
  endloop
 endfacet
 facet normal 0 0 1
  outer loop
   vertex -10 15.375 81.7
   vertex -20 11.439 81.7
   vertex -10 7.689 81.7
  endloop
 endfacet
 facet normal 0 0 1
  outer loop
   vertex -10 23.064 81.7
   vertex -10 15.375 81.7
   vertex 0 19.125 81.7
  endloop
 endfacet
 facet normal 0 0 1
  outer loop
   vertex -20 11.439 81.7
   vertex -30 7.689 81.7
   vertex -20 3.939 81.7
  endloop
 endfacet
 facet normal 0 0 1
  outer loop
   vertex -30 0 81.7
   vertex -20 3.939 81.7
   vertex -30 7.689 81.7
  endloop
 endfacet
 facet normal -0 0 -1
  outer loop
   vertex 80 19.125 78.7
   vertex 70 15.375 78.7
   vertex 70 23.064 78.7
  endloop
 endfacet
 facet normal 0 0 1
  outer loop
   vertex -20 -3.936 81.7
   vertex -30 0 81.7
   vertex -30 -7.686 81.7
  endloop
 endfacet
 facet normal 0 0 -1
  outer loop
   vertex 80 27 78.7
   vertex 116 30 78.7
   vertex 90 23.064 78.7
  endloop
 endfacet
 facet normal -0 0 -1
  outer loop
   vertex 80 11.625 78.7
   vertex 70 7.689 78.7
   vertex 70 15.375 78.7
  endloop
 endfacet
 facet normal 0 0 1
  outer loop
   vertex -30 -15.375 81.7
   vertex -30 -23.061 81.7
   vertex -20 -19.311 81.7
  endloop
 endfacet
 facet normal 0 0 1
  outer loop
   vertex -65.536 -28 81.7
   vertex 0 -28 81.7
   vertex -40 -27 81.7
  endloop
 endfacet
 facet normal 0 0 -1
  outer loop
   vertex 80 11.625 78.7
   vertex 80 19.125 78.7
   vertex 90 7.689 78.7
  endloop
 endfacet
 facet normal 0 0 -1
  outer loop
   vertex 70 15.375 78.7
   vertex 80 19.125 78.7
   vertex 80 11.625 78.7
  endloop
 endfacet
 facet normal 0 0 -1
  outer loop
   vertex 80 19.125 78.7
   vertex 90 23.064 78.7
   vertex 90 7.689 78.7
  endloop
 endfacet
 facet normal 0 0 -1
  outer loop
   vertex 90 23.064 78.7
   vertex 116 30 78.7
   vertex 90 7.689 78.7
  endloop
 endfacet
 facet normal 0 -0 1
  outer loop
   vertex 0 -28 81.7
   vertex 0 -27 81.7
   vertex -10 -23.061 81.7
  endloop
 endfacet
 facet normal 0 0 1
  outer loop
   vertex -10 -15.375 81.7
   vertex -20 -19.311 81.7
   vertex -10 -23.061 81.7
  endloop
 endfacet
 facet normal 0 0 1
  outer loop
   vertex -20 -19.311 81.7
   vertex -30 -23.061 81.7
   vertex -10 -23.061 81.7
  endloop
 endfacet
 facet normal -0 0 1
  outer loop
   vertex -40 -27 81.7
   vertex 0 -28 81.7
   vertex -30 -23.061 81.7
  endloop
 endfacet
 facet normal 0 0 1
  outer loop
   vertex -10 -23.061 81.7
   vertex -30 -23.061 81.7
   vertex 0 -28 81.7
  endloop
 endfacet
 facet normal 0 0 -1
  outer loop
   vertex 70 7.689 78.7
   vertex 80 3.75 78.7
   vertex 70 0 78.7
  endloop
 endfacet
 facet normal 0 -0 -1
  outer loop
   vertex 70 7.689 78.7
   vertex 70 0 78.7
   vertex 60 3.939 78.7
  endloop
 endfacet
 facet normal 0 0 -1
  outer loop
   vertex 65.536 -30 78.7
   vertex 70 -23.061 78.7
   vertex 80 -27 78.7
  endloop
 endfacet
 facet normal 0 -0 -1
  outer loop
   vertex 90 -23.061 78.7
   vertex 116 -30 78.7
   vertex 80 -27 78.7
  endloop
 endfacet
 facet normal 0 0 -1
  outer loop
   vertex 65.536 -30 78.7
   vertex 80 -27 78.7
   vertex 116 -30 78.7
  endloop
 endfacet
 facet normal -0 0 -1
  outer loop
   vertex 80 -19.125 78.7
   vertex 70 -23.061 78.7
   vertex 70 -15.375 78.7
  endloop
 endfacet
 facet normal 0 0 -1
  outer loop
   vertex 80 -3.75 78.7
   vertex 80 3.75 78.7
   vertex 90 -7.686 78.7
  endloop
 endfacet
 facet normal 0 0 -1
  outer loop
   vertex 90 7.689 78.7
   vertex 116 30 78.7
   vertex 90 -7.686 78.7
  endloop
 endfacet
 facet normal 0 0 -1
  outer loop
   vertex 70 -7.686 78.7
   vertex 80 -11.625 78.7
   vertex 70 -15.375 78.7
  endloop
 endfacet
 facet normal -1 0 0
  outer loop
   vertex 112.003 0.619 81.796
   vertex 112.003 1.177 82.08
   vertex 112.003 2.001 80.198
  endloop
 endfacet
 facet normal -1 0 0
  outer loop
   vertex 112.003 4.002 83.7
   vertex 112.003 2.001 80.198
   vertex 112.003 1.62 82.523
  endloop
 endfacet
 facet normal -1 0 0
  outer loop
   vertex 112.003 1.62 82.523
   vertex 112.003 1.904 83.081
   vertex 112.003 4.002 83.7
  endloop
 endfacet
 facet normal -1 0 0
  outer loop
   vertex 112.003 2.002 83.7
   vertex 112.003 1.904 84.319
   vertex 112.003 4.002 83.7
  endloop
 endfacet
 facet normal -1 0 0
  outer loop
   vertex 112.003 1.904 84.319
   vertex 112.003 1.62 84.877
   vertex 112.003 4.002 83.7
  endloop
 endfacet
 facet normal 0 -0.8682584 0.4961122
  outer loop
   vertex 108 4.002 83.7
   vertex 108 2.859225 81.7
   vertex 112.003 4.002 83.7
  endloop
 endfacet
 facet normal -4.916501e-08 -0.8682584 0.4961122
  outer loop
   vertex 108 2.859225 81.7
   vertex 112.003 2.001 80.198
   vertex 112.003 4.002 83.7
  endloop
 endfacet
 facet normal 0 0 -1
  outer loop
   vertex 70 -15.375 78.7
   vertex 80 -11.625 78.7
   vertex 80 -19.125 78.7
  endloop
 endfacet
 facet normal 0 -0.8682584 -0.4961122
  outer loop
   vertex 108 4.002 83.7
   vertex 112.003 4.002 83.7
   vertex 112.003 2.001 87.202
  endloop
 endfacet
 facet normal 0 0 -1
  outer loop
   vertex 80 -19.125 78.7
   vertex 80 -11.625 78.7
   vertex 90 -23.061 78.7
  endloop
 endfacet
 facet normal 0 0 -1
  outer loop
   vertex 80 -11.625 78.7
   vertex 90 -7.686 78.7
   vertex 90 -23.061 78.7
  endloop
 endfacet
 facet normal 0 -0 -1
  outer loop
   vertex 80 3.75 78.7
   vertex 80 -3.75 78.7
   vertex 70 0 78.7
  endloop
 endfacet
 facet normal 0 0 -1
  outer loop
   vertex 70 -15.375 78.7
   vertex 60 -11.436 78.7
   vertex 70 -7.686 78.7
  endloop
 endfacet
 facet normal 0 0 -1
  outer loop
   vertex 70 -7.686 78.7
   vertex 70 0 78.7
   vertex 80 -3.75 78.7
  endloop
 endfacet
 facet normal 0 -0 -1
  outer loop
   vertex 90 7.689 78.7
   vertex 90 -7.686 78.7
   vertex 80 3.75 78.7
  endloop
 endfacet
 facet normal -1 0 -0
  outer loop
   vertex 112.003 -2.001 87.202
   vertex 112.003 -1.62 84.877
   vertex 112.003 -4.002 83.7
  endloop
 endfacet
 facet normal -1 0 0
  outer loop
   vertex 112.003 -4.002 83.7
   vertex 112.003 -2.003 83.7
   vertex 112.003 -1.904 83.081
  endloop
 endfacet
 facet normal 0 0 -1
  outer loop
   vertex 70 15.375 78.7
   vertex 60 19.314 78.7
   vertex 70 23.064 78.7
  endloop
 endfacet
 facet normal 0 0.8682584 -0.4961122
  outer loop
   vertex 112.003 -2.001 87.202
   vertex 112.003 -4.002 83.7
   vertex 108 -4.002 83.7
  endloop
 endfacet
 facet normal 0 0 -1
  outer loop
   vertex 50 15.375 78.7
   vertex 60 11.439 78.7
   vertex 50 7.689 78.7
  endloop
 endfacet
 facet normal 0 0 -1
  outer loop
   vertex 0 30 78.7
   vertex 116 30 78.7
   vertex 40 27 78.7
  endloop
 endfacet
 facet normal -1 0 0
  outer loop
   vertex 112.003 -22.999 80.198
   vertex 112.003 -23.38 82.523
   vertex 112.003 -20.998 83.7
  endloop
 endfacet
 facet normal -1 0 0
  outer loop
   vertex 112.003 -23.38 82.523
   vertex 112.003 -23.096 83.081
   vertex 112.003 -20.998 83.7
  endloop
 endfacet
 facet normal -1 0 0
  outer loop
   vertex 112.003 -22.998 83.7
   vertex 112.003 -23.096 84.319
   vertex 112.003 -20.998 83.7
  endloop
 endfacet
 facet normal -1 0 0
  outer loop
   vertex 112.003 -23.096 84.319
   vertex 112.003 -23.38 84.877
   vertex 112.003 -20.998 83.7
  endloop
 endfacet
 facet normal 0 0 -1
  outer loop
   vertex 30 23.064 78.7
   vertex 40 19.125 78.7
   vertex 30 15.375 78.7
  endloop
 endfacet
 facet normal 0 -0.8682582 0.4961125
  outer loop
   vertex 108 -20.998 83.7
   vertex 108 -22.14078 81.7
   vertex 112.003 -20.998 83.7
  endloop
 endfacet
 facet normal 3.220027e-08 -0.8682583 0.4961125
  outer loop
   vertex 112.003 -22.999 80.198
   vertex 112.003 -20.998 83.7
   vertex 108 -22.14078 81.7
  endloop
 endfacet
 facet normal 0 0 -1
  outer loop
   vertex 40 11.625 78.7
   vertex 40 19.125 78.7
   vertex 50 15.375 78.7
  endloop
 endfacet
 facet normal 0 0 -1
  outer loop
   vertex 50 7.689 78.7
   vertex 40 11.625 78.7
   vertex 50 15.375 78.7
  endloop
 endfacet
 facet normal 0 0 -1
  outer loop
   vertex 40 19.125 78.7
   vertex 50 23.064 78.7
   vertex 50 15.375 78.7
  endloop
 endfacet
 facet normal -0 0 -1
  outer loop
   vertex 60 19.314 78.7
   vertex 50 15.375 78.7
   vertex 50 23.064 78.7
  endloop
 endfacet
 facet normal 0 0 -1
  outer loop
   vertex 50 23.064 78.7
   vertex 40 27 78.7
   vertex 70 23.064 78.7
  endloop
 endfacet
 facet normal 0 0 -1
  outer loop
   vertex 60 19.314 78.7
   vertex 50 23.064 78.7
   vertex 70 23.064 78.7
  endloop
 endfacet
 facet normal 0 -0.8682582 -0.4961125
  outer loop
   vertex 108 -20.998 83.7
   vertex 112.003 -20.998 83.7
   vertex 112.003 -22.999 87.202
  endloop
 endfacet
 facet normal -0 0 -1
  outer loop
   vertex 60 3.939 78.7
   vertex 50 0 78.7
   vertex 50 7.689 78.7
  endloop
 endfacet
 facet normal 0 -0 -1
  outer loop
   vertex 60 11.439 78.7
   vertex 60 3.939 78.7
   vertex 50 7.689 78.7
  endloop
 endfacet
 facet normal -1 0 0
  outer loop
   vertex 112.003 20.998 83.7
   vertex 112.003 23.38 82.523
   vertex 112.003 22.999 80.198
  endloop
 endfacet
 facet normal -1 0 -0
  outer loop
   vertex 112.003 24.381 81.796
   vertex 112.003 25 81.698
   vertex 112.003 22.999 80.198
  endloop
 endfacet
 facet normal -1 0 0
  outer loop
   vertex 112.003 27.001 80.198
   vertex 112.003 25 81.698
   vertex 112.003 25.619 81.796
  endloop
 endfacet
 facet normal 0 0 -1
  outer loop
   vertex 40 3.75 78.7
   vertex 50 7.689 78.7
   vertex 50 0 78.7
  endloop
 endfacet
 facet normal 0 0 -1
  outer loop
   vertex 60 3.939 78.7
   vertex 60 11.439 78.7
   vertex 70 7.689 78.7
  endloop
 endfacet
 facet normal 0 -0 -1
  outer loop
   vertex 70 15.375 78.7
   vertex 70 7.689 78.7
   vertex 60 11.439 78.7
  endloop
 endfacet
 facet normal -0 0.8682583 0.4961124
  outer loop
   vertex 99.998 22.999 80.198
   vertex 108 22.14078 81.7
   vertex 112.003 22.999 80.198
  endloop
 endfacet
 facet normal 0 0 -1
  outer loop
   vertex 70 -23.061 78.7
   vertex 60 -19.311 78.7
   vertex 70 -15.375 78.7
  endloop
 endfacet
 facet normal -1 0 0
  outer loop
   vertex 112.003 -4.002 83.7
   vertex 112.003 -1.62 82.523
   vertex 112.003 -2.001 80.198
  endloop
 endfacet
 facet normal -1 0 -0
  outer loop
   vertex 112.003 -0.619 81.796
   vertex 112.003 0 81.698
   vertex 112.003 -2.001 80.198
  endloop
 endfacet
 facet normal -1 0 0
  outer loop
   vertex 112.003 2.001 80.198
   vertex 112.003 0 81.698
   vertex 112.003 0.619 81.796
  endloop
 endfacet
 facet normal 0 0 -1
  outer loop
   vertex 50 -23.061 78.7
   vertex 60 -19.311 78.7
   vertex 65.536 -30 78.7
  endloop
 endfacet
 facet normal 0 0 -1
  outer loop
   vertex 40 -27 78.7
   vertex 50 -23.061 78.7
   vertex 65.536 -30 78.7
  endloop
 endfacet
 facet normal 0 0 -1
  outer loop
   vertex 50 -15.375 78.7
   vertex 60 -19.311 78.7
   vertex 50 -23.061 78.7
  endloop
 endfacet
 facet normal -0 0 -1
  outer loop
   vertex 70 -23.061 78.7
   vertex 65.536 -30 78.7
   vertex 60 -19.311 78.7
  endloop
 endfacet
 facet normal 0 0 -1
  outer loop
   vertex 50 -23.061 78.7
   vertex 40 -19.125 78.7
   vertex 50 -15.375 78.7
  endloop
 endfacet
 facet normal -0 0 -1
  outer loop
   vertex 50 -15.375 78.7
   vertex 40 -19.125 78.7
   vertex 40 -11.625 78.7
  endloop
 endfacet
 facet normal 0 0 -1
  outer loop
   vertex 40 -11.625 78.7
   vertex 50 -7.686 78.7
   vertex 50 -15.375 78.7
  endloop
 endfacet
 facet normal -0 0 -1
  outer loop
   vertex 60 -11.436 78.7
   vertex 50 -15.375 78.7
   vertex 50 -7.686 78.7
  endloop
 endfacet
 facet normal -1 0 -0
  outer loop
   vertex 112.003 -26.177 82.08
   vertex 112.003 -25.619 81.796
   vertex 112.003 -27.001 80.198
  endloop
 endfacet
 facet normal -1 0 -0
  outer loop
   vertex 112.003 -25.619 81.796
   vertex 112.003 -25 81.698
   vertex 112.003 -27.001 80.198
  endloop
 endfacet
 facet normal 0 0 -1
  outer loop
   vertex 50 -7.686 78.7
   vertex 40 -3.75 78.7
   vertex 50 0 78.7
  endloop
 endfacet
 facet normal 0 0 -1
  outer loop
   vertex 50 0 78.7
   vertex 60 -3.936 78.7
   vertex 50 -7.686 78.7
  endloop
 endfacet
 facet normal 0 0 -1
  outer loop
   vertex 60 -11.436 78.7
   vertex 50 -7.686 78.7
   vertex 60 -3.936 78.7
  endloop
 endfacet
 facet normal 0 -0 -1
  outer loop
   vertex 70 0 78.7
   vertex 70 -7.686 78.7
   vertex 60 -3.936 78.7
  endloop
 endfacet
 facet normal 0 0 -1
  outer loop
   vertex 60 -11.436 78.7
   vertex 60 -3.936 78.7
   vertex 70 -7.686 78.7
  endloop
 endfacet
 facet normal 0 -0 1
  outer loop
   vertex 112.003 22.999 80.198
   vertex 112.003 27.001 80.198
   vertex 99.998 22.999 80.198
  endloop
 endfacet
 facet normal 0 0 -1
  outer loop
   vertex 30 23.064 78.7
   vertex 0 30 78.7
   vertex 40 27 78.7
  endloop
 endfacet
 facet normal 0 0 -1
  outer loop
   vertex 10 7.689 78.7
   vertex 10 15.375 78.7
   vertex 20 11.439 78.7
  endloop
 endfacet
 facet normal -0 0 -1
  outer loop
   vertex 20 19.314 78.7
   vertex 10 15.375 78.7
   vertex 10 23.064 78.7
  endloop
 endfacet
 facet normal 0 0 -1
  outer loop
   vertex 0 19.125 78.7
   vertex 10 23.064 78.7
   vertex 10 15.375 78.7
  endloop
 endfacet
 facet normal 0 0 -1
  outer loop
   vertex 10 7.689 78.7
   vertex 0 11.625 78.7
   vertex 10 15.375 78.7
  endloop
 endfacet
 facet normal 0 0 -1
  outer loop
   vertex 0 19.125 78.7
   vertex 10 15.375 78.7
   vertex 0 11.625 78.7
  endloop
 endfacet
 facet normal -1 0 -0
  outer loop
   vertex 112.003 -27.001 87.202
   vertex 112.003 -26.62 84.877
   vertex 112.003 -29.002 83.7
  endloop
 endfacet
 facet normal -1 -0 -0
  outer loop
   vertex 112.003 -27.003 83.7
   vertex 112.003 -26.905 83.081
   vertex 112.003 -29.002 83.7
  endloop
 endfacet
 facet normal -1 -0 -0
  outer loop
   vertex 112.003 -26.905 83.081
   vertex 112.003 -26.62 82.523
   vertex 112.003 -29.002 83.7
  endloop
 endfacet
 facet normal -1 0 0
  outer loop
   vertex 112.003 -27.001 80.198
   vertex 112.003 -29.002 83.7
   vertex 112.003 -26.62 82.523
  endloop
 endfacet
 facet normal 0 0 -1
  outer loop
   vertex 0 30 78.7
   vertex 30 23.064 78.7
   vertex 10 23.064 78.7
  endloop
 endfacet
 facet normal 0 0 -1
  outer loop
   vertex 0 27 78.7
   vertex 0 30 78.7
   vertex 10 23.064 78.7
  endloop
 endfacet
 facet normal 0 0 -1
  outer loop
   vertex 20 19.314 78.7
   vertex 10 23.064 78.7
   vertex 30 23.064 78.7
  endloop
 endfacet
 facet normal 0 0 -1
  outer loop
   vertex 40 11.625 78.7
   vertex 30 15.375 78.7
   vertex 40 19.125 78.7
  endloop
 endfacet
 facet normal 3.220027e-08 0.8682583 0.4961125
  outer loop
   vertex 112.003 -27.001 80.198
   vertex 108 -27.85922 81.7
   vertex 112.003 -29.002 83.7
  endloop
 endfacet
 facet normal 0 0 -1
  outer loop
   vertex 30 -7.686 78.7
   vertex 30 0 78.7
   vertex 40 -3.75 78.7
  endloop
 endfacet
 facet normal -0 0 -1
  outer loop
   vertex 50 0 78.7
   vertex 40 -3.75 78.7
   vertex 40 3.75 78.7
  endloop
 endfacet
 facet normal 0 0 -1
  outer loop
   vertex 30 0 78.7
   vertex 20 3.939 78.7
   vertex 30 7.689 78.7
  endloop
 endfacet
 facet normal 0 0 -1
  outer loop
   vertex 20 3.939 78.7
   vertex 20 11.439 78.7
   vertex 30 7.689 78.7
  endloop
 endfacet
 facet normal 3.292658e-07 -0.8682743 0.4960844
  outer loop
   vertex 108 28.98599 83.67198
   vertex 112.003 29.002 83.7
   vertex 108 29.00093 83.69813
  endloop
 endfacet
 facet normal 6.871496e-08 -0.8682583 0.4961124
  outer loop
   vertex 108 27.85922 81.7
   vertex 112.003 29.002 83.7
   vertex 108 28.98599 83.67198
  endloop
 endfacet
 facet normal 0 -0 -1
  outer loop
   vertex 20 11.439 78.7
   vertex 20 3.939 78.7
   vertex 10 7.689 78.7
  endloop
 endfacet
 facet normal 0 -0.8682582 -0.4961125
  outer loop
   vertex 108 29.002 83.7
   vertex 112.003 29.002 83.7
   vertex 108 27.001 87.202
  endloop
 endfacet
 facet normal 0 0 -1
  outer loop
   vertex 20 19.314 78.7
   vertex 30 23.064 78.7
   vertex 30 15.375 78.7
  endloop
 endfacet
 facet normal 0 0 -1
  outer loop
   vertex 0 -3.75 78.7
   vertex 0 3.75 78.7
   vertex 10 0 78.7
  endloop
 endfacet
 facet normal -0 0 -1
  outer loop
   vertex 20 3.939 78.7
   vertex 10 0 78.7
   vertex 10 7.689 78.7
  endloop
 endfacet
 facet normal 0 -0 -1
  outer loop
   vertex 10 7.689 78.7
   vertex 10 0 78.7
   vertex 0 3.75 78.7
  endloop
 endfacet
 facet normal 0 0 -1
  outer loop
   vertex 20 11.439 78.7
   vertex 30 15.375 78.7
   vertex 30 7.689 78.7
  endloop
 endfacet
 facet normal 0 0 -1
  outer loop
   vertex 30 7.689 78.7
   vertex 30 15.375 78.7
   vertex 40 11.625 78.7
  endloop
 endfacet
 facet normal 0 0.8682582 -0.4961125
  outer loop
   vertex 108 22.999 87.202
   vertex 112.003 22.999 87.202
   vertex 108 20.998 83.7
  endloop
 endfacet
 facet normal -0 0.8682582 0.4961125
  outer loop
   vertex 108 20.998 83.7
   vertex 112.003 20.998 83.7
   vertex 108 22.14078 81.7
  endloop
 endfacet
 facet normal 3.220027e-08 0.8682583 0.4961125
  outer loop
   vertex 112.003 20.998 83.7
   vertex 112.003 22.999 80.198
   vertex 108 22.14078 81.7
  endloop
 endfacet
 facet normal 0 0 -1
  outer loop
   vertex 30 -23.061 78.7
   vertex 20 -19.311 78.7
   vertex 30 -15.375 78.7
  endloop
 endfacet
 facet normal 0 0 -1
  outer loop
   vertex 30 -15.375 78.7
   vertex 40 -19.125 78.7
   vertex 30 -23.061 78.7
  endloop
 endfacet
 facet normal 0 0 -1
  outer loop
   vertex 0 -30 78.7
   vertex 0 -27 78.7
   vertex 10 -23.061 78.7
  endloop
 endfacet
 facet normal 0 0 -1
  outer loop
   vertex 10 -15.375 78.7
   vertex 20 -19.311 78.7
   vertex 10 -23.061 78.7
  endloop
 endfacet
 facet normal 0 -0 -1
  outer loop
   vertex 20 -19.311 78.7
   vertex 30 -23.061 78.7
   vertex 10 -23.061 78.7
  endloop
 endfacet
 facet normal -0 0 -1
  outer loop
   vertex 40 -27 78.7
   vertex 0 -30 78.7
   vertex 30 -23.061 78.7
  endloop
 endfacet
 facet normal 0 -0 -1
  outer loop
   vertex 10 -23.061 78.7
   vertex 30 -23.061 78.7
   vertex 0 -30 78.7
  endloop
 endfacet
 facet normal 0 0 -1
  outer loop
   vertex 0 -30 78.7
   vertex 40 -27 78.7
   vertex 65.536 -30 78.7
  endloop
 endfacet
 facet normal 0 0 -1
  outer loop
   vertex 112.003 -2.001 87.202
   vertex 108 -2.001 87.202
   vertex 108 2.001 87.202
  endloop
 endfacet
 facet normal 0 0 -1
  outer loop
   vertex 0 -11.625 78.7
   vertex 10 -15.375 78.7
   vertex 0 -19.125 78.7
  endloop
 endfacet
 facet normal 0 0 -1
  outer loop
   vertex 10 -23.061 78.7
   vertex 0 -19.125 78.7
   vertex 10 -15.375 78.7
  endloop
 endfacet
 facet normal 0 -0 -1
  outer loop
   vertex 10 -7.686 78.7
   vertex 10 -15.375 78.7
   vertex 0 -11.625 78.7
  endloop
 endfacet
 facet normal -0 0 -1
  outer loop
   vertex 20 -11.436 78.7
   vertex 10 -15.375 78.7
   vertex 10 -7.686 78.7
  endloop
 endfacet
 facet normal 0 0 -1
  outer loop
   vertex 20 -11.436 78.7
   vertex 20 -3.936 78.7
   vertex 30 -7.686 78.7
  endloop
 endfacet
 facet normal 0 0.8682583 0.4961123
  outer loop
   vertex 112.003 -2.001 80.198
   vertex 99.998 -2.001 80.198
   vertex 108 -2.859225 81.7
  endloop
 endfacet
 facet normal -0 0.8682584 0.4961122
  outer loop
   vertex 108 -4.002 83.7
   vertex 112.003 -4.002 83.7
   vertex 108 -2.859225 81.7
  endloop
 endfacet
 facet normal -4.916501e-08 0.8682584 0.4961122
  outer loop
   vertex 112.003 -2.001 80.198
   vertex 108 -2.859225 81.7
   vertex 112.003 -4.002 83.7
  endloop
 endfacet
 facet normal 0 0 -1
  outer loop
   vertex 20 -11.436 78.7
   vertex 30 -7.686 78.7
   vertex 30 -15.375 78.7
  endloop
 endfacet
 facet normal 0 0 -1
  outer loop
   vertex 40 -19.125 78.7
   vertex 30 -15.375 78.7
   vertex 40 -11.625 78.7
  endloop
 endfacet
 facet normal 0 0 -1
  outer loop
   vertex 30 -7.686 78.7
   vertex 40 -11.625 78.7
   vertex 30 -15.375 78.7
  endloop
 endfacet
 facet normal 0 0 -1
  outer loop
   vertex 10 0 78.7
   vertex 20 -3.936 78.7
   vertex 10 -7.686 78.7
  endloop
 endfacet
 facet normal 0 -0 -1
  outer loop
   vertex 10 0 78.7
   vertex 10 -7.686 78.7
   vertex 0 -3.75 78.7
  endloop
 endfacet
 facet normal 0 0 -1
  outer loop
   vertex 10 -7.686 78.7
   vertex 20 -3.936 78.7
   vertex 20 -11.436 78.7
  endloop
 endfacet
 facet normal 0 -0 -1
  outer loop
   vertex 30 0 78.7
   vertex 30 -7.686 78.7
   vertex 20 -3.936 78.7
  endloop
 endfacet
 facet normal 0 0 -1
  outer loop
   vertex 30 7.689 78.7
   vertex 40 3.75 78.7
   vertex 30 0 78.7
  endloop
 endfacet
 facet normal 0 -0 -1
  outer loop
   vertex 40 3.75 78.7
   vertex 40 -3.75 78.7
   vertex 30 0 78.7
  endloop
 endfacet
 facet normal 0 0 -1
  outer loop
   vertex 112.003 -27.001 87.202
   vertex 108 -27.001 87.202
   vertex 108 -22.999 87.202
  endloop
 endfacet
 facet normal 0 0 -1
  outer loop
   vertex -80 3.75 78.7
   vertex -70 0 78.7
   vertex -80 -3.75 78.7
  endloop
 endfacet
 facet normal 0 0 -1
  outer loop
   vertex -70 -7.686 78.7
   vertex -80 -3.75 78.7
   vertex -70 0 78.7
  endloop
 endfacet
 facet normal 0 0 -1
  outer loop
   vertex -70 0 78.7
   vertex -60 -3.936 78.7
   vertex -70 -7.686 78.7
  endloop
 endfacet
 facet normal 0 0 -1
  outer loop
   vertex -60 -11.436 78.7
   vertex -70 -7.686 78.7
   vertex -60 -3.936 78.7
  endloop
 endfacet
 facet normal 0 0.8682582 -0.4961125
  outer loop
   vertex 108 -27.001 87.202
   vertex 112.003 -27.001 87.202
   vertex 108 -29.002 83.7
  endloop
 endfacet
 facet normal -0 0 -1
  outer loop
   vertex -80 3.75 78.7
   vertex -90 -7.686 78.7
   vertex -90 7.689 78.7
  endloop
 endfacet
 facet normal 6.871496e-08 0.8682583 0.4961124
  outer loop
   vertex 108 -28.98599 83.67198
   vertex 112.003 -29.002 83.7
   vertex 108 -27.85922 81.7
  endloop
 endfacet
 facet normal -0 0.8679701 0.4966164
  outer loop
   vertex 108 -29.002 83.7
   vertex 112.003 -29.002 83.7
   vertex 108 -29.00093 83.69813
  endloop
 endfacet
 facet normal 3.292658e-07 0.8682743 0.4960844
  outer loop
   vertex 108 -29.00093 83.69813
   vertex 112.003 -29.002 83.7
   vertex 108 -28.98599 83.67198
  endloop
 endfacet
 facet normal -0 0 -1
  outer loop
   vertex -80 -11.625 78.7
   vertex -90 -23.061 78.7
   vertex -90 -7.686 78.7
  endloop
 endfacet
 facet normal 0 0 -1
  outer loop
   vertex -116 -2.003 78.7
   vertex -90 -7.686 78.7
   vertex -90 -23.061 78.7
  endloop
 endfacet
 facet normal 0 0 1
  outer loop
   vertex 112.003 2.001 80.198
   vertex 99.998 -2.001 80.198
   vertex 112.003 -2.001 80.198
  endloop
 endfacet
 facet normal -0 0 -1
  outer loop
   vertex -80 -19.125 78.7
   vertex -90 -23.061 78.7
   vertex -80 -11.625 78.7
  endloop
 endfacet
 facet normal 0 0 -1
  outer loop
   vertex -80 -11.625 78.7
   vertex -70 -15.375 78.7
   vertex -80 -19.125 78.7
  endloop
 endfacet
 facet normal 0 0 -1
  outer loop
   vertex -70 -23.061 78.7
   vertex -80 -19.125 78.7
   vertex -70 -15.375 78.7
  endloop
 endfacet
 facet normal 0 0 -1
  outer loop
   vertex -70 -23.061 78.7
   vertex -70 -15.375 78.7
   vertex -60 -19.311 78.7
  endloop
 endfacet
 facet normal -0 0 -1
  outer loop
   vertex -80 -27 78.7
   vertex -116 -30 78.7
   vertex -90 -23.061 78.7
  endloop
 endfacet
 facet normal -1 0 0
  outer loop
   vertex 108 30 81.7
   vertex 108 29.00093 83.69813
   vertex 108 29.002 83.7
  endloop
 endfacet
 facet normal -1 0 -0
  outer loop
   vertex 108 30 88.7
   vertex 108 30 81.7
   vertex 108 29.002 83.7
  endloop
 endfacet
 facet normal -1 0 0
  outer loop
   vertex 108 30 88.7
   vertex 108 29.002 83.7
   vertex 108 27.001 87.202
  endloop
 endfacet
 facet normal 0 -0 -1
  outer loop
   vertex -60 -19.311 78.7
   vertex -50 -23.061 78.7
   vertex -70 -23.061 78.7
  endloop
 endfacet
 facet normal 0 -0 -1
  outer loop
   vertex -70 -23.061 78.7
   vertex -40 -27 78.7
   vertex -80 -27 78.7
  endloop
 endfacet
 facet normal -1 0 0
  outer loop
   vertex 108 28 81.7
   vertex 108 27.85922 81.7
   vertex 108 28.98599 83.67198
  endloop
 endfacet
 facet normal -1 0 0
  outer loop
   vertex 108 18.14106 88.7
   vertex 108 30 88.7
   vertex 108 22.999 87.202
  endloop
 endfacet
 facet normal -1 0 0
  outer loop
   vertex 108 27.001 87.202
   vertex 108 22.999 87.202
   vertex 108 30 88.7
  endloop
 endfacet
 facet normal -1 0 0
  outer loop
   vertex 108 18.14106 88.7
   vertex 108 22.999 87.202
   vertex 108 20.998 83.7
  endloop
 endfacet
 facet normal -1 0 0
  outer loop
   vertex 108 2.001 87.202
   vertex 108 18.14106 88.7
   vertex 108 4.002 83.7
  endloop
 endfacet
 facet normal -1 0 0
  outer loop
   vertex 108 2.859225 81.7
   vertex 108 4.002 83.7
   vertex 108 20.998 83.7
  endloop
 endfacet
 facet normal -1 0 0
  outer loop
   vertex 108 2.859225 81.7
   vertex 108 20.998 83.7
   vertex 108 22.14078 81.7
  endloop
 endfacet
 facet normal -1 0 0
  outer loop
   vertex 108 20.998 83.7
   vertex 108 4.002 83.7
   vertex 108 18.14106 88.7
  endloop
 endfacet
 facet normal -1 0 0
  outer loop
   vertex 108 -6.858939 88.7
   vertex 108 18.14106 88.7
   vertex 108 2.001 87.202
  endloop
 endfacet
 facet normal -1 0 0
  outer loop
   vertex 108 -2.001 87.202
   vertex 108 -6.858939 88.7
   vertex 108 2.001 87.202
  endloop
 endfacet
 facet normal 0 1 -0
  outer loop
   vertex 116 30 78.7
   vertex 108 30 81.7
   vertex 116 30 88.7
  endloop
 endfacet
 facet normal -0 1 0
  outer loop
   vertex 108 30 88.7
   vertex 116 30 88.7
   vertex 108 30 81.7
  endloop
 endfacet
 facet normal -1 -0 -0
  outer loop
   vertex 108 -4.002 83.7
   vertex 108 -2.859225 81.7
   vertex 108 -20.998 83.7
  endloop
 endfacet
 facet normal -1 0 0
  outer loop
   vertex 108 -22.999 87.202
   vertex 108 -6.858939 88.7
   vertex 108 -20.998 83.7
  endloop
 endfacet
 facet normal -1 0 -0
  outer loop
   vertex 108 -6.858939 88.7
   vertex 108 -4.002 83.7
   vertex 108 -20.998 83.7
  endloop
 endfacet
 facet normal -1 -0 0
  outer loop
   vertex 108 -2.001 87.202
   vertex 108 -4.002 83.7
   vertex 108 -6.858939 88.7
  endloop
 endfacet
 facet normal -1 0 0
  outer loop
   vertex 108 -22.14078 81.7
   vertex 108 -20.998 83.7
   vertex 108 -2.859225 81.7
  endloop
 endfacet
 facet normal -1 -0 0
  outer loop
   vertex 108 -6.858939 88.7
   vertex 108 -22.999 87.202
   vertex 108 -30 88.7
  endloop
 endfacet
 facet normal -1 0 0
  outer loop
   vertex 108 -27.001 87.202
   vertex 108 -30 88.7
   vertex 108 -22.999 87.202
  endloop
 endfacet
 facet normal -1 0 0
  outer loop
   vertex 108 -29.002 83.7
   vertex 108 -30 88.7
   vertex 108 -27.001 87.202
  endloop
 endfacet
 facet normal -1 0 0
  outer loop
   vertex 108 -28.98599 83.67198
   vertex 108 -27.85922 81.7
   vertex 108 -28 81.7
  endloop
 endfacet
 facet normal 1 0 0
  outer loop
   vertex 116 -26.62 82.523
   vertex 116 -30 78.7
   vertex 116 -26.177 82.08
  endloop
 endfacet
 facet normal -1 0 0
  outer loop
   vertex 108 -30 81.7
   vertex 108 -30 88.7
   vertex 108 -29.002 83.7
  endloop
 endfacet
 facet normal -1 0 0
  outer loop
   vertex 108 -30 81.7
   vertex 108 -29.002 83.7
   vertex 108 -29.00093 83.69813
  endloop
 endfacet
 facet normal 1 0 0
  outer loop
   vertex 108 -28.98599 83.67198
   vertex 108 -29 83.7
   vertex 108 -29.00093 83.69813
  endloop
 endfacet
 facet normal 1 -0 0
  outer loop
   vertex 116 -24.381 81.796
   vertex 116 -2.001 80.198
   vertex 116 -23.823 82.08
  endloop
 endfacet
 facet normal 1 0 0
  outer loop
   vertex 108 29 83.7
   vertex 108 28.98599 83.67198
   vertex 108 29.00093 83.69813
  endloop
 endfacet
 facet normal 1 -0 0
  outer loop
   vertex 116 -25 81.698
   vertex 116 -30 78.7
   vertex 116 -24.381 81.796
  endloop
 endfacet
 facet normal 0 0.8944271 0.4472138
  outer loop
   vertex 108 -28 81.7
   vertex 62.54827 -28 81.7
   vertex 108 -28.98599 83.67198
  endloop
 endfacet
 facet normal 0 -0.8945642 0.4469394
  outer loop
   vertex 108 -29 83.7
   vertex -108 -29 83.7
   vertex 108 -29.00093 83.69813
  endloop
 endfacet
 facet normal 9.969244e-07 -0.8944333 0.4472014
  outer loop
   vertex 108 29 83.7
   vertex 77.45935 28 81.7
   vertex 108 28.98599 83.67198
  endloop
 endfacet
 facet normal 0 0 1
  outer loop
   vertex 108 22.14078 81.7
   vertex 99.998 22.14078 81.7
   vertex 108 2.859225 81.7
  endloop
 endfacet
 facet normal 1 0 0
  outer loop
   vertex 116 -25 85.703
   vertex 116 -30 88.7
   vertex 116 -25.619 85.604
  endloop
 endfacet
 facet normal 0 -0.8682583 0.4961123
  outer loop
   vertex 112.003 2.001 80.198
   vertex 108 2.859225 81.7
   vertex 99.998 2.001 80.198
  endloop
 endfacet
 facet normal 0 -0.8682583 0.4961124
  outer loop
   vertex 112.003 -22.999 80.198
   vertex 108 -22.14078 81.7
   vertex 99.998 -22.999 80.198
  endloop
 endfacet
 facet normal 0 -0.8682583 0.4961124
  outer loop
   vertex 99.998 -22.14078 81.7
   vertex 99.998 -22.999 80.198
   vertex 108 -22.14078 81.7
  endloop
 endfacet
 facet normal 1 0 -0
  outer loop
   vertex 116 -23.096 84.319
   vertex 116 -6.003 87.202
   vertex 116 -23.38 84.877
  endloop
 endfacet
 facet normal 1 0 -0
  outer loop
   vertex 116 -23.823 85.32
   vertex 116 -6.003 87.202
   vertex 116 -24.381 85.604
  endloop
 endfacet
 facet normal 1 -0 -0
  outer loop
   vertex 116 -25 85.703
   vertex 116 -24.381 85.604
   vertex 116 -30 88.7
  endloop
 endfacet
 facet normal 0 0 1
  outer loop
   vertex 112.003 27.001 80.198
   vertex 99.998 27.001 80.198
   vertex 99.998 22.999 80.198
  endloop
 endfacet
 facet normal 0 0 1
  outer loop
   vertex 112.003 2.001 80.198
   vertex 99.998 2.001 80.198
   vertex 99.998 -2.001 80.198
  endloop
 endfacet
 facet normal 0 0 1
  outer loop
   vertex 99.998 -27.001 80.198
   vertex 112.003 -27.001 80.198
   vertex 99.998 -22.999 80.198
  endloop
 endfacet
 facet normal 0 0 1
  outer loop
   vertex 112.003 -22.999 80.198
   vertex 99.998 -22.999 80.198
   vertex 112.003 -27.001 80.198
  endloop
 endfacet
 facet normal 1 0 0
  outer loop
   vertex 116 -1.62 82.523
   vertex 116 -2.001 80.198
   vertex 116 -1.177 82.08
  endloop
 endfacet
 facet normal 0 1 0
  outer loop
   vertex 0 30 78.7
   vertex 108 30 81.7
   vertex 116 30 78.7
  endloop
 endfacet
 facet normal 1 -0 0
  outer loop
   vertex 116 0.619 81.796
   vertex 116 22.14192 81.698
   vertex 116 1.177 82.08
  endloop
 endfacet
 facet normal 1 -0 0
  outer loop
   vertex 116 0 81.698
   vertex 116 -2.001 80.198
   vertex 116 0.619 81.796
  endloop
 endfacet
 facet normal 1 0 0
  outer loop
   vertex 116 -1.904 83.081
   vertex 116 -23.38 82.523
   vertex 116 -1.62 82.523
  endloop
 endfacet
 facet normal 0 1 0
  outer loop
   vertex 108 30 81.7
   vertex 0 30 78.7
   vertex -108 30 81.7
  endloop
 endfacet
 facet normal 0 1 0
  outer loop
   vertex -116 30 78.7
   vertex -108 30 81.7
   vertex 0 30 78.7
  endloop
 endfacet
 facet normal 1 0 0
  outer loop
   vertex 116 -6.003 87.202
   vertex 116 -23.096 83.081
   vertex 116 -2.003 83.7
  endloop
 endfacet
 facet normal 1 0 0
  outer loop
   vertex 116 -1.62 84.877
   vertex 116 -6.003 87.202
   vertex 116 -1.904 84.319
  endloop
 endfacet
 facet normal 0 0.8944271 0.4472139
  outer loop
   vertex 108 30 81.7
   vertex -108 29.00093 83.69813
   vertex 108 29.00093 83.69813
  endloop
 endfacet
 facet normal 0 0.8945642 0.4469394
  outer loop
   vertex 108 29 83.7
   vertex 108 29.00093 83.69813
   vertex -108 29.00093 83.69813
  endloop
 endfacet
 facet normal -0 0.8944271 0.4472139
  outer loop
   vertex -108 30 81.7
   vertex -108 29.00093 83.69813
   vertex 108 30 81.7
  endloop
 endfacet
 facet normal 1 0 0
  outer loop
   vertex 116 2.002 88.7
   vertex 116 -6.003 87.202
   vertex 116 -0.619 85.604
  endloop
 endfacet
 facet normal 6.698693e-07 0.8944333 0.4472014
  outer loop
   vertex 108 -29 83.7
   vertex 108 -28.98599 83.67198
   vertex 62.54827 -28 81.7
  endloop
 endfacet
 facet normal 0 0.8944272 0.4472136
  outer loop
   vertex 62.54827 -28 81.7
   vertex 0 -28 81.7
   vertex 108 -29 83.7
  endloop
 endfacet
 facet normal -0 0.8944272 0.4472136
  outer loop
   vertex -108 -29 83.7
   vertex 108 -29 83.7
   vertex 0 -28 81.7
  endloop
 endfacet
 facet normal 0 0.8944272 0.4472136
  outer loop
   vertex -108 -29 83.7
   vertex 0 -28 81.7
   vertex -65.536 -28 81.7
  endloop
 endfacet
 facet normal 0 0.8944272 0.4472136
  outer loop
   vertex -108 -29 83.7
   vertex -65.536 -28 81.7
   vertex -82.53872 -28 81.7
  endloop
 endfacet
 facet normal -0 0.8944271 0.4472138
  outer loop
   vertex -108 -28 81.7
   vertex -108 -28.98599 83.67198
   vertex -82.53872 -28 81.7
  endloop
 endfacet
 facet normal 0 -0.8944271 0.4472139
  outer loop
   vertex -108 -30 81.7
   vertex 108 -30 81.7
   vertex -108 -29.00093 83.69813
  endloop
 endfacet
 facet normal 0 -0.8944271 0.4472139
  outer loop
   vertex 108 -30 81.7
   vertex 108 -29.00093 83.69813
   vertex -108 -29.00093 83.69813
  endloop
 endfacet
 facet normal 0 -0.8945642 0.4469394
  outer loop
   vertex -108 -29 83.7
   vertex -108 -29.00093 83.69813
   vertex 108 -29.00093 83.69813
  endloop
 endfacet
 facet normal -1.195895e-06 -0.8944333 0.4472014
  outer loop
   vertex -108 29 83.7
   vertex -108 28.98599 83.67198
   vertex -82.54065 28 81.7
  endloop
 endfacet
 facet normal 0 -0.8944272 0.4472136
  outer loop
   vertex -108 29 83.7
   vertex -82.54065 28 81.7
   vertex 0 28 81.7
  endloop
 endfacet
 facet normal 0 -0.8944272 0.4472136
  outer loop
   vertex 77.45935 28 81.7
   vertex 108 29 83.7
   vertex 0 28 81.7
  endloop
 endfacet
 facet normal 0 -0.8944271 0.4472138
  outer loop
   vertex 108 28 81.7
   vertex 108 28.98599 83.67198
   vertex 77.45935 28 81.7
  endloop
 endfacet
 facet normal 0 -0.8944272 0.4472136
  outer loop
   vertex -108 29 83.7
   vertex 0 28 81.7
   vertex 108 29 83.7
  endloop
 endfacet
 facet normal 0 0 1
  outer loop
   vertex 70 23.064 81.7
   vertex 80 27 81.7
   vertex 77.45935 28 81.7
  endloop
 endfacet
 facet normal 0 -0 1
  outer loop
   vertex 80 27 81.7
   vertex 99.998 27.85922 81.7
   vertex 77.45935 28 81.7
  endloop
 endfacet
 facet normal 0 0 1
  outer loop
   vertex 108 28 81.7
   vertex 77.45935 28 81.7
   vertex 99.998 27.85922 81.7
  endloop
 endfacet
 facet normal 0 0 1
  outer loop
   vertex 108 28 81.7
   vertex 99.998 27.85922 81.7
   vertex 108 27.85922 81.7
  endloop
 endfacet
 facet normal 0 0 1
  outer loop
   vertex 77.45935 28 81.7
   vertex 50 23.064 81.7
   vertex 70 23.064 81.7
  endloop
 endfacet
 facet normal 0 -0 1
  outer loop
   vertex 70 15.375 81.7
   vertex 70 23.064 81.7
   vertex 60 19.314 81.7
  endloop
 endfacet
 facet normal 0 -0 1
  outer loop
   vertex 80 11.625 81.7
   vertex 80 19.125 81.7
   vertex 70 15.375 81.7
  endloop
 endfacet
 facet normal 1 0 -0
  outer loop
   vertex 116 0.619 85.604
   vertex 116 2.002 88.7
   vertex 116 0 85.703
  endloop
 endfacet
 facet normal 1 0 -0
  outer loop
   vertex 116 1.177 85.32
   vertex 116 2.002 88.7
   vertex 116 0.619 85.604
  endloop
 endfacet
 facet normal 1 0 -0
  outer loop
   vertex 116 1.62 84.877
   vertex 116 2.002 88.7
   vertex 116 1.177 85.32
  endloop
 endfacet
 facet normal 1 -0 -0
  outer loop
   vertex 116 1.904 84.319
   vertex 116 22.14192 81.698
   vertex 116 1.62 84.877
  endloop
 endfacet
 facet normal 1 0 0
  outer loop
   vertex 116 -0.619 85.604
   vertex 116 0 85.703
   vertex 116 2.002 88.7
  endloop
 endfacet
 facet normal -0 0 1
  outer loop
   vertex 80 27 81.7
   vertex 90 23.064 81.7
   vertex 99.998 27.85922 81.7
  endloop
 endfacet
 facet normal 0 -0 1
  outer loop
   vertex 99.998 22.14078 81.7
   vertex 99.998 27.85922 81.7
   vertex 90 23.064 81.7
  endloop
 endfacet
 facet normal 1 -0 0
  outer loop
   vertex 116 -30 88.7
   vertex 116 -6.003 87.202
   vertex 116 2.002 88.7
  endloop
 endfacet
 facet normal -0 0 1
  outer loop
   vertex 80 19.125 81.7
   vertex 90 7.689 81.7
   vertex 90 23.064 81.7
  endloop
 endfacet
 facet normal 0 0 1
  outer loop
   vertex 90 23.064 81.7
   vertex 90 7.689 81.7
   vertex 99.998 22.14078 81.7
  endloop
 endfacet
 facet normal -0 0 1
  outer loop
   vertex 80 -3.75 81.7
   vertex 90 -7.686 81.7
   vertex 80 3.75 81.7
  endloop
 endfacet
 facet normal 0 0 1
  outer loop
   vertex 90 7.689 81.7
   vertex 80 3.75 81.7
   vertex 90 -7.686 81.7
  endloop
 endfacet
 facet normal 0 0 1
  outer loop
   vertex 70 7.689 81.7
   vertex 80 11.625 81.7
   vertex 70 15.375 81.7
  endloop
 endfacet
 facet normal 0 0 1
  outer loop
   vertex 70 15.375 81.7
   vertex 60 11.439 81.7
   vertex 70 7.689 81.7
  endloop
 endfacet
 facet normal 0 0 1
  outer loop
   vertex 70 23.064 81.7
   vertex 70 15.375 81.7
   vertex 80 19.125 81.7
  endloop
 endfacet
 facet normal -0 0 1
  outer loop
   vertex 80 11.625 81.7
   vertex 90 7.689 81.7
   vertex 80 19.125 81.7
  endloop
 endfacet
 facet normal -0 0 1
  outer loop
   vertex 90 7.689 81.7
   vertex 99.998 2.859225 81.7
   vertex 99.998 22.14078 81.7
  endloop
 endfacet
 facet normal 0 0 1
  outer loop
   vertex 108 2.859225 81.7
   vertex 99.998 22.14078 81.7
   vertex 99.998 2.859225 81.7
  endloop
 endfacet
 facet normal 0 0 1
  outer loop
   vertex 80 3.75 81.7
   vertex 70 7.689 81.7
   vertex 70 0 81.7
  endloop
 endfacet
 facet normal 0 -0 1
  outer loop
   vertex 80 -3.75 81.7
   vertex 80 3.75 81.7
   vertex 70 0 81.7
  endloop
 endfacet
 facet normal 0 0 1
  outer loop
   vertex 62.54827 -28 81.7
   vertex 80 -27 81.7
   vertex 70 -23.061 81.7
  endloop
 endfacet
 facet normal 1 0 0
  outer loop
   vertex 116 23.38 82.523
   vertex 116 23.096 83.081
   vertex 116 22.14192 81.698
  endloop
 endfacet
 facet normal 0 0 1
  outer loop
   vertex 80 -27 81.7
   vertex 62.54827 -28 81.7
   vertex 99.998 -27.85922 81.7
  endloop
 endfacet
 facet normal 0 0 1
  outer loop
   vertex 62.54827 -28 81.7
   vertex 108 -28 81.7
   vertex 99.998 -27.85922 81.7
  endloop
 endfacet
 facet normal 0 0 1
  outer loop
   vertex 108 -27.85922 81.7
   vertex 99.998 -27.85922 81.7
   vertex 108 -28 81.7
  endloop
 endfacet
 facet normal 1 0 0
  outer loop
   vertex 116 22.997 83.7
   vertex 116 2.002 88.7
   vertex 116 23.096 83.081
  endloop
 endfacet
 facet normal 0 0 1
  outer loop
   vertex 70 -15.375 81.7
   vertex 60 -19.311 81.7
   vertex 70 -23.061 81.7
  endloop
 endfacet
 facet normal 0 0 1
  outer loop
   vertex 99.998 2.859225 81.7
   vertex 90 7.689 81.7
   vertex 90 -7.686 81.7
  endloop
 endfacet
 facet normal 1 0 0
  outer loop
   vertex 116 23.38 84.877
   vertex 116 2.002 88.7
   vertex 116 23.096 84.319
  endloop
 endfacet
 facet normal 1 0 -0
  outer loop
   vertex 116 22.14192 81.698
   vertex 116 23.096 83.081
   vertex 116 2.002 88.7
  endloop
 endfacet
 facet normal 1 0 0
  outer loop
   vertex 116 23.823 85.32
   vertex 116 2.002 88.7
   vertex 116 23.38 84.877
  endloop
 endfacet
 facet normal 0 -0 1
  outer loop
   vertex 99.998 -2.859225 81.7
   vertex 99.998 2.859225 81.7
   vertex 90 -7.686 81.7
  endloop
 endfacet
 facet normal -0 0 1
  outer loop
   vertex 90 -7.686 81.7
   vertex 99.998 -22.14078 81.7
   vertex 99.998 -2.859225 81.7
  endloop
 endfacet
 facet normal 0 0 1
  outer loop
   vertex 99.998 -22.14078 81.7
   vertex 108 -22.14078 81.7
   vertex 99.998 -2.859225 81.7
  endloop
 endfacet
 facet normal 1 0 0
  outer loop
   vertex 116 24.381 85.604
   vertex 116 2.002 88.7
   vertex 116 23.823 85.32
  endloop
 endfacet
 facet normal 0 -0 1
  outer loop
   vertex 80 -19.125 81.7
   vertex 80 -11.625 81.7
   vertex 70 -15.375 81.7
  endloop
 endfacet
 facet normal 0 0 1
  outer loop
   vertex 70 -7.686 81.7
   vertex 70 -15.375 81.7
   vertex 80 -11.625 81.7
  endloop
 endfacet
 facet normal 1 0 -0
  outer loop
   vertex 116 25 85.703
   vertex 116 30 88.7
   vertex 116 24.381 85.604
  endloop
 endfacet
 facet normal -0 0 1
  outer loop
   vertex 80 -27 81.7
   vertex 99.998 -27.85922 81.7
   vertex 90 -23.061 81.7
  endloop
 endfacet
 facet normal 0 0 1
  outer loop
   vertex 70 -15.375 81.7
   vertex 70 -23.061 81.7
   vertex 80 -19.125 81.7
  endloop
 endfacet
 facet normal 0 -0 1
  outer loop
   vertex 99.998 -27.85922 81.7
   vertex 99.998 -22.14078 81.7
   vertex 90 -23.061 81.7
  endloop
 endfacet
 facet normal 0 0 1
  outer loop
   vertex 108 -2.859225 81.7
   vertex 99.998 -2.859225 81.7
   vertex 108 -22.14078 81.7
  endloop
 endfacet
 facet normal -0 0 1
  outer loop
   vertex 80 -19.125 81.7
   vertex 90 -23.061 81.7
   vertex 80 -11.625 81.7
  endloop
 endfacet
 facet normal -0 0 1
  outer loop
   vertex 80 -11.625 81.7
   vertex 90 -23.061 81.7
   vertex 90 -7.686 81.7
  endloop
 endfacet
 facet normal 0 0 1
  outer loop
   vertex 99.998 -22.14078 81.7
   vertex 90 -7.686 81.7
   vertex 90 -23.061 81.7
  endloop
 endfacet
 facet normal 0 0 1
  outer loop
   vertex 80 -3.75 81.7
   vertex 70 0 81.7
   vertex 70 -7.686 81.7
  endloop
 endfacet
 facet normal -0 0 1
  outer loop
   vertex 60 -3.936 81.7
   vertex 70 -7.686 81.7
   vertex 70 0 81.7
  endloop
 endfacet
 facet normal -0 0 1
  outer loop
   vertex 60 -11.436 81.7
   vertex 70 -15.375 81.7
   vertex 70 -7.686 81.7
  endloop
 endfacet
 facet normal 0 0 1
  outer loop
   vertex 60 11.439 81.7
   vertex 50 15.375 81.7
   vertex 50 7.689 81.7
  endloop
 endfacet
 facet normal 1 0 -0
  outer loop
   vertex 116 25.619 85.604
   vertex 116 30 88.7
   vertex 116 25 85.703
  endloop
 endfacet
 facet normal 1 0 -0
  outer loop
   vertex 116 26.177 85.32
   vertex 116 30 88.7
   vertex 116 25.619 85.604
  endloop
 endfacet
 facet normal 1 0 -0
  outer loop
   vertex 116 26.62 84.877
   vertex 116 30 88.7
   vertex 116 26.177 85.32
  endloop
 endfacet
 facet normal 1 0 -0
  outer loop
   vertex 116 27.002 83.7
   vertex 116 30 88.7
   vertex 116 26.904 84.319
  endloop
 endfacet
 facet normal 0 -0 1
  outer loop
   vertex 30 23.064 81.7
   vertex 40 27 81.7
   vertex 0 28 81.7
  endloop
 endfacet
 facet normal 0 -0 1
  outer loop
   vertex 50 23.064 81.7
   vertex 77.45935 28 81.7
   vertex 40 27 81.7
  endloop
 endfacet
 facet normal 0 0 1
  outer loop
   vertex 30 23.064 81.7
   vertex 30 15.375 81.7
   vertex 40 19.125 81.7
  endloop
 endfacet
 facet normal 0 -0 1
  outer loop
   vertex 50 7.689 81.7
   vertex 50 15.375 81.7
   vertex 40 11.625 81.7
  endloop
 endfacet
 facet normal 0 0 1
  outer loop
   vertex 50 15.375 81.7
   vertex 60 19.314 81.7
   vertex 50 23.064 81.7
  endloop
 endfacet
 facet normal 0 -0 1
  outer loop
   vertex 60 19.314 81.7
   vertex 70 23.064 81.7
   vertex 50 23.064 81.7
  endloop
 endfacet
 facet normal 0 0 1
  outer loop
   vertex 40 11.625 81.7
   vertex 50 15.375 81.7
   vertex 40 19.125 81.7
  endloop
 endfacet
 facet normal -0 0 1
  outer loop
   vertex 0 28 81.7
   vertex 40 27 81.7
   vertex 77.45935 28 81.7
  endloop
 endfacet
 facet normal -0 0 1
  outer loop
   vertex 40 19.125 81.7
   vertex 50 15.375 81.7
   vertex 50 23.064 81.7
  endloop
 endfacet
 facet normal 1 -0 0
  outer loop
   vertex 116 26.62 84.877
   vertex 116 26.904 84.319
   vertex 116 30 88.7
  endloop
 endfacet
 facet normal 1 -0 0
  outer loop
   vertex 116 26.62 82.523
   vertex 116 30 78.7
   vertex 116 26.904 83.081
  endloop
 endfacet
 facet normal -0 0 1
  outer loop
   vertex 40 3.75 81.7
   vertex 50 0 81.7
   vertex 50 7.689 81.7
  endloop
 endfacet
 facet normal 1 0 0
  outer loop
   vertex 116 27.002 83.7
   vertex 116 26.904 83.081
   vertex 116 30 78.7
  endloop
 endfacet
 facet normal 1 0 0
  outer loop
   vertex 116 30 88.7
   vertex 116 27.002 83.7
   vertex 116 30 78.7
  endloop
 endfacet
 facet normal 0 -0 1
  outer loop
   vertex 70 0 81.7
   vertex 70 7.689 81.7
   vertex 60 3.939 81.7
  endloop
 endfacet
 facet normal 0 0 1
  outer loop
   vertex 60 11.439 81.7
   vertex 60 3.939 81.7
   vertex 70 7.689 81.7
  endloop
 endfacet
 facet normal 0 0 1
  outer loop
   vertex 60 11.439 81.7
   vertex 50 7.689 81.7
   vertex 60 3.939 81.7
  endloop
 endfacet
 facet normal 0 0 1
  outer loop
   vertex 40 3.75 81.7
   vertex 30 0 81.7
   vertex 40 -3.75 81.7
  endloop
 endfacet
 facet normal 0 0 1
  outer loop
   vertex 30 -7.686 81.7
   vertex 30 -15.375 81.7
   vertex 40 -11.625 81.7
  endloop
 endfacet
 facet normal 1 0 0
  outer loop
   vertex 116 23.096 84.319
   vertex 116 2.002 88.7
   vertex 116 22.997 83.7
  endloop
 endfacet
 facet normal 0 0 1
  outer loop
   vertex 30 -23.061 81.7
   vertex 10 -23.061 81.7
   vertex 0 -28 81.7
  endloop
 endfacet
 facet normal 0 0 1
  outer loop
   vertex 40 -27 81.7
   vertex 30 -23.061 81.7
   vertex 0 -28 81.7
  endloop
 endfacet
 facet normal 1 -0 0
  outer loop
   vertex 116 2.002 88.7
   vertex 116 24.381 85.604
   vertex 116 30 88.7
  endloop
 endfacet
 facet normal 0 0 1
  outer loop
   vertex 62.54827 -28 81.7
   vertex 50 -23.061 81.7
   vertex 40 -27 81.7
  endloop
 endfacet
 facet normal 0 0 1
  outer loop
   vertex 62.54827 -28 81.7
   vertex 40 -27 81.7
   vertex 0 -28 81.7
  endloop
 endfacet
 facet normal 0 -0 1
  outer loop
   vertex 62.54827 -28 81.7
   vertex 70 -23.061 81.7
   vertex 60 -19.311 81.7
  endloop
 endfacet
 facet normal -0 0 1
  outer loop
   vertex 50 -23.061 81.7
   vertex 62.54827 -28 81.7
   vertex 60 -19.311 81.7
  endloop
 endfacet
 facet normal 0 0 1
  outer loop
   vertex 50 -15.375 81.7
   vertex 50 -23.061 81.7
   vertex 60 -19.311 81.7
  endloop
 endfacet
 facet normal 1 0 0
  outer loop
   vertex 116 22.14192 81.698
   vertex 116 2.002 88.7
   vertex 116 1.62 84.877
  endloop
 endfacet
 facet normal 1 0 0
  outer loop
   vertex 116 1.904 84.319
   vertex 116 2.002 83.7
   vertex 116 22.14192 81.698
  endloop
 endfacet
 facet normal 1 0 0
  outer loop
   vertex 116 2.002 83.7
   vertex 116 1.904 83.081
   vertex 116 22.14192 81.698
  endloop
 endfacet
 facet normal 1 0 0
  outer loop
   vertex 116 22.14192 81.698
   vertex 116 1.904 83.081
   vertex 116 1.62 82.523
  endloop
 endfacet
 facet normal 0 -0 1
  outer loop
   vertex 40 -19.125 81.7
   vertex 40 -11.625 81.7
   vertex 30 -15.375 81.7
  endloop
 endfacet
 facet normal 0 0 1
  outer loop
   vertex 30 -23.061 81.7
   vertex 40 -19.125 81.7
   vertex 30 -15.375 81.7
  endloop
 endfacet
 facet normal 0 -0 1
  outer loop
   vertex 50 -23.061 81.7
   vertex 50 -15.375 81.7
   vertex 40 -19.125 81.7
  endloop
 endfacet
 facet normal 0 0 1
  outer loop
   vertex 50 -7.686 81.7
   vertex 40 -11.625 81.7
   vertex 50 -15.375 81.7
  endloop
 endfacet
 facet normal 0 0 1
  outer loop
   vertex 60 -11.436 81.7
   vertex 50 -7.686 81.7
   vertex 50 -15.375 81.7
  endloop
 endfacet
 facet normal 0 0 1
  outer loop
   vertex 40 -19.125 81.7
   vertex 50 -15.375 81.7
   vertex 40 -11.625 81.7
  endloop
 endfacet
 facet normal 0 -0 1
  outer loop
   vertex 60 -11.436 81.7
   vertex 60 -3.936 81.7
   vertex 50 -7.686 81.7
  endloop
 endfacet
 facet normal 0 -0 1
  outer loop
   vertex 50 -7.686 81.7
   vertex 50 0 81.7
   vertex 40 -3.75 81.7
  endloop
 endfacet
 facet normal 0 0 1
  outer loop
   vertex 60 -3.936 81.7
   vertex 60 -11.436 81.7
   vertex 70 -7.686 81.7
  endloop
 endfacet
 facet normal 0 0 1
  outer loop
   vertex 50 0 81.7
   vertex 50 -7.686 81.7
   vertex 60 -3.936 81.7
  endloop
 endfacet
 facet normal 0 0 1
  outer loop
   vertex 40 3.75 81.7
   vertex 40 -3.75 81.7
   vertex 50 0 81.7
  endloop
 endfacet
 facet normal 0 0 1
  outer loop
   vertex 60 3.939 81.7
   vertex 50 7.689 81.7
   vertex 50 0 81.7
  endloop
 endfacet
 facet normal 1 0 -0
  outer loop
   vertex 116 -1.62 84.877
   vertex 116 -1.177 85.32
   vertex 116 -6.003 87.202
  endloop
 endfacet
 facet normal 1 0 -0
  outer loop
   vertex 116 -2.003 83.7
   vertex 116 -1.904 84.319
   vertex 116 -6.003 87.202
  endloop
 endfacet
 facet normal 1 0 -0
  outer loop
   vertex 116 -1.177 85.32
   vertex 116 -0.619 85.604
   vertex 116 -6.003 87.202
  endloop
 endfacet
 facet normal 0 0 1
  outer loop
   vertex 20 11.439 81.7
   vertex 10 15.375 81.7
   vertex 10 7.689 81.7
  endloop
 endfacet
 facet normal -0 0 1
  outer loop
   vertex 0 27 81.7
   vertex 10 23.064 81.7
   vertex 0 28 81.7
  endloop
 endfacet
 facet normal 1 -0 0
  outer loop
   vertex 116 -23.096 84.319
   vertex 116 -22.998 83.7
   vertex 116 -6.003 87.202
  endloop
 endfacet
 facet normal 1 0 0
  outer loop
   vertex 116 -23.096 83.081
   vertex 116 -6.003 87.202
   vertex 116 -22.998 83.7
  endloop
 endfacet
 facet normal 1 0 0
  outer loop
   vertex 116 -23.38 82.523
   vertex 116 -1.904 83.081
   vertex 116 -23.096 83.081
  endloop
 endfacet
 facet normal -0 0 1
  outer loop
   vertex 0 11.625 81.7
   vertex 10 7.689 81.7
   vertex 10 15.375 81.7
  endloop
 endfacet
 facet normal 0 0 1
  outer loop
   vertex 20 19.314 81.7
   vertex 10 23.064 81.7
   vertex 10 15.375 81.7
  endloop
 endfacet
 facet normal 0 0 1
  outer loop
   vertex 10 23.064 81.7
   vertex 0 19.125 81.7
   vertex 10 15.375 81.7
  endloop
 endfacet
 facet normal 0 0 1
  outer loop
   vertex 0 11.625 81.7
   vertex 10 15.375 81.7
   vertex 0 19.125 81.7
  endloop
 endfacet
 facet normal 1 -0 0
  outer loop
   vertex 116 -23.823 85.32
   vertex 116 -23.38 84.877
   vertex 116 -6.003 87.202
  endloop
 endfacet
 facet normal 1 0 0
  outer loop
   vertex 116 -2.003 83.7
   vertex 116 -23.096 83.081
   vertex 116 -1.904 83.081
  endloop
 endfacet
 facet normal 1 0 0
  outer loop
   vertex 116 -30 88.7
   vertex 116 -24.381 85.604
   vertex 116 -6.003 87.202
  endloop
 endfacet
 facet normal 0 0 1
  outer loop
   vertex 0 28 81.7
   vertex 10 23.064 81.7
   vertex 30 23.064 81.7
  endloop
 endfacet
 facet normal 0 -0 1
  outer loop
   vertex 20 19.314 81.7
   vertex 30 23.064 81.7
   vertex 10 23.064 81.7
  endloop
 endfacet
 facet normal 0 0 1
  outer loop
   vertex 30 0 81.7
   vertex 40 3.75 81.7
   vertex 30 7.689 81.7
  endloop
 endfacet
 facet normal 1 -0 0
  outer loop
   vertex 116 25.619 81.796
   vertex 116 30 78.7
   vertex 116 26.177 82.08
  endloop
 endfacet
 facet normal 1 0 0
  outer loop
   vertex 116 23.38 82.523
   vertex 116 22.14192 81.698
   vertex 116 23.823 82.08
  endloop
 endfacet
 facet normal 1 0 0
  outer loop
   vertex 116 24.381 81.796
   vertex 116 23.823 82.08
   vertex 116 22.14192 81.698
  endloop
 endfacet
 facet normal 1 0 0
  outer loop
   vertex 116 24.381 81.796
   vertex 116 30 78.7
   vertex 116 25 81.698
  endloop
 endfacet
 facet normal 1 0 0
  outer loop
   vertex 116 26.62 82.523
   vertex 116 26.177 82.08
   vertex 116 30 78.7
  endloop
 endfacet
 facet normal 0 -0 1
  outer loop
   vertex 30 0 81.7
   vertex 30 7.689 81.7
   vertex 20 3.939 81.7
  endloop
 endfacet
 facet normal 0 0 1
  outer loop
   vertex 10 0 81.7
   vertex 20 3.939 81.7
   vertex 10 7.689 81.7
  endloop
 endfacet
 facet normal 0 0 1
  outer loop
   vertex 10 7.689 81.7
   vertex 0 3.75 81.7
   vertex 10 0 81.7
  endloop
 endfacet
 facet normal 0 0 1
  outer loop
   vertex 0 -3.75 81.7
   vertex 10 0 81.7
   vertex 0 3.75 81.7
  endloop
 endfacet
 facet normal 1 0 0
  outer loop
   vertex 116 1.62 82.523
   vertex 116 1.177 82.08
   vertex 116 22.14192 81.698
  endloop
 endfacet
 facet normal 1 0 0
  outer loop
   vertex 116 -0.619 81.796
   vertex 116 -2.001 80.198
   vertex 116 0 81.698
  endloop
 endfacet
 facet normal 1 0 0
  outer loop
   vertex 116 -1.177 82.08
   vertex 116 -2.001 80.198
   vertex 116 -0.619 81.796
  endloop
 endfacet
 facet normal 1 0 0
  outer loop
   vertex 116 22.14192 81.698
   vertex 116 0.619 81.796
   vertex 116 -2.001 80.198
  endloop
 endfacet
 facet normal -0 0 1
  outer loop
   vertex 20 19.314 81.7
   vertex 30 15.375 81.7
   vertex 30 23.064 81.7
  endloop
 endfacet
 facet normal 0 0 1
  outer loop
   vertex 40 11.625 81.7
   vertex 30 15.375 81.7
   vertex 30 7.689 81.7
  endloop
 endfacet
 facet normal 0 0 1
  outer loop
   vertex 30 15.375 81.7
   vertex 20 11.439 81.7
   vertex 30 7.689 81.7
  endloop
 endfacet
 facet normal 0 -0 1
  outer loop
   vertex 40 11.625 81.7
   vertex 40 19.125 81.7
   vertex 30 15.375 81.7
  endloop
 endfacet
 facet normal 0 0 1
  outer loop
   vertex 20 3.939 81.7
   vertex 30 7.689 81.7
   vertex 20 11.439 81.7
  endloop
 endfacet
 facet normal 0 0 1
  outer loop
   vertex 20 11.439 81.7
   vertex 10 7.689 81.7
   vertex 20 3.939 81.7
  endloop
 endfacet
 facet normal 0 0 1
  outer loop
   vertex 20 -19.311 81.7
   vertex 10 -23.061 81.7
   vertex 30 -23.061 81.7
  endloop
 endfacet
 facet normal 1 -0 0
  outer loop
   vertex 116 -23.823 82.08
   vertex 116 -2.001 80.198
   vertex 116 -23.38 82.523
  endloop
 endfacet
 facet normal 1 0 0
  outer loop
   vertex 116 -25.619 81.796
   vertex 116 -30 78.7
   vertex 116 -25 81.698
  endloop
 endfacet
 facet normal 1 0 0
  outer loop
   vertex 116 -25.619 81.796
   vertex 116 -26.177 82.08
   vertex 116 -30 78.7
  endloop
 endfacet
 facet normal 1 0 0
  outer loop
   vertex 116 -30 78.7
   vertex 116 -2.001 80.198
   vertex 116 -24.381 81.796
  endloop
 endfacet
 facet normal 0 0 1
  outer loop
   vertex 30 -15.375 81.7
   vertex 20 -19.311 81.7
   vertex 30 -23.061 81.7
  endloop
 endfacet
 facet normal 1 0 0
  outer loop
   vertex 116 25.619 81.796
   vertex 116 25 81.698
   vertex 116 30 78.7
  endloop
 endfacet
 facet normal 1 0 0
  outer loop
   vertex 116 24.381 81.796
   vertex 116 22.14192 81.698
   vertex 116 30 78.7
  endloop
 endfacet
 facet normal 1 0 0
  outer loop
   vertex 116 30 78.7
   vertex 116 22.14192 81.698
   vertex 116 -2.001 80.198
  endloop
 endfacet
 facet normal 1 0 0
  outer loop
   vertex 116 -1.62 82.523
   vertex 116 -23.38 82.523
   vertex 116 -2.001 80.198
  endloop
 endfacet
 facet normal 1 0 0
  outer loop
   vertex 116 -26.62 82.523
   vertex 116 -26.905 83.081
   vertex 116 -30 78.7
  endloop
 endfacet
 facet normal 1 0 0
  outer loop
   vertex 116 -27.003 83.7
   vertex 116 -30 78.7
   vertex 116 -26.905 83.081
  endloop
 endfacet
 facet normal 1 0 -0
  outer loop
   vertex 116 -26.905 84.319
   vertex 116 -26.62 84.877
   vertex 116 -30 88.7
  endloop
 endfacet
 facet normal 1 0 -0
  outer loop
   vertex 116 -26.62 84.877
   vertex 116 -26.177 85.32
   vertex 116 -30 88.7
  endloop
 endfacet
 facet normal 1 0 -0
  outer loop
   vertex 116 -26.177 85.32
   vertex 116 -25.619 85.604
   vertex 116 -30 88.7
  endloop
 endfacet
 facet normal 1 0 -0
  outer loop
   vertex 116 -27.003 83.7
   vertex 116 -26.905 84.319
   vertex 116 -30 88.7
  endloop
 endfacet
 facet normal 1 0 0
  outer loop
   vertex 116 -30 78.7
   vertex 116 -27.003 83.7
   vertex 116 -30 88.7
  endloop
 endfacet
 facet normal 1 0 0
  outer loop
   vertex 116 30 78.7
   vertex 116 -2.001 80.198
   vertex 116 -30 78.7
  endloop
 endfacet
 facet normal 0 0 1
  outer loop
   vertex 108 -6.858939 88.7
   vertex 108 -30 88.7
   vertex 116 -30 88.7
  endloop
 endfacet
 facet normal 0 0 1
  outer loop
   vertex 116 2.002 88.7
   vertex 108 -6.858939 88.7
   vertex 116 -30 88.7
  endloop
 endfacet
 facet normal 0 0 -1
  outer loop
   vertex -30 15.375 78.7
   vertex -20 11.439 78.7
   vertex -30 7.689 78.7
  endloop
 endfacet
 facet normal -0 0 -1
  outer loop
   vertex -20 19.314 78.7
   vertex -30 15.375 78.7
   vertex -30 23.064 78.7
  endloop
 endfacet
 facet normal 0 0 -1
  outer loop
   vertex -40 19.125 78.7
   vertex -30 23.064 78.7
   vertex -30 15.375 78.7
  endloop
 endfacet
 facet normal 0 0 -1
  outer loop
   vertex 0 30 78.7
   vertex -10 23.064 78.7
   vertex -30 23.064 78.7
  endloop
 endfacet
 facet normal 0 0 -1
  outer loop
   vertex -20 19.314 78.7
   vertex -30 23.064 78.7
   vertex -10 23.064 78.7
  endloop
 endfacet
 facet normal -0 0 -1
  outer loop
   vertex 0 27 78.7
   vertex -10 23.064 78.7
   vertex 0 30 78.7
  endloop
 endfacet
 facet normal 0 0 -1
  outer loop
   vertex -10 7.689 78.7
   vertex 0 3.75 78.7
   vertex -10 0 78.7
  endloop
 endfacet
 facet normal 0 0 -1
  outer loop
   vertex 0 -3.75 78.7
   vertex -10 0 78.7
   vertex 0 3.75 78.7
  endloop
 endfacet
 facet normal 0 0 -1
  outer loop
   vertex -10 0 78.7
   vertex -20 3.939 78.7
   vertex -10 7.689 78.7
  endloop
 endfacet
 facet normal 0 0 -1
  outer loop
   vertex -20 3.939 78.7
   vertex -20 11.439 78.7
   vertex -10 7.689 78.7
  endloop
 endfacet
 facet normal 0 0 -1
  outer loop
   vertex -10 23.064 78.7
   vertex 0 19.125 78.7
   vertex -10 15.375 78.7
  endloop
 endfacet
 facet normal 0 0 -1
  outer loop
   vertex -20 19.314 78.7
   vertex -10 23.064 78.7
   vertex -10 15.375 78.7
  endloop
 endfacet
 facet normal 0 -0 -1
  outer loop
   vertex -20 11.439 78.7
   vertex -20 3.939 78.7
   vertex -30 7.689 78.7
  endloop
 endfacet
 facet normal 0 0 -1
  outer loop
   vertex -40 -3.75 78.7
   vertex -40 3.75 78.7
   vertex -30 0 78.7
  endloop
 endfacet
 facet normal -0 0 -1
  outer loop
   vertex -20 3.939 78.7
   vertex -30 0 78.7
   vertex -30 7.689 78.7
  endloop
 endfacet
 facet normal 0 -0 -1
  outer loop
   vertex -30 7.689 78.7
   vertex -30 0 78.7
   vertex -40 3.75 78.7
  endloop
 endfacet
 facet normal 0 0 -1
  outer loop
   vertex -20 11.439 78.7
   vertex -10 15.375 78.7
   vertex -10 7.689 78.7
  endloop
 endfacet
 facet normal -0 0 -1
  outer loop
   vertex 0 11.625 78.7
   vertex -10 7.689 78.7
   vertex -10 15.375 78.7
  endloop
 endfacet
 facet normal 0 0 -1
  outer loop
   vertex 0 11.625 78.7
   vertex -10 15.375 78.7
   vertex 0 19.125 78.7
  endloop
 endfacet
 facet normal 0 0 -1
  outer loop
   vertex -30 0 78.7
   vertex -20 -3.936 78.7
   vertex -30 -7.686 78.7
  endloop
 endfacet
 facet normal 0 -0 -1
  outer loop
   vertex -30 0 78.7
   vertex -30 -7.686 78.7
   vertex -40 -3.75 78.7
  endloop
 endfacet
 facet normal 0 0 -1
  outer loop
   vertex -30 -15.375 78.7
   vertex -20 -19.311 78.7
   vertex -30 -23.061 78.7
  endloop
 endfacet
 facet normal -0 0 -1
  outer loop
   vertex 0 -19.125 78.7
   vertex -10 -23.061 78.7
   vertex -10 -15.375 78.7
  endloop
 endfacet
 facet normal 0 0 -1
  outer loop
   vertex -40 -27 78.7
   vertex -30 -23.061 78.7
   vertex 0 -30 78.7
  endloop
 endfacet
 facet normal 0 -0 -1
  outer loop
   vertex -20 -19.311 78.7
   vertex -10 -23.061 78.7
   vertex -30 -23.061 78.7
  endloop
 endfacet
 facet normal 0 -0 -1
  outer loop
   vertex -10 -15.375 78.7
   vertex -10 -23.061 78.7
   vertex -20 -19.311 78.7
  endloop
 endfacet
 facet normal 0 0 -1
  outer loop
   vertex 0 -30 78.7
   vertex -30 -23.061 78.7
   vertex -10 -23.061 78.7
  endloop
 endfacet
 facet normal -0 -0 -1
  outer loop
   vertex 0 -27 78.7
   vertex 0 -30 78.7
   vertex -10 -23.061 78.7
  endloop
 endfacet
 facet normal 0 0 -1
  outer loop
   vertex -20 -11.436 78.7
   vertex -10 -7.686 78.7
   vertex -10 -15.375 78.7
  endloop
 endfacet
 facet normal 0 0 -1
  outer loop
   vertex -10 -7.686 78.7
   vertex 0 -11.625 78.7
   vertex -10 -15.375 78.7
  endloop
 endfacet
 facet normal 0 0 -1
  outer loop
   vertex 0 -19.125 78.7
   vertex -10 -15.375 78.7
   vertex 0 -11.625 78.7
  endloop
 endfacet
 facet normal 0 -1 0
  outer loop
   vertex -116 -30 78.7
   vertex -108 -30 81.7
   vertex -116 -30 88.7
  endloop
 endfacet
 facet normal -0 -1 -0
  outer loop
   vertex -108 -30 88.7
   vertex -116 -30 88.7
   vertex -108 -30 81.7
  endloop
 endfacet
 facet normal 0 1 0
  outer loop
   vertex -108 30 88.7
   vertex -108 30 81.7
   vertex -116 30 88.7
  endloop
 endfacet
 facet normal 0 1 0
  outer loop
   vertex -116 30 88.7
   vertex -108 30 81.7
   vertex -116 30 78.7
  endloop
 endfacet
 facet normal -1 0 -0
  outer loop
   vertex -116 30 88.7
   vertex -116 30 78.7
   vertex -116 27.003 83.7
  endloop
 endfacet
 facet normal -1 0 0
  outer loop
   vertex -116 25.619 85.604
   vertex -116 30 88.7
   vertex -116 26.177 85.32
  endloop
 endfacet
 facet normal -1 0 0
  outer loop
   vertex -116 26.177 85.32
   vertex -116 30 88.7
   vertex -116 26.62 84.877
  endloop
 endfacet
 facet normal -1 0 0
  outer loop
   vertex -116 25.619 85.604
   vertex -116 25 85.703
   vertex -116 30 88.7
  endloop
 endfacet
 facet normal -1 0 0
  outer loop
   vertex -116 30 88.7
   vertex -116 25 85.703
   vertex -116 24.381 85.604
  endloop
 endfacet
 facet normal -1 0 0
  outer loop
   vertex -116 23.823 85.32
   vertex -116 2.003 88.7
   vertex -116 24.381 85.604
  endloop
 endfacet
 facet normal -1 0 0
  outer loop
   vertex -116 23.38 84.877
   vertex -116 2.003 88.7
   vertex -116 23.823 85.32
  endloop
 endfacet
 facet normal -1 0 0
  outer loop
   vertex -116 26.177 82.08
   vertex -116 26.62 82.523
   vertex -116 30 78.7
  endloop
 endfacet
 facet normal -1 0 0
  outer loop
   vertex -116 26.62 82.523
   vertex -116 26.904 83.081
   vertex -116 30 78.7
  endloop
 endfacet
 facet normal -1 0 0
  outer loop
   vertex -116 26.904 84.319
   vertex -116 26.62 84.877
   vertex -116 30 88.7
  endloop
 endfacet
 facet normal -1 0 0
  outer loop
   vertex -116 27.003 83.7
   vertex -116 26.904 84.319
   vertex -116 30 88.7
  endloop
 endfacet
 facet normal -1 0 0
  outer loop
   vertex -116 26.904 83.081
   vertex -116 27.003 83.7
   vertex -116 30 78.7
  endloop
 endfacet
 facet normal -1 0 0
  outer loop
   vertex -116 25.619 81.796
   vertex -116 22.998 78.7
   vertex -116 25 81.698
  endloop
 endfacet
 facet normal -1 0 0
  outer loop
   vertex -116 30 78.7
   vertex -116 22.998 78.7
   vertex -116 25.619 81.796
  endloop
 endfacet
 facet normal -1 0 0
  outer loop
   vertex -116 30 78.7
   vertex -116 25.619 81.796
   vertex -116 26.177 82.08
  endloop
 endfacet
 facet normal -1 -0 0
  outer loop
   vertex -116 -0.619 81.796
   vertex -116 -2.003 78.7
   vertex -116 -1.177 82.08
  endloop
 endfacet
 facet normal -1 0 0
  outer loop
   vertex -116 1.62 84.877
   vertex -116 22.998 83.7
   vertex -116 1.904 84.319
  endloop
 endfacet
 facet normal -1 0 0
  outer loop
   vertex -116 0.619 85.604
   vertex -116 0 85.703
   vertex -116 2.003 88.7
  endloop
 endfacet
 facet normal -1 0 0
  outer loop
   vertex -116 1.177 85.32
   vertex -116 0.619 85.604
   vertex -116 2.003 88.7
  endloop
 endfacet
 facet normal -1 0 0
  outer loop
   vertex -116 2.003 88.7
   vertex -116 0 85.703
   vertex -116 -0.619 85.604
  endloop
 endfacet
 facet normal -1 0 0
  outer loop
   vertex -116 -1.177 85.32
   vertex -116 -18.14106 88.7
   vertex -116 -0.619 85.604
  endloop
 endfacet
 facet normal -1 0 -0
  outer loop
   vertex -116 2.003 88.7
   vertex -116 22.998 83.7
   vertex -116 1.62 84.877
  endloop
 endfacet
 facet normal -1 0 0
  outer loop
   vertex -116 1.904 83.081
   vertex -116 2.003 83.7
   vertex -116 23.096 83.081
  endloop
 endfacet
 facet normal -1 0 0
  outer loop
   vertex -116 1.904 84.319
   vertex -116 22.998 83.7
   vertex -116 2.003 83.7
  endloop
 endfacet
 facet normal -1 0 0
  outer loop
   vertex -116 1.177 85.32
   vertex -116 2.003 88.7
   vertex -116 1.62 84.877
  endloop
 endfacet
 facet normal -1 -0 0
  outer loop
   vertex -116 23.096 84.319
   vertex -116 22.998 83.7
   vertex -116 2.003 88.7
  endloop
 endfacet
 facet normal -1 -0 0
  outer loop
   vertex -116 24.381 81.796
   vertex -116 22.998 78.7
   vertex -116 23.823 82.08
  endloop
 endfacet
 facet normal -1 -0 0
  outer loop
   vertex -116 30 88.7
   vertex -116 24.381 85.604
   vertex -116 2.003 88.7
  endloop
 endfacet
 facet normal -1 -0 0
  outer loop
   vertex -116 23.38 84.877
   vertex -116 23.096 84.319
   vertex -116 2.003 88.7
  endloop
 endfacet
 facet normal -1 0 0
  outer loop
   vertex -116 23.096 83.081
   vertex -116 2.003 83.7
   vertex -116 22.998 83.7
  endloop
 endfacet
 facet normal -1 0 0
  outer loop
   vertex -116 1.177 82.08
   vertex -116 1.62 82.523
   vertex -116 22.998 78.7
  endloop
 endfacet
 facet normal -1 0 0
  outer loop
   vertex -116 1.62 82.523
   vertex -116 1.904 83.081
   vertex -116 22.998 78.7
  endloop
 endfacet
 facet normal -1 -0 -0
  outer loop
   vertex -116 23.096 83.081
   vertex -116 23.38 82.523
   vertex -116 1.904 83.081
  endloop
 endfacet
 facet normal -1 0 0
  outer loop
   vertex -116 0.619 81.796
   vertex -116 1.177 82.08
   vertex -116 22.998 78.7
  endloop
 endfacet
 facet normal -1 0 -0
  outer loop
   vertex -116 0 81.698
   vertex -116 0.619 81.796
   vertex -116 -2.003 78.7
  endloop
 endfacet
 facet normal -1 -0 0
  outer loop
   vertex -116 25 81.698
   vertex -116 22.998 78.7
   vertex -116 24.381 81.796
  endloop
 endfacet
 facet normal -1 0 -0
  outer loop
   vertex -116 23.38 82.523
   vertex -116 23.823 82.08
   vertex -116 22.998 78.7
  endloop
 endfacet
 facet normal -1 -0 0
  outer loop
   vertex -116 23.38 82.523
   vertex -116 22.998 78.7
   vertex -116 1.904 83.081
  endloop
 endfacet
 facet normal -1 0 0
  outer loop
   vertex -116 -2.003 78.7
   vertex -116 0.619 81.796
   vertex -116 22.998 78.7
  endloop
 endfacet
 facet normal -1 0 -0
  outer loop
   vertex -116 -23.38 82.523
   vertex -116 -2.003 78.7
   vertex -116 -23.823 82.08
  endloop
 endfacet
 facet normal -1 0 0
  outer loop
   vertex -116 -22.998 83.7
   vertex -116 -23.096 84.319
   vertex -116 -2.003 78.7
  endloop
 endfacet
 facet normal -1 0 0
  outer loop
   vertex -116 -23.38 84.877
   vertex -116 -18.14106 88.7
   vertex -116 -23.096 84.319
  endloop
 endfacet
 facet normal -1 0 0
  outer loop
   vertex -116 -30 78.7
   vertex -116 -30 88.7
   vertex -116 -27.003 83.7
  endloop
 endfacet
 facet normal -1 -0 0
  outer loop
   vertex -116 -26.62 82.523
   vertex -116 -30 78.7
   vertex -116 -26.904 83.081
  endloop
 endfacet
 facet normal -1 0 0
  outer loop
   vertex -116 -23.823 85.32
   vertex -116 -24.381 85.604
   vertex -116 -18.14106 88.7
  endloop
 endfacet
 facet normal -1 0 0
  outer loop
   vertex -116 -25 85.703
   vertex -116 -18.14106 88.7
   vertex -116 -24.381 85.604
  endloop
 endfacet
 facet normal -1 0 0
  outer loop
   vertex -116 -25.619 85.604
   vertex -116 -30 88.7
   vertex -116 -25 85.703
  endloop
 endfacet
 facet normal -1 0 0
  outer loop
   vertex -116 -26.177 85.32
   vertex -116 -30 88.7
   vertex -116 -25.619 85.604
  endloop
 endfacet
 facet normal -1 0 -0
  outer loop
   vertex -116 -18.14106 88.7
   vertex -116 -2.003 78.7
   vertex -116 -23.096 84.319
  endloop
 endfacet
 facet normal -1 0 0
  outer loop
   vertex -116 -23.823 85.32
   vertex -116 -18.14106 88.7
   vertex -116 -23.38 84.877
  endloop
 endfacet
 facet normal -1 -0 0
  outer loop
   vertex -116 -1.904 84.319
   vertex -116 -2.003 83.7
   vertex -116 -18.14106 88.7
  endloop
 endfacet
 facet normal -1 0 0
  outer loop
   vertex -116 -18.14106 88.7
   vertex -116 -2.003 83.7
   vertex -116 -1.904 83.081
  endloop
 endfacet
 facet normal -1 0 0
  outer loop
   vertex -116 -18.14106 88.7
   vertex -116 -1.904 83.081
   vertex -116 -1.62 82.523
  endloop
 endfacet
 facet normal -1 -0 0
  outer loop
   vertex -116 -1.177 82.08
   vertex -116 -2.003 78.7
   vertex -116 -1.62 82.523
  endloop
 endfacet
 facet normal -1 -0 0
  outer loop
   vertex -116 0 81.698
   vertex -116 -2.003 78.7
   vertex -116 -0.619 81.796
  endloop
 endfacet
 facet normal -1 0 0
  outer loop
   vertex -116 -1.62 84.877
   vertex -116 -18.14106 88.7
   vertex -116 -1.177 85.32
  endloop
 endfacet
 facet normal -1 -0 0
  outer loop
   vertex -116 -1.62 84.877
   vertex -116 -1.904 84.319
   vertex -116 -18.14106 88.7
  endloop
 endfacet
 facet normal -1 -0 0
  outer loop
   vertex -116 2.003 88.7
   vertex -116 -0.619 85.604
   vertex -116 -18.14106 88.7
  endloop
 endfacet
 facet normal -1 0 0
  outer loop
   vertex -116 -2.003 78.7
   vertex -116 -30 78.7
   vertex -116 -24.381 81.796
  endloop
 endfacet
 facet normal -1 0 0
  outer loop
   vertex -116 -24.381 81.796
   vertex -116 -23.823 82.08
   vertex -116 -2.003 78.7
  endloop
 endfacet
 facet normal -1 0 -0
  outer loop
   vertex -116 -25 81.698
   vertex -116 -24.381 81.796
   vertex -116 -30 78.7
  endloop
 endfacet
 facet normal -1 0 0
  outer loop
   vertex -116 -18.14106 88.7
   vertex -116 -1.62 82.523
   vertex -116 -2.003 78.7
  endloop
 endfacet
 facet normal -1 0 0
  outer loop
   vertex -116 -23.096 83.081
   vertex -116 -22.998 83.7
   vertex -116 -2.003 78.7
  endloop
 endfacet
 facet normal -1 0 -0
  outer loop
   vertex -116 -23.096 83.081
   vertex -116 -2.003 78.7
   vertex -116 -23.38 82.523
  endloop
 endfacet
 facet normal -1 0 -0
  outer loop
   vertex -116 -25.619 81.796
   vertex -116 -25 81.698
   vertex -116 -30 78.7
  endloop
 endfacet
 facet normal -1 0 -0
  outer loop
   vertex -116 -26.177 82.08
   vertex -116 -25.619 81.796
   vertex -116 -30 78.7
  endloop
 endfacet
 facet normal -1 -0 0
  outer loop
   vertex -116 -26.177 85.32
   vertex -116 -26.62 84.877
   vertex -116 -30 88.7
  endloop
 endfacet
 facet normal -1 -0 0
  outer loop
   vertex -116 -26.904 84.319
   vertex -116 -27.003 83.7
   vertex -116 -30 88.7
  endloop
 endfacet
 facet normal -1 0 -0
  outer loop
   vertex -116 -27.003 83.7
   vertex -116 -26.904 83.081
   vertex -116 -30 78.7
  endloop
 endfacet
 facet normal -1 -0 0
  outer loop
   vertex -116 -26.177 82.08
   vertex -116 -30 78.7
   vertex -116 -26.62 82.523
  endloop
 endfacet
 facet normal -1 -0 0
  outer loop
   vertex -116 -18.14106 88.7
   vertex -116 -25 85.703
   vertex -116 -30 88.7
  endloop
 endfacet
 facet normal -1 -0 0
  outer loop
   vertex -116 -26.62 84.877
   vertex -116 -26.904 84.319
   vertex -116 -30 88.7
  endloop
 endfacet
 facet normal 0 0 -1
  outer loop
   vertex -90 7.689 78.7
   vertex -116 22.998 78.7
   vertex -90 23.064 78.7
  endloop
 endfacet
 facet normal 0 0 -1
  outer loop
   vertex -116 30 78.7
   vertex -90 23.064 78.7
   vertex -116 22.998 78.7
  endloop
 endfacet
 facet normal 0 0 -1
  outer loop
   vertex -116 -2.003 78.7
   vertex -90 -23.061 78.7
   vertex -116 -30 78.7
  endloop
 endfacet
 facet normal 0 0 1
  outer loop
   vertex -108 30 88.7
   vertex -116 30 88.7
   vertex -116 2.003 88.7
  endloop
 endfacet
 facet normal -0 0 1
  outer loop
   vertex -116 2.003 88.7
   vertex -108 -18.14106 88.7
   vertex -108 30 88.7
  endloop
 endfacet
 facet normal 0 0 1
  outer loop
   vertex -108 -18.14106 88.7
   vertex -116 2.003 88.7
   vertex -116 -18.14106 88.7
  endloop
 endfacet
 facet normal 0 -0 1
  outer loop
   vertex -108 -30 88.7
   vertex -108 -18.14106 88.7
   vertex -116 -18.14106 88.7
  endloop
 endfacet
 facet normal 0 0 1
  outer loop
   vertex -108 -30 88.7
   vertex -116 -18.14106 88.7
   vertex -116 -30 88.7
  endloop
 endfacet
 facet normal 0 -0.1563725 0.9876982
  outer loop
   vertex -112.003 25 81.698
   vertex -112.003 25.619 81.796
   vertex -116 25.619 81.796
  endloop
 endfacet
 facet normal 0 -0.1563725 0.9876982
  outer loop
   vertex -112.003 25 81.698
   vertex -116 25.619 81.796
   vertex -116 25 81.698
  endloop
 endfacet
 facet normal 0 -0.4535906 0.8912102
  outer loop
   vertex -112.003 25.619 81.796
   vertex -112.003 26.177 82.08
   vertex -116 26.177 82.08
  endloop
 endfacet
 facet normal 0 -0.4535906 0.8912102
  outer loop
   vertex -112.003 25.619 81.796
   vertex -116 26.177 82.08
   vertex -116 25.619 81.796
  endloop
 endfacet
 facet normal 1 -0 0
  outer loop
   vertex -112.003 25 81.698
   vertex -112.003 27.001 80.198
   vertex -112.003 25.619 81.796
  endloop
 endfacet
 facet normal 0 -0.707106 0.7071075
  outer loop
   vertex -112.003 26.177 82.08
   vertex -112.003 26.62 82.523
   vertex -116 26.62 82.523
  endloop
 endfacet
 facet normal 0 -0.707106 0.7071075
  outer loop
   vertex -112.003 26.177 82.08
   vertex -116 26.62 82.523
   vertex -116 26.177 82.08
  endloop
 endfacet
 facet normal 1 -0 0
  outer loop
   vertex -112.003 26.177 82.08
   vertex -112.003 27.001 80.198
   vertex -112.003 26.62 82.523
  endloop
 endfacet
 facet normal 0 -0.8912111 0.4535888
  outer loop
   vertex -112.003 26.62 82.523
   vertex -112.003 26.904 83.081
   vertex -116 26.904 83.081
  endloop
 endfacet
 facet normal 0 -0.8912111 0.4535888
  outer loop
   vertex -112.003 26.62 82.523
   vertex -116 26.904 83.081
   vertex -116 26.62 82.523
  endloop
 endfacet
 facet normal 1 0 0
  outer loop
   vertex -112.003 26.62 82.523
   vertex -112.003 29.002 83.7
   vertex -112.003 26.904 83.081
  endloop
 endfacet
 facet normal -0 0.8912111 0.4535888
  outer loop
   vertex -116 23.38 82.523
   vertex -112.003 23.096 83.081
   vertex -112.003 23.38 82.523
  endloop
 endfacet
 facet normal -0 0.707106 0.7071075
  outer loop
   vertex -116 23.38 82.523
   vertex -112.003 23.38 82.523
   vertex -112.003 23.823 82.08
  endloop
 endfacet
 facet normal 0 0.707106 0.7071075
  outer loop
   vertex -116 23.38 82.523
   vertex -112.003 23.823 82.08
   vertex -116 23.823 82.08
  endloop
 endfacet
 facet normal 0 0.4535906 0.8912102
  outer loop
   vertex -112.003 23.823 82.08
   vertex -112.003 24.381 81.796
   vertex -116 24.381 81.796
  endloop
 endfacet
 facet normal 0 0.4535906 0.8912102
  outer loop
   vertex -112.003 23.823 82.08
   vertex -116 24.381 81.796
   vertex -116 23.823 82.08
  endloop
 endfacet
 facet normal 1 0 0
  outer loop
   vertex -112.003 24.381 81.796
   vertex -112.003 23.823 82.08
   vertex -112.003 22.999 80.198
  endloop
 endfacet
 facet normal 1 0 0
  outer loop
   vertex -112.003 20.998 83.7
   vertex -112.003 22.999 80.198
   vertex -112.003 23.38 82.523
  endloop
 endfacet
 facet normal -0 0.1563725 0.9876982
  outer loop
   vertex -116 24.381 81.796
   vertex -112.003 24.381 81.796
   vertex -112.003 25 81.698
  endloop
 endfacet
 facet normal 0 0.1563725 0.9876982
  outer loop
   vertex -116 24.381 81.796
   vertex -112.003 25 81.698
   vertex -116 25 81.698
  endloop
 endfacet
 facet normal -0 0 1
  outer loop
   vertex -20 -11.436 81.7
   vertex -10 -15.375 81.7
   vertex -10 -7.686 81.7
  endloop
 endfacet
 facet normal 0 0 1
  outer loop
   vertex 0 -11.625 81.7
   vertex -10 -7.686 81.7
   vertex -10 -15.375 81.7
  endloop
 endfacet
 facet normal 0 0 1
  outer loop
   vertex -10 -23.061 81.7
   vertex 0 -19.125 81.7
   vertex -10 -15.375 81.7
  endloop
 endfacet
 facet normal 0 0 1
  outer loop
   vertex 0 -11.625 81.7
   vertex -10 -15.375 81.7
   vertex 0 -19.125 81.7
  endloop
 endfacet
 facet normal 0 0 1
  outer loop
   vertex 0 -3.75 81.7
   vertex -10 0 81.7
   vertex -10 -7.686 81.7
  endloop
 endfacet
 facet normal 0 0 1
  outer loop
   vertex -30 -15.375 81.7
   vertex -20 -11.436 81.7
   vertex -30 -7.686 81.7
  endloop
 endfacet
 facet normal 0 -0 1
  outer loop
   vertex -30 -15.375 81.7
   vertex -30 -7.686 81.7
   vertex -40 -11.625 81.7
  endloop
 endfacet
 facet normal 0 0 1
  outer loop
   vertex -10 0 81.7
   vertex -20 -3.936 81.7
   vertex -10 -7.686 81.7
  endloop
 endfacet
 facet normal 0 0 1
  outer loop
   vertex -20 -11.436 81.7
   vertex -10 -7.686 81.7
   vertex -20 -3.936 81.7
  endloop
 endfacet
 facet normal 0 0 1
  outer loop
   vertex -20 -3.936 81.7
   vertex -30 -7.686 81.7
   vertex -20 -11.436 81.7
  endloop
 endfacet
 facet normal 0 0 1
  outer loop
   vertex -40 3.75 81.7
   vertex -50 7.689 81.7
   vertex -50 0 81.7
  endloop
 endfacet
 facet normal -0 0 1
  outer loop
   vertex -60 3.939 81.7
   vertex -50 0 81.7
   vertex -50 7.689 81.7
  endloop
 endfacet
 facet normal 0 -0 1
  outer loop
   vertex -30 7.689 81.7
   vertex -30 15.375 81.7
   vertex -40 11.625 81.7
  endloop
 endfacet
 facet normal 0 0 1
  outer loop
   vertex 0 28 81.7
   vertex -82.54065 28 81.7
   vertex -40 27 81.7
  endloop
 endfacet
 facet normal 0 0 1
  outer loop
   vertex -30 23.064 81.7
   vertex -10 23.064 81.7
   vertex 0 28 81.7
  endloop
 endfacet
 facet normal -0 0 1
  outer loop
   vertex -40 27 81.7
   vertex -30 23.064 81.7
   vertex 0 28 81.7
  endloop
 endfacet
 facet normal -0 0 1
  outer loop
   vertex -60 19.314 81.7
   vertex -50 15.375 81.7
   vertex -50 23.064 81.7
  endloop
 endfacet
 facet normal 0 0 1
  outer loop
   vertex -40 19.125 81.7
   vertex -50 15.375 81.7
   vertex -40 11.625 81.7
  endloop
 endfacet
 facet normal 0 0 1
  outer loop
   vertex -50 7.689 81.7
   vertex -40 11.625 81.7
   vertex -50 15.375 81.7
  endloop
 endfacet
 facet normal 0 0 1
  outer loop
   vertex -40 11.625 81.7
   vertex -30 15.375 81.7
   vertex -40 19.125 81.7
  endloop
 endfacet
 facet normal 0 0 1
  outer loop
   vertex -50 15.375 81.7
   vertex -60 11.439 81.7
   vertex -50 7.689 81.7
  endloop
 endfacet
 facet normal 0 0 1
  outer loop
   vertex -50 23.064 81.7
   vertex -50 15.375 81.7
   vertex -40 19.125 81.7
  endloop
 endfacet
 facet normal 0 0 1
  outer loop
   vertex -60 3.939 81.7
   vertex -50 7.689 81.7
   vertex -60 11.439 81.7
  endloop
 endfacet
 facet normal 0 0 1
  outer loop
   vertex -60 11.439 81.7
   vertex -70 7.689 81.7
   vertex -60 3.939 81.7
  endloop
 endfacet
 facet normal 0 0 1
  outer loop
   vertex -60 11.439 81.7
   vertex -70 15.375 81.7
   vertex -70 7.689 81.7
  endloop
 endfacet
 facet normal 0 0 1
  outer loop
   vertex -70 0 81.7
   vertex -60 3.939 81.7
   vertex -70 7.689 81.7
  endloop
 endfacet
 facet normal 0 -0 1
  outer loop
   vertex -50 23.064 81.7
   vertex -40 27 81.7
   vertex -80 27 81.7
  endloop
 endfacet
 facet normal 0 0 1
  outer loop
   vertex -82.54065 28 81.7
   vertex -80 27 81.7
   vertex -40 27 81.7
  endloop
 endfacet
 facet normal 0 -0 1
  outer loop
   vertex -60 19.314 81.7
   vertex -50 23.064 81.7
   vertex -70 23.064 81.7
  endloop
 endfacet
 facet normal -0 0 1
  outer loop
   vertex -50 0 81.7
   vertex -40 -3.75 81.7
   vertex -40 3.75 81.7
  endloop
 endfacet
 facet normal 0 0 1
  outer loop
   vertex -30 0 81.7
   vertex -40 -3.75 81.7
   vertex -30 -7.686 81.7
  endloop
 endfacet
 facet normal 0 0 1
  outer loop
   vertex -50 0 81.7
   vertex -60 -3.936 81.7
   vertex -50 -7.686 81.7
  endloop
 endfacet
 facet normal 0 0 1
  outer loop
   vertex -40 -3.75 81.7
   vertex -50 0 81.7
   vertex -50 -7.686 81.7
  endloop
 endfacet
 facet normal 0 0 1
  outer loop
   vertex -30 0 81.7
   vertex -40 3.75 81.7
   vertex -40 -3.75 81.7
  endloop
 endfacet
 facet normal 0 0 1
  outer loop
   vertex -60 -3.936 81.7
   vertex -60 -11.436 81.7
   vertex -50 -7.686 81.7
  endloop
 endfacet
 facet normal 0 0 1
  outer loop
   vertex -40 -11.625 81.7
   vertex -50 -7.686 81.7
   vertex -50 -15.375 81.7
  endloop
 endfacet
 facet normal -0 0 1
  outer loop
   vertex -60 -11.436 81.7
   vertex -50 -15.375 81.7
   vertex -50 -7.686 81.7
  endloop
 endfacet
 facet normal 0 0 1
  outer loop
   vertex -70 0 81.7
   vertex -70 -7.686 81.7
   vertex -60 -3.936 81.7
  endloop
 endfacet
 facet normal 0 -0 1
  outer loop
   vertex -50 -23.061 81.7
   vertex -50 -15.375 81.7
   vertex -60 -19.311 81.7
  endloop
 endfacet
 facet normal 0 0 1
  outer loop
   vertex -40 -19.125 81.7
   vertex -50 -15.375 81.7
   vertex -50 -23.061 81.7
  endloop
 endfacet
 facet normal 0 -0 1
  outer loop
   vertex -30 -23.061 81.7
   vertex -30 -15.375 81.7
   vertex -40 -19.125 81.7
  endloop
 endfacet
 facet normal 0 0 1
  outer loop
   vertex -40 -19.125 81.7
   vertex -30 -15.375 81.7
   vertex -40 -11.625 81.7
  endloop
 endfacet
 facet normal -0 0 1
  outer loop
   vertex -50 -15.375 81.7
   vertex -40 -19.125 81.7
   vertex -40 -11.625 81.7
  endloop
 endfacet
 facet normal 0 0 1
  outer loop
   vertex -65.536 -28 81.7
   vertex -40 -27 81.7
   vertex -50 -23.061 81.7
  endloop
 endfacet
 facet normal 0 0 1
  outer loop
   vertex -80 19.125 81.7
   vertex -80 11.625 81.7
   vertex -70 15.375 81.7
  endloop
 endfacet
 facet normal 0 0 1
  outer loop
   vertex -70 23.064 81.7
   vertex -80 19.125 81.7
   vertex -70 15.375 81.7
  endloop
 endfacet
 facet normal 0 0 1
  outer loop
   vertex -70 15.375 81.7
   vertex -60 19.314 81.7
   vertex -70 23.064 81.7
  endloop
 endfacet
 facet normal 0 0 1
  outer loop
   vertex -80 27 81.7
   vertex -82.54065 28 81.7
   vertex -90 23.064 81.7
  endloop
 endfacet
 facet normal -0 0 1
  outer loop
   vertex -99.998 27.85922 81.7
   vertex -90 23.064 81.7
   vertex -82.54065 28 81.7
  endloop
 endfacet
 facet normal 0 0 1
  outer loop
   vertex -82.54065 28 81.7
   vertex -108 28 81.7
   vertex -99.998 27.85922 81.7
  endloop
 endfacet
 facet normal 0 -0 1
  outer loop
   vertex -70 23.064 81.7
   vertex -50 23.064 81.7
   vertex -80 27 81.7
  endloop
 endfacet
 facet normal -0 0 1
  outer loop
   vertex -99.998 -2.859225 81.7
   vertex -90 -7.686 81.7
   vertex -99.998 2.859225 81.7
  endloop
 endfacet
 facet normal 0 0 1
  outer loop
   vertex -90 23.064 81.7
   vertex -99.998 22.14078 81.7
   vertex -90 7.689 81.7
  endloop
 endfacet
 facet normal 0 0 1
  outer loop
   vertex -70 7.689 81.7
   vertex -80 3.75 81.7
   vertex -70 0 81.7
  endloop
 endfacet
 facet normal 0 0 1
  outer loop
   vertex -80 19.125 81.7
   vertex -90 23.064 81.7
   vertex -90 7.689 81.7
  endloop
 endfacet
 facet normal 0 0 1
  outer loop
   vertex -99.998 27.85922 81.7
   vertex -99.998 22.14078 81.7
   vertex -90 23.064 81.7
  endloop
 endfacet
 facet normal 0 0 1
  outer loop
   vertex -99.998 2.859225 81.7
   vertex -90 7.689 81.7
   vertex -99.998 22.14078 81.7
  endloop
 endfacet
 facet normal 0 0 1
  outer loop
   vertex -108 2.859225 81.7
   vertex -99.998 2.859225 81.7
   vertex -99.998 22.14078 81.7
  endloop
 endfacet
 facet normal 0 -0 1
  outer loop
   vertex -70 7.689 81.7
   vertex -70 15.375 81.7
   vertex -80 11.625 81.7
  endloop
 endfacet
 facet normal 0 -0 1
  outer loop
   vertex -80 11.625 81.7
   vertex -80 19.125 81.7
   vertex -90 7.689 81.7
  endloop
 endfacet
 facet normal 0 0 1
  outer loop
   vertex -60 -11.436 81.7
   vertex -70 -7.686 81.7
   vertex -70 -15.375 81.7
  endloop
 endfacet
 facet normal 0 -0 1
  outer loop
   vertex -70 -7.686 81.7
   vertex -70 0 81.7
   vertex -80 -3.75 81.7
  endloop
 endfacet
 facet normal 0 -0 1
  outer loop
   vertex -60 -11.436 81.7
   vertex -60 -3.936 81.7
   vertex -70 -7.686 81.7
  endloop
 endfacet
 facet normal 0 0 1
  outer loop
   vertex -80 3.75 81.7
   vertex -80 -3.75 81.7
   vertex -70 0 81.7
  endloop
 endfacet
 facet normal 0 -0 1
  outer loop
   vertex -80 -3.75 81.7
   vertex -80 3.75 81.7
   vertex -90 -7.686 81.7
  endloop
 endfacet
 facet normal 0 0 1
  outer loop
   vertex -90 7.689 81.7
   vertex -90 -7.686 81.7
   vertex -80 3.75 81.7
  endloop
 endfacet
 facet normal 0 0 1
  outer loop
   vertex -90 7.689 81.7
   vertex -99.998 2.859225 81.7
   vertex -90 -7.686 81.7
  endloop
 endfacet
 facet normal 0 0 1
  outer loop
   vertex -90 -7.686 81.7
   vertex -90 -23.061 81.7
   vertex -80 -11.625 81.7
  endloop
 endfacet
 facet normal 0 -0 1
  outer loop
   vertex -80 -19.125 81.7
   vertex -80 -11.625 81.7
   vertex -90 -23.061 81.7
  endloop
 endfacet
 facet normal 0 -0 1
  outer loop
   vertex -65.536 -28 81.7
   vertex -60 -19.311 81.7
   vertex -70 -23.061 81.7
  endloop
 endfacet
 facet normal -0 0 1
  outer loop
   vertex -80 -19.125 81.7
   vertex -70 -23.061 81.7
   vertex -70 -15.375 81.7
  endloop
 endfacet
 facet normal 0 0 1
  outer loop
   vertex -70 -15.375 81.7
   vertex -70 -23.061 81.7
   vertex -60 -19.311 81.7
  endloop
 endfacet
 facet normal 0 0 1
  outer loop
   vertex -70 -7.686 81.7
   vertex -80 -11.625 81.7
   vertex -70 -15.375 81.7
  endloop
 endfacet
 facet normal 0 0 1
  outer loop
   vertex -80 -19.125 81.7
   vertex -70 -15.375 81.7
   vertex -80 -11.625 81.7
  endloop
 endfacet
 facet normal 0 0 1
  outer loop
   vertex -82.53872 -28 81.7
   vertex -90 -23.061 81.7
   vertex -99.997 -27.85922 81.7
  endloop
 endfacet
 facet normal 0 0 1
  outer loop
   vertex -90 -7.686 81.7
   vertex -99.997 -22.14078 81.7
   vertex -90 -23.061 81.7
  endloop
 endfacet
 facet normal 0 0 1
  outer loop
   vertex -99.997 -27.85922 81.7
   vertex -90 -23.061 81.7
   vertex -99.997 -22.14078 81.7
  endloop
 endfacet
 facet normal 0 0 1
  outer loop
   vertex -80 -27 81.7
   vertex -90 -23.061 81.7
   vertex -82.53872 -28 81.7
  endloop
 endfacet
 facet normal 0 0 1
  outer loop
   vertex -82.53872 -28 81.7
   vertex -99.997 -27.85922 81.7
   vertex -108 -28 81.7
  endloop
 endfacet
 facet normal 0 0 1
  outer loop
   vertex -50 -23.061 81.7
   vertex -60 -19.311 81.7
   vertex -65.536 -28 81.7
  endloop
 endfacet
 facet normal 0 0 1
  outer loop
   vertex -65.536 -28 81.7
   vertex -70 -23.061 81.7
   vertex -80 -27 81.7
  endloop
 endfacet
 facet normal 0 0 1
  outer loop
   vertex -65.536 -28 81.7
   vertex -80 -27 81.7
   vertex -82.53872 -28 81.7
  endloop
 endfacet
 facet normal 0 0 1
  outer loop
   vertex -90 -7.686 81.7
   vertex -99.998 -2.859225 81.7
   vertex -99.997 -22.14078 81.7
  endloop
 endfacet
 facet normal 0 0 1
  outer loop
   vertex -108 -22.14078 81.7
   vertex -99.997 -22.14078 81.7
   vertex -99.998 -2.859225 81.7
  endloop
 endfacet
 facet normal 0.3662512 -0.930516 0
  outer loop
   vertex 70 23.064 78.7
   vertex 80 27 81.7
   vertex 70 23.064 81.7
  endloop
 endfacet
 facet normal 0.3662512 -0.930516 0
  outer loop
   vertex 80 27 78.7
   vertex 80 27 81.7
   vertex 70 23.064 78.7
  endloop
 endfacet
 facet normal 0 -0.8682583 0.4961124
  outer loop
   vertex 99.998 27.85922 81.7
   vertex 99.998 27.001 80.198
   vertex 108 27.85922 81.7
  endloop
 endfacet
 facet normal 0.3664927 0.9304209 0
  outer loop
   vertex 70 23.064 81.7
   vertex 80 19.125 81.7
   vertex 70 23.064 78.7
  endloop
 endfacet
 facet normal -0.3664927 -0.9304209 -0
  outer loop
   vertex 70 15.375 81.7
   vertex 60 19.314 81.7
   vertex 70 15.375 78.7
  endloop
 endfacet
 facet normal -0.3662511 0.9305161 0
  outer loop
   vertex 70 15.375 81.7
   vertex 70 15.375 78.7
   vertex 60 11.439 81.7
  endloop
 endfacet
 facet normal -0.3662512 -0.930516 -0
  outer loop
   vertex 80 27 81.7
   vertex 80 27 78.7
   vertex 90 23.064 81.7
  endloop
 endfacet
 facet normal -0.3662512 -0.930516 0
  outer loop
   vertex 90 23.064 78.7
   vertex 90 23.064 81.7
   vertex 80 27 78.7
  endloop
 endfacet
 facet normal 1 0 0
  outer loop
   vertex 99.998 27.85922 81.7
   vertex 99.998 22.14078 81.7
   vertex 99.998 27.001 80.198
  endloop
 endfacet
 facet normal 0 -0.8682583 0.4961124
  outer loop
   vertex 112.003 27.001 80.198
   vertex 108 27.85922 81.7
   vertex 99.998 27.001 80.198
  endloop
 endfacet
 facet normal -0.3664927 0.9304209 0
  outer loop
   vertex 80 19.125 78.7
   vertex 80 19.125 81.7
   vertex 90 23.064 78.7
  endloop
 endfacet
 facet normal -0.3664927 0.9304209 0
  outer loop
   vertex 90 23.064 81.7
   vertex 90 23.064 78.7
   vertex 80 19.125 81.7
  endloop
 endfacet
 facet normal 1 0 0
  outer loop
   vertex 99.998 27.001 80.198
   vertex 99.998 22.14078 81.7
   vertex 99.998 22.999 80.198
  endloop
 endfacet
 facet normal 0 0.8682583 0.4961124
  outer loop
   vertex 99.998 22.999 80.198
   vertex 99.998 22.14078 81.7
   vertex 108 22.14078 81.7
  endloop
 endfacet
 facet normal 0.3664927 0.9304209 -0
  outer loop
   vertex 80 19.125 78.7
   vertex 70 23.064 78.7
   vertex 80 19.125 81.7
  endloop
 endfacet
 facet normal -0.3664928 0.9304209 0
  outer loop
   vertex 80 3.75 81.7
   vertex 90 7.689 81.7
   vertex 80 3.75 78.7
  endloop
 endfacet
 facet normal -0.3664928 0.9304209 0
  outer loop
   vertex 90 7.689 78.7
   vertex 80 3.75 78.7
   vertex 90 7.689 81.7
  endloop
 endfacet
 facet normal 0 -0.8682583 0.4961123
  outer loop
   vertex 99.998 2.859225 81.7
   vertex 99.998 2.001 80.198
   vertex 108 2.859225 81.7
  endloop
 endfacet
 facet normal 0.3662511 -0.9305161 0
  outer loop
   vertex 80 11.625 81.7
   vertex 70 7.689 81.7
   vertex 70 7.689 78.7
  endloop
 endfacet
 facet normal 0.3662511 -0.9305161 0
  outer loop
   vertex 80 11.625 81.7
   vertex 70 7.689 78.7
   vertex 80 11.625 78.7
  endloop
 endfacet
 facet normal -0.3662511 -0.9305161 0
  outer loop
   vertex 90 7.689 78.7
   vertex 90 7.689 81.7
   vertex 80 11.625 78.7
  endloop
 endfacet
 facet normal -0.3662511 -0.9305161 -0
  outer loop
   vertex 80 11.625 81.7
   vertex 80 11.625 78.7
   vertex 90 7.689 81.7
  endloop
 endfacet
 facet normal 0.3664928 0.9304209 -0
  outer loop
   vertex 70 7.689 78.7
   vertex 70 7.689 81.7
   vertex 80 3.75 78.7
  endloop
 endfacet
 facet normal 0.3664928 0.9304209 0
  outer loop
   vertex 80 3.75 81.7
   vertex 80 3.75 78.7
   vertex 70 7.689 81.7
  endloop
 endfacet
 facet normal -0.3662512 0.930516 0
  outer loop
   vertex 60 -19.311 81.7
   vertex 70 -15.375 81.7
   vertex 70 -15.375 78.7
  endloop
 endfacet
 facet normal 0.3664927 0.9304209 0
  outer loop
   vertex 70 -23.061 81.7
   vertex 80 -27 78.7
   vertex 70 -23.061 78.7
  endloop
 endfacet
 facet normal 0.3664927 0.9304209 0
  outer loop
   vertex 80 -27 81.7
   vertex 80 -27 78.7
   vertex 70 -23.061 81.7
  endloop
 endfacet
 facet normal 0 0.8682583 0.4961124
  outer loop
   vertex 112.003 -27.001 80.198
   vertex 99.998 -27.001 80.198
   vertex 108 -27.85922 81.7
  endloop
 endfacet
 facet normal 0.3662512 -0.930516 0
  outer loop
   vertex 70 -23.061 81.7
   vertex 70 -23.061 78.7
   vertex 80 -19.125 78.7
  endloop
 endfacet
 facet normal -0.3664928 -0.9304209 0
  outer loop
   vertex 70 -15.375 78.7
   vertex 70 -15.375 81.7
   vertex 60 -11.436 81.7
  endloop
 endfacet
 facet normal -0.3662511 -0.9305161 -0
  outer loop
   vertex 90 -7.686 81.7
   vertex 80 -3.75 81.7
   vertex 90 -7.686 78.7
  endloop
 endfacet
 facet normal -0.3662511 -0.9305161 0
  outer loop
   vertex 90 -7.686 78.7
   vertex 80 -3.75 81.7
   vertex 80 -3.75 78.7
  endloop
 endfacet
 facet normal 1 0 0
  outer loop
   vertex 99.998 2.859225 81.7
   vertex 99.998 -2.859225 81.7
   vertex 99.998 -2.001 80.198
  endloop
 endfacet
 facet normal 1 0 0
  outer loop
   vertex 99.998 2.859225 81.7
   vertex 99.998 -2.001 80.198
   vertex 99.998 2.001 80.198
  endloop
 endfacet
 facet normal 0 0.8682583 0.4961123
  outer loop
   vertex 99.998 -2.001 80.198
   vertex 99.998 -2.859225 81.7
   vertex 108 -2.859225 81.7
  endloop
 endfacet
 facet normal 0.3664928 0.9304209 0
  outer loop
   vertex 70 -7.686 81.7
   vertex 80 -11.625 81.7
   vertex 70 -7.686 78.7
  endloop
 endfacet
 facet normal 0.3664928 0.9304209 -0
  outer loop
   vertex 80 -11.625 78.7
   vertex 70 -7.686 78.7
   vertex 80 -11.625 81.7
  endloop
 endfacet
 facet normal -0.3664928 0.9304209 0
  outer loop
   vertex 90 -7.686 81.7
   vertex 90 -7.686 78.7
   vertex 80 -11.625 81.7
  endloop
 endfacet
 facet normal -0.3664928 0.9304209 0
  outer loop
   vertex 80 -11.625 81.7
   vertex 90 -7.686 78.7
   vertex 80 -11.625 78.7
  endloop
 endfacet
 facet normal -0.3664927 0.9304209 0
  outer loop
   vertex 80 -27 81.7
   vertex 90 -23.061 78.7
   vertex 80 -27 78.7
  endloop
 endfacet
 facet normal -0.3664927 0.9304209 0
  outer loop
   vertex 90 -23.061 78.7
   vertex 80 -27 81.7
   vertex 90 -23.061 81.7
  endloop
 endfacet
 facet normal 1 0 0
  outer loop
   vertex 99.998 -22.14078 81.7
   vertex 99.998 -27.85922 81.7
   vertex 99.998 -22.999 80.198
  endloop
 endfacet
 facet normal -0 0.8682583 0.4961124
  outer loop
   vertex 99.998 -27.85922 81.7
   vertex 108 -27.85922 81.7
   vertex 99.998 -27.001 80.198
  endloop
 endfacet
 facet normal 0.3662512 -0.930516 0
  outer loop
   vertex 80 -19.125 81.7
   vertex 70 -23.061 81.7
   vertex 80 -19.125 78.7
  endloop
 endfacet
 facet normal -0.3662512 -0.930516 -0
  outer loop
   vertex 90 -23.061 81.7
   vertex 80 -19.125 81.7
   vertex 90 -23.061 78.7
  endloop
 endfacet
 facet normal -0.3662512 -0.930516 -0
  outer loop
   vertex 80 -19.125 81.7
   vertex 80 -19.125 78.7
   vertex 90 -23.061 78.7
  endloop
 endfacet
 facet normal 1 0 -0
  outer loop
   vertex 99.998 -27.001 80.198
   vertex 99.998 -22.999 80.198
   vertex 99.998 -27.85922 81.7
  endloop
 endfacet
 facet normal 0.3662511 -0.9305161 0
  outer loop
   vertex 80 -3.75 78.7
   vertex 80 -3.75 81.7
   vertex 70 -7.686 81.7
  endloop
 endfacet
 facet normal 0.3662511 -0.9305161 0
  outer loop
   vertex 80 -3.75 78.7
   vertex 70 -7.686 81.7
   vertex 70 -7.686 78.7
  endloop
 endfacet
 facet normal -0.3662511 0.930516 0
  outer loop
   vertex 70 0 78.7
   vertex 60 -3.936 78.7
   vertex 60 -3.936 81.7
  endloop
 endfacet
 facet normal -0.3662511 0.930516 0
  outer loop
   vertex 70 0 78.7
   vertex 60 -3.936 81.7
   vertex 70 0 81.7
  endloop
 endfacet
 facet normal 0.3664928 0.9304209 -0
  outer loop
   vertex 40 3.75 78.7
   vertex 30 7.689 81.7
   vertex 40 3.75 81.7
  endloop
 endfacet
 facet normal 0.3662511 -0.9305161 0
  outer loop
   vertex 30 7.689 78.7
   vertex 40 11.625 78.7
   vertex 30 7.689 81.7
  endloop
 endfacet
 facet normal 0.3662511 -0.9305161 0
  outer loop
   vertex 40 11.625 81.7
   vertex 30 7.689 81.7
   vertex 40 11.625 78.7
  endloop
 endfacet
 facet normal -0.3662511 -0.9305161 -0
  outer loop
   vertex 40 11.625 81.7
   vertex 40 11.625 78.7
   vertex 50 7.689 81.7
  endloop
 endfacet
 facet normal -0.3662511 -0.9305161 0
  outer loop
   vertex 50 7.689 78.7
   vertex 50 7.689 81.7
   vertex 40 11.625 78.7
  endloop
 endfacet
 facet normal -0.3664927 -0.9304209 -0
  outer loop
   vertex 60 19.314 81.7
   vertex 60 19.314 78.7
   vertex 70 15.375 78.7
  endloop
 endfacet
 facet normal 0.3662511 0.9305161 0
  outer loop
   vertex 50 15.375 81.7
   vertex 60 11.439 81.7
   vertex 50 15.375 78.7
  endloop
 endfacet
 facet normal 0.3662511 0.9305161 -0
  outer loop
   vertex 60 11.439 78.7
   vertex 50 15.375 78.7
   vertex 60 11.439 81.7
  endloop
 endfacet
 facet normal 0.3664927 -0.9304209 0
  outer loop
   vertex 60 19.314 78.7
   vertex 60 19.314 81.7
   vertex 50 15.375 81.7
  endloop
 endfacet
 facet normal 0.3664927 -0.9304209 0
  outer loop
   vertex 60 19.314 78.7
   vertex 50 15.375 81.7
   vertex 50 15.375 78.7
  endloop
 endfacet
 facet normal 0.3662512 -0.930516 0
  outer loop
   vertex 40 27 81.7
   vertex 30 23.064 81.7
   vertex 30 23.064 78.7
  endloop
 endfacet
 facet normal 0.3662512 -0.930516 0
  outer loop
   vertex 40 27 81.7
   vertex 30 23.064 78.7
   vertex 40 27 78.7
  endloop
 endfacet
 facet normal -0.3662512 -0.930516 0
  outer loop
   vertex 50 23.064 81.7
   vertex 40 27 81.7
   vertex 40 27 78.7
  endloop
 endfacet
 facet normal -0.3662512 -0.930516 -0
  outer loop
   vertex 50 23.064 81.7
   vertex 40 27 78.7
   vertex 50 23.064 78.7
  endloop
 endfacet
 facet normal 0.3664927 0.9304209 -0
  outer loop
   vertex 40 19.125 78.7
   vertex 30 23.064 81.7
   vertex 40 19.125 81.7
  endloop
 endfacet
 facet normal -0.3664927 0.9304209 0
  outer loop
   vertex 50 23.064 81.7
   vertex 50 23.064 78.7
   vertex 40 19.125 78.7
  endloop
 endfacet
 facet normal -0.3664927 0.9304209 0
  outer loop
   vertex 50 23.064 81.7
   vertex 40 19.125 78.7
   vertex 40 19.125 81.7
  endloop
 endfacet
 facet normal -0.3664928 0.9304209 0
  outer loop
   vertex 50 7.689 81.7
   vertex 50 7.689 78.7
   vertex 40 3.75 78.7
  endloop
 endfacet
 facet normal -0.3664928 0.9304209 0
  outer loop
   vertex 50 7.689 81.7
   vertex 40 3.75 78.7
   vertex 40 3.75 81.7
  endloop
 endfacet
 facet normal -0.3662511 0.9305161 0
  outer loop
   vertex 70 15.375 78.7
   vertex 60 11.439 78.7
   vertex 60 11.439 81.7
  endloop
 endfacet
 facet normal -0.3664928 -0.9304209 0
  outer loop
   vertex 70 0 81.7
   vertex 60 3.939 81.7
   vertex 60 3.939 78.7
  endloop
 endfacet
 facet normal -0.3664928 -0.9304209 -0
  outer loop
   vertex 70 0 81.7
   vertex 60 3.939 78.7
   vertex 70 0 78.7
  endloop
 endfacet
 facet normal 0.3664928 -0.9304209 0
  outer loop
   vertex 60 3.939 78.7
   vertex 60 3.939 81.7
   vertex 50 0 81.7
  endloop
 endfacet
 facet normal 0.3664928 -0.9304209 0
  outer loop
   vertex 60 3.939 78.7
   vertex 50 0 81.7
   vertex 50 0 78.7
  endloop
 endfacet
 facet normal 0.3662511 -0.9305161 0
  outer loop
   vertex 40 -3.75 81.7
   vertex 30 -7.686 81.7
   vertex 40 -3.75 78.7
  endloop
 endfacet
 facet normal 0.3664928 0.9304209 0
  outer loop
   vertex 40 -11.625 78.7
   vertex 30 -7.686 78.7
   vertex 30 -7.686 81.7
  endloop
 endfacet
 facet normal 0.3664928 0.9304209 -0
  outer loop
   vertex 40 -11.625 78.7
   vertex 30 -7.686 81.7
   vertex 40 -11.625 81.7
  endloop
 endfacet
 facet normal -0.3664928 0.9304209 0
  outer loop
   vertex 50 -7.686 78.7
   vertex 40 -11.625 78.7
   vertex 40 -11.625 81.7
  endloop
 endfacet
 facet normal -0.3664928 0.9304209 0
  outer loop
   vertex 50 -7.686 78.7
   vertex 40 -11.625 81.7
   vertex 50 -7.686 81.7
  endloop
 endfacet
 facet normal -0.3662512 0.930516 0
  outer loop
   vertex 70 -15.375 78.7
   vertex 60 -19.311 78.7
   vertex 60 -19.311 81.7
  endloop
 endfacet
 facet normal 0.3662512 0.930516 0
  outer loop
   vertex 60 -19.311 81.7
   vertex 60 -19.311 78.7
   vertex 50 -15.375 78.7
  endloop
 endfacet
 facet normal 0.3662512 0.930516 0
  outer loop
   vertex 60 -19.311 81.7
   vertex 50 -15.375 78.7
   vertex 50 -15.375 81.7
  endloop
 endfacet
 facet normal 0.3664927 0.9304209 0
  outer loop
   vertex 40 -27 78.7
   vertex 30 -23.061 78.7
   vertex 30 -23.061 81.7
  endloop
 endfacet
 facet normal 0.3664927 0.9304209 -0
  outer loop
   vertex 40 -27 78.7
   vertex 30 -23.061 81.7
   vertex 40 -27 81.7
  endloop
 endfacet
 facet normal -0.3664927 0.9304209 0
  outer loop
   vertex 50 -23.061 78.7
   vertex 40 -27 78.7
   vertex 40 -27 81.7
  endloop
 endfacet
 facet normal -0.3664927 0.9304209 0
  outer loop
   vertex 50 -23.061 78.7
   vertex 40 -27 81.7
   vertex 50 -23.061 81.7
  endloop
 endfacet
 facet normal 0.3664928 -0.9304209 0
  outer loop
   vertex 50 -15.375 78.7
   vertex 60 -11.436 78.7
   vertex 50 -15.375 81.7
  endloop
 endfacet
 facet normal 0.3664928 -0.9304209 0
  outer loop
   vertex 60 -11.436 81.7
   vertex 50 -15.375 81.7
   vertex 60 -11.436 78.7
  endloop
 endfacet
 facet normal 0.3662512 -0.930516 0
  outer loop
   vertex 40 -19.125 81.7
   vertex 30 -23.061 81.7
   vertex 40 -19.125 78.7
  endloop
 endfacet
 facet normal -0.3662512 -0.930516 0
  outer loop
   vertex 50 -23.061 81.7
   vertex 40 -19.125 81.7
   vertex 40 -19.125 78.7
  endloop
 endfacet
 facet normal -0.3662512 -0.930516 -0
  outer loop
   vertex 50 -23.061 81.7
   vertex 40 -19.125 78.7
   vertex 50 -23.061 78.7
  endloop
 endfacet
endsolid defender_ep0189_v4_flush_one_piece
